split,seed,target_train_size,mol_id,split_role
scaffold,11,5000,4941,train
scaffold,11,5000,7866,train
scaffold,11,5000,10982,train
scaffold,11,5000,13512,train
scaffold,11,5000,14650,train
scaffold,11,5000,4283,train
scaffold,11,5000,11639,train
scaffold,11,5000,10817,train
scaffold,11,5000,13176,train
scaffold,11,5000,9169,train
scaffold,11,5000,11455,train
scaffold,11,5000,13287,train
scaffold,11,5000,11555,train
scaffold,11,5000,10716,train
scaffold,11,5000,11689,train
scaffold,11,5000,5088,train
scaffold,11,5000,6023,train
scaffold,11,5000,55,train
scaffold,11,5000,1917,train
scaffold,11,5000,11816,train
scaffold,11,5000,2397,train
scaffold,11,5000,9284,train
scaffold,11,5000,845,train
scaffold,11,5000,10145,train
scaffold,11,5000,482,train
scaffold,11,5000,8955,train
scaffold,11,5000,13863,train
scaffold,11,5000,5580,train
scaffold,11,5000,10685,train
scaffold,11,5000,10718,train
scaffold,11,5000,2268,train
scaffold,11,5000,6542,train
scaffold,11,5000,8393,train
scaffold,11,5000,2026,train
scaffold,11,5000,11088,train
scaffold,11,5000,2663,train
scaffold,11,5000,5875,train
scaffold,11,5000,1629,train
scaffold,11,5000,1207,train
scaffold,11,5000,5681,train
scaffold,11,5000,10303,train
scaffold,11,5000,9728,train
scaffold,11,5000,5647,train
scaffold,11,5000,1511,train
scaffold,11,5000,10354,train
scaffold,11,5000,4666,train
scaffold,11,5000,10971,train
scaffold,11,5000,1223,train
scaffold,11,5000,11489,train
scaffold,11,5000,14946,train
scaffold,11,5000,1789,train
scaffold,11,5000,10230,train
scaffold,11,5000,2017,train
scaffold,11,5000,3028,train
scaffold,11,5000,777,train
scaffold,11,5000,3013,train
scaffold,11,5000,14374,train
scaffold,11,5000,10609,train
scaffold,11,5000,11959,train
scaffold,11,5000,2617,train
scaffold,11,5000,8363,train
scaffold,11,5000,8488,train
scaffold,11,5000,2999,train
scaffold,11,5000,11610,train
scaffold,11,5000,10103,train
scaffold,11,5000,4815,train
scaffold,11,5000,2841,train
scaffold,11,5000,4451,train
scaffold,11,5000,8483,train
scaffold,11,5000,8665,train
scaffold,11,5000,6584,train
scaffold,11,5000,2430,train
scaffold,11,5000,4959,train
scaffold,11,5000,9213,train
scaffold,11,5000,10681,train
scaffold,11,5000,1140,train
scaffold,11,5000,11418,train
scaffold,11,5000,7823,train
scaffold,11,5000,14008,train
scaffold,11,5000,14921,train
scaffold,11,5000,7785,train
scaffold,11,5000,9870,train
scaffold,11,5000,691,train
scaffold,11,5000,3348,train
scaffold,11,5000,5384,train
scaffold,11,5000,1380,train
scaffold,11,5000,5080,train
scaffold,11,5000,297,train
scaffold,11,5000,6950,train
scaffold,11,5000,10541,train
scaffold,11,5000,6293,train
scaffold,11,5000,5211,train
scaffold,11,5000,8111,train
scaffold,11,5000,9822,train
scaffold,11,5000,3926,train
scaffold,11,5000,6701,train
scaffold,11,5000,6219,train
scaffold,11,5000,7665,train
scaffold,11,5000,12087,train
scaffold,11,5000,8864,train
scaffold,11,5000,1416,train
scaffold,11,5000,7207,train
scaffold,11,5000,8809,train
scaffold,11,5000,8650,train
scaffold,11,5000,9471,train
scaffold,11,5000,2369,train
scaffold,11,5000,8979,train
scaffold,11,5000,8988,train
scaffold,11,5000,4787,train
scaffold,11,5000,1577,train
scaffold,11,5000,9049,train
scaffold,11,5000,606,train
scaffold,11,5000,12065,train
scaffold,11,5000,10108,train
scaffold,11,5000,5271,train
scaffold,11,5000,275,train
scaffold,11,5000,6441,train
scaffold,11,5000,15231,train
scaffold,11,5000,1703,train
scaffold,11,5000,6427,train
scaffold,11,5000,3085,train
scaffold,11,5000,6695,train
scaffold,11,5000,6328,train
scaffold,11,5000,147,train
scaffold,11,5000,12579,train
scaffold,11,5000,14437,train
scaffold,11,5000,10916,train
scaffold,11,5000,7831,train
scaffold,11,5000,14451,train
scaffold,11,5000,7642,train
scaffold,11,5000,11309,train
scaffold,11,5000,14886,train
scaffold,11,5000,6235,train
scaffold,11,5000,12336,train
scaffold,11,5000,7707,train
scaffold,11,5000,5918,train
scaffold,11,5000,8358,train
scaffold,11,5000,10665,train
scaffold,11,5000,7941,train
scaffold,11,5000,10693,train
scaffold,11,5000,2368,train
scaffold,11,5000,10168,train
scaffold,11,5000,327,train
scaffold,11,5000,11030,train
scaffold,11,5000,42,train
scaffold,11,5000,2254,train
scaffold,11,5000,11235,train
scaffold,11,5000,4405,train
scaffold,11,5000,2806,train
scaffold,11,5000,9979,train
scaffold,11,5000,6865,train
scaffold,11,5000,13746,train
scaffold,11,5000,11908,train
scaffold,11,5000,5427,train
scaffold,11,5000,3500,train
scaffold,11,5000,45,train
scaffold,11,5000,4042,train
scaffold,11,5000,2624,train
scaffold,11,5000,12244,train
scaffold,11,5000,12972,train
scaffold,11,5000,9744,train
scaffold,11,5000,7247,train
scaffold,11,5000,12409,train
scaffold,11,5000,7886,train
scaffold,11,5000,161,train
scaffold,11,5000,4552,train
scaffold,11,5000,8870,train
scaffold,11,5000,4653,train
scaffold,11,5000,10520,train
scaffold,11,5000,14837,train
scaffold,11,5000,13491,train
scaffold,11,5000,3186,train
scaffold,11,5000,11888,train
scaffold,11,5000,5939,train
scaffold,11,5000,1618,train
scaffold,11,5000,915,train
scaffold,11,5000,9682,train
scaffold,11,5000,10703,train
scaffold,11,5000,14219,train
scaffold,11,5000,2697,train
scaffold,11,5000,7888,train
scaffold,11,5000,2468,train
scaffold,11,5000,2808,train
scaffold,11,5000,9438,train
scaffold,11,5000,3051,train
scaffold,11,5000,7754,train
scaffold,11,5000,12364,train
scaffold,11,5000,5944,train
scaffold,11,5000,3655,train
scaffold,11,5000,2323,train
scaffold,11,5000,7603,train
scaffold,11,5000,14838,train
scaffold,11,5000,8258,train
scaffold,11,5000,5199,train
scaffold,11,5000,4611,train
scaffold,11,5000,6477,train
scaffold,11,5000,13651,train
scaffold,11,5000,10836,train
scaffold,11,5000,13534,train
scaffold,11,5000,10966,train
scaffold,11,5000,6604,train
scaffold,11,5000,14957,train
scaffold,11,5000,8061,train
scaffold,11,5000,10926,train
scaffold,11,5000,9981,train
scaffold,11,5000,4272,train
scaffold,11,5000,9530,train
scaffold,11,5000,3164,train
scaffold,11,5000,8089,train
scaffold,11,5000,6778,train
scaffold,11,5000,14062,train
scaffold,11,5000,13484,train
scaffold,11,5000,6312,train
scaffold,11,5000,12466,train
scaffold,11,5000,7067,train
scaffold,11,5000,11583,train
scaffold,11,5000,7371,train
scaffold,11,5000,10604,train
scaffold,11,5000,12420,train
scaffold,11,5000,2005,train
scaffold,11,5000,3979,train
scaffold,11,5000,9407,train
scaffold,11,5000,9162,train
scaffold,11,5000,9322,train
scaffold,11,5000,11537,train
scaffold,11,5000,3149,train
scaffold,11,5000,1867,train
scaffold,11,5000,344,train
scaffold,11,5000,413,train
scaffold,11,5000,3306,train
scaffold,11,5000,5109,train
scaffold,11,5000,9139,train
scaffold,11,5000,13112,train
scaffold,11,5000,4143,train
scaffold,11,5000,3869,train
scaffold,11,5000,11939,train
scaffold,11,5000,3180,train
scaffold,11,5000,10259,train
scaffold,11,5000,12205,train
scaffold,11,5000,12278,train
scaffold,11,5000,5678,train
scaffold,11,5000,8915,train
scaffold,11,5000,13337,train
scaffold,11,5000,14234,train
scaffold,11,5000,8428,train
scaffold,11,5000,2347,train
scaffold,11,5000,7695,train
scaffold,11,5000,12981,train
scaffold,11,5000,2798,train
scaffold,11,5000,3755,train
scaffold,11,5000,4888,train
scaffold,11,5000,6623,train
scaffold,11,5000,325,train
scaffold,11,5000,4785,train
scaffold,11,5000,12983,train
scaffold,11,5000,3036,train
scaffold,11,5000,6830,train
scaffold,11,5000,3339,train
scaffold,11,5000,10222,train
scaffold,11,5000,8476,train
scaffold,11,5000,8463,train
scaffold,11,5000,13655,train
scaffold,11,5000,1977,train
scaffold,11,5000,199,train
scaffold,11,5000,958,train
scaffold,11,5000,14413,train
scaffold,11,5000,4174,train
scaffold,11,5000,4153,train
scaffold,11,5000,6260,train
scaffold,11,5000,12386,train
scaffold,11,5000,11679,train
scaffold,11,5000,12043,train
scaffold,11,5000,5361,train
scaffold,11,5000,6185,train
scaffold,11,5000,11335,train
scaffold,11,5000,6204,train
scaffold,11,5000,6281,train
scaffold,11,5000,5958,train
scaffold,11,5000,8889,train
scaffold,11,5000,4542,train
scaffold,11,5000,8170,train
scaffold,11,5000,8911,train
scaffold,11,5000,14298,train
scaffold,11,5000,13599,train
scaffold,11,5000,7621,train
scaffold,11,5000,3690,train
scaffold,11,5000,14239,train
scaffold,11,5000,5009,train
scaffold,11,5000,9421,train
scaffold,11,5000,8827,train
scaffold,11,5000,2517,train
scaffold,11,5000,3170,train
scaffold,11,5000,10134,train
scaffold,11,5000,11251,train
scaffold,11,5000,1541,train
scaffold,11,5000,14715,train
scaffold,11,5000,5636,train
scaffold,11,5000,5370,train
scaffold,11,5000,2431,train
scaffold,11,5000,11157,train
scaffold,11,5000,5138,train
scaffold,11,5000,1288,train
scaffold,11,5000,14979,train
scaffold,11,5000,8388,train
scaffold,11,5000,14163,train
scaffold,11,5000,7548,train
scaffold,11,5000,7597,train
scaffold,11,5000,5864,train
scaffold,11,5000,12433,train
scaffold,11,5000,9926,train
scaffold,11,5000,10995,train
scaffold,11,5000,10611,train
scaffold,11,5000,1287,train
scaffold,11,5000,3563,train
scaffold,11,5000,15190,train
scaffold,11,5000,4997,train
scaffold,11,5000,237,train
scaffold,11,5000,4639,train
scaffold,11,5000,1768,train
scaffold,11,5000,3896,train
scaffold,11,5000,3332,train
scaffold,11,5000,12602,train
scaffold,11,5000,5328,train
scaffold,11,5000,5445,train
scaffold,11,5000,5423,train
scaffold,11,5000,12314,train
scaffold,11,5000,247,train
scaffold,11,5000,5936,train
scaffold,11,5000,12400,train
scaffold,11,5000,3106,train
scaffold,11,5000,2296,train
scaffold,11,5000,252,train
scaffold,11,5000,604,train
scaffold,11,5000,12826,train
scaffold,11,5000,1112,train
scaffold,11,5000,12126,train
scaffold,11,5000,9769,train
scaffold,11,5000,10095,train
scaffold,11,5000,10970,train
scaffold,11,5000,8546,train
scaffold,11,5000,614,train
scaffold,11,5000,14607,train
scaffold,11,5000,1237,train
scaffold,11,5000,529,train
scaffold,11,5000,8167,train
scaffold,11,5000,13844,train
scaffold,11,5000,15141,train
scaffold,11,5000,7728,train
scaffold,11,5000,10018,train
scaffold,11,5000,14804,train
scaffold,11,5000,7528,train
scaffold,11,5000,9806,train
scaffold,11,5000,3692,train
scaffold,11,5000,7251,train
scaffold,11,5000,12103,train
scaffold,11,5000,854,train
scaffold,11,5000,9038,train
scaffold,11,5000,3874,train
scaffold,11,5000,4631,train
scaffold,11,5000,3022,train
scaffold,11,5000,1486,train
scaffold,11,5000,12312,train
scaffold,11,5000,10114,train
scaffold,11,5000,1832,train
scaffold,11,5000,7045,train
scaffold,11,5000,5848,train
scaffold,11,5000,8448,train
scaffold,11,5000,956,train
scaffold,11,5000,3706,train
scaffold,11,5000,4578,train
scaffold,11,5000,1313,train
scaffold,11,5000,8159,train
scaffold,11,5000,7422,train
scaffold,11,5000,12450,train
scaffold,11,5000,12943,train
scaffold,11,5000,14368,train
scaffold,11,5000,10492,train
scaffold,11,5000,3758,train
scaffold,11,5000,7296,train
scaffold,11,5000,7585,train
scaffold,11,5000,892,train
scaffold,11,5000,4862,train
scaffold,11,5000,12513,train
scaffold,11,5000,7683,train
scaffold,11,5000,2328,train
scaffold,11,5000,12838,train
scaffold,11,5000,2813,train
scaffold,11,5000,13285,train
scaffold,11,5000,3959,train
scaffold,11,5000,2654,train
scaffold,11,5000,7680,train
scaffold,11,5000,2320,train
scaffold,11,5000,10582,train
scaffold,11,5000,9539,train
scaffold,11,5000,3867,train
scaffold,11,5000,8368,train
scaffold,11,5000,7033,train
scaffold,11,5000,12609,train
scaffold,11,5000,7982,train
scaffold,11,5000,1782,train
scaffold,11,5000,11961,train
scaffold,11,5000,6549,train
scaffold,11,5000,13805,train
scaffold,11,5000,10041,train
scaffold,11,5000,881,train
scaffold,11,5000,13630,train
scaffold,11,5000,1922,train
scaffold,11,5000,7869,train
scaffold,11,5000,2809,train
scaffold,11,5000,13110,train
scaffold,11,5000,7813,train
scaffold,11,5000,1209,train
scaffold,11,5000,14394,train
scaffold,11,5000,7861,train
scaffold,11,5000,11378,train
scaffold,11,5000,36,train
scaffold,11,5000,9281,train
scaffold,11,5000,10266,train
scaffold,11,5000,14065,train
scaffold,11,5000,12242,train
scaffold,11,5000,10687,train
scaffold,11,5000,4663,train
scaffold,11,5000,10827,train
scaffold,11,5000,4380,train
scaffold,11,5000,9807,train
scaffold,11,5000,10340,train
scaffold,11,5000,4945,train
scaffold,11,5000,374,train
scaffold,11,5000,12956,train
scaffold,11,5000,2101,train
scaffold,11,5000,2302,train
scaffold,11,5000,9489,train
scaffold,11,5000,248,train
scaffold,11,5000,263,train
scaffold,11,5000,12694,train
scaffold,11,5000,6005,train
scaffold,11,5000,476,train
scaffold,11,5000,2653,train
scaffold,11,5000,9212,train
scaffold,11,5000,14725,train
scaffold,11,5000,114,train
scaffold,11,5000,5534,train
scaffold,11,5000,6294,train
scaffold,11,5000,2235,train
scaffold,11,5000,1448,train
scaffold,11,5000,437,train
scaffold,11,5000,13932,train
scaffold,11,5000,7407,train
scaffold,11,5000,2059,train
scaffold,11,5000,6463,train
scaffold,11,5000,2936,train
scaffold,11,5000,3190,train
scaffold,11,5000,13614,train
scaffold,11,5000,513,train
scaffold,11,5000,13693,train
scaffold,11,5000,7293,train
scaffold,11,5000,11567,train
scaffold,11,5000,13260,train
scaffold,11,5000,12737,train
scaffold,11,5000,5334,train
scaffold,11,5000,13669,train
scaffold,11,5000,5066,train
scaffold,11,5000,4239,train
scaffold,11,5000,13624,train
scaffold,11,5000,1767,train
scaffold,11,5000,12700,train
scaffold,11,5000,13598,train
scaffold,11,5000,11808,train
scaffold,11,5000,4961,train
scaffold,11,5000,8468,train
scaffold,11,5000,7461,train
scaffold,11,5000,579,train
scaffold,11,5000,3090,train
scaffold,11,5000,5266,train
scaffold,11,5000,12988,train
scaffold,11,5000,5165,train
scaffold,11,5000,9694,train
scaffold,11,5000,5533,train
scaffold,11,5000,1131,train
scaffold,11,5000,10784,train
scaffold,11,5000,5469,train
scaffold,11,5000,12150,train
scaffold,11,5000,9026,train
scaffold,11,5000,8063,train
scaffold,11,5000,5044,train
scaffold,11,5000,14675,train
scaffold,11,5000,13359,train
scaffold,11,5000,4231,train
scaffold,11,5000,10350,train
scaffold,11,5000,10344,train
scaffold,11,5000,13984,train
scaffold,11,5000,10100,train
scaffold,11,5000,13254,train
scaffold,11,5000,9522,train
scaffold,11,5000,6918,train
scaffold,11,5000,13401,train
scaffold,11,5000,8402,train
scaffold,11,5000,6800,train
scaffold,11,5000,13927,train
scaffold,11,5000,11866,train
scaffold,11,5000,6144,train
scaffold,11,5000,7280,train
scaffold,11,5000,7441,train
scaffold,11,5000,3487,train
scaffold,11,5000,11942,train
scaffold,11,5000,1453,train
scaffold,11,5000,10522,train
scaffold,11,5000,282,train
scaffold,11,5000,13698,train
scaffold,11,5000,2696,train
scaffold,11,5000,13393,train
scaffold,11,5000,9805,train
scaffold,11,5000,2560,train
scaffold,11,5000,14879,train
scaffold,11,5000,5472,train
scaffold,11,5000,7666,train
scaffold,11,5000,2385,train
scaffold,11,5000,1512,train
scaffold,11,5000,8879,train
scaffold,11,5000,2529,train
scaffold,11,5000,4343,train
scaffold,11,5000,14154,train
scaffold,11,5000,3526,train
scaffold,11,5000,2228,train
scaffold,11,5000,313,train
scaffold,11,5000,6466,train
scaffold,11,5000,12607,train
scaffold,11,5000,7136,train
scaffold,11,5000,12241,train
scaffold,11,5000,2074,train
scaffold,11,5000,8147,train
scaffold,11,5000,2414,train
scaffold,11,5000,12175,train
scaffold,11,5000,14034,train
scaffold,11,5000,9476,train
scaffold,11,5000,6468,train
scaffold,11,5000,2547,train
scaffold,11,5000,9156,train
scaffold,11,5000,1660,train
scaffold,11,5000,245,train
scaffold,11,5000,13533,train
scaffold,11,5000,3510,train
scaffold,11,5000,8860,train
scaffold,11,5000,6105,train
scaffold,11,5000,2785,train
scaffold,11,5000,14642,train
scaffold,11,5000,6160,train
scaffold,11,5000,8245,train
scaffold,11,5000,10900,train
scaffold,11,5000,2482,train
scaffold,11,5000,2223,train
scaffold,11,5000,6335,train
scaffold,11,5000,9427,train
scaffold,11,5000,10001,train
scaffold,11,5000,10862,train
scaffold,11,5000,9165,train
scaffold,11,5000,6390,train
scaffold,11,5000,13838,train
scaffold,11,5000,11180,train
scaffold,11,5000,4580,train
scaffold,11,5000,6945,train
scaffold,11,5000,10379,train
scaffold,11,5000,11456,train
scaffold,11,5000,8039,train
scaffold,11,5000,6664,train
scaffold,11,5000,4031,train
scaffold,11,5000,1951,train
scaffold,11,5000,3105,train
scaffold,11,5000,9032,train
scaffold,11,5000,1880,train
scaffold,11,5000,11989,train
scaffold,11,5000,4994,train
scaffold,11,5000,12345,train
scaffold,11,5000,6097,train
scaffold,11,5000,13806,train
scaffold,11,5000,12340,train
scaffold,11,5000,12915,train
scaffold,11,5000,7496,train
scaffold,11,5000,13084,train
scaffold,11,5000,345,train
scaffold,11,5000,11903,train
scaffold,11,5000,11304,train
scaffold,11,5000,7452,train
scaffold,11,5000,7197,train
scaffold,11,5000,1557,train
scaffold,11,5000,13125,train
scaffold,11,5000,3883,train
scaffold,11,5000,479,train
scaffold,11,5000,6066,train
scaffold,11,5000,11071,train
scaffold,11,5000,10423,train
scaffold,11,5000,14389,train
scaffold,11,5000,13047,train
scaffold,11,5000,9227,train
scaffold,11,5000,8976,train
scaffold,11,5000,13256,train
scaffold,11,5000,2093,train
scaffold,11,5000,2364,train
scaffold,11,5000,12792,train
scaffold,11,5000,3000,train
scaffold,11,5000,4351,train
scaffold,11,5000,10021,train
scaffold,11,5000,14053,train
scaffold,11,5000,11782,train
scaffold,11,5000,139,train
scaffold,11,5000,10544,train
scaffold,11,5000,9810,train
scaffold,11,5000,5758,train
scaffold,11,5000,585,train
scaffold,11,5000,1171,train
scaffold,11,5000,1957,train
scaffold,11,5000,11498,train
scaffold,11,5000,2852,train
scaffold,11,5000,15034,train
scaffold,11,5000,3582,train
scaffold,11,5000,1581,train
scaffold,11,5000,9077,train
scaffold,11,5000,13507,train
scaffold,11,5000,10758,train
scaffold,11,5000,8189,train
scaffold,11,5000,10345,train
scaffold,11,5000,9157,train
scaffold,11,5000,13082,train
scaffold,11,5000,6401,train
scaffold,11,5000,3559,train
scaffold,11,5000,11005,train
scaffold,11,5000,15042,train
scaffold,11,5000,13344,train
scaffold,11,5000,2239,train
scaffold,11,5000,14203,train
scaffold,11,5000,6526,train
scaffold,11,5000,6069,train
scaffold,11,5000,13119,train
scaffold,11,5000,6621,train
scaffold,11,5000,8019,train
scaffold,11,5000,3923,train
scaffold,11,5000,9349,train
scaffold,11,5000,603,train
scaffold,11,5000,2216,train
scaffold,11,5000,11387,train
scaffold,11,5000,2469,train
scaffold,11,5000,6680,train
scaffold,11,5000,12927,train
scaffold,11,5000,10488,train
scaffold,11,5000,5093,train
scaffold,11,5000,10935,train
scaffold,11,5000,7663,train
scaffold,11,5000,9863,train
scaffold,11,5000,13826,train
scaffold,11,5000,7419,train
scaffold,11,5000,5802,train
scaffold,11,5000,4838,train
scaffold,11,5000,11348,train
scaffold,11,5000,13378,train
scaffold,11,5000,404,train
scaffold,11,5000,14155,train
scaffold,11,5000,2503,train
scaffold,11,5000,11411,train
scaffold,11,5000,12552,train
scaffold,11,5000,13781,train
scaffold,11,5000,5079,train
scaffold,11,5000,4718,train
scaffold,11,5000,1182,train
scaffold,11,5000,2338,train
scaffold,11,5000,10309,train
scaffold,11,5000,15067,train
scaffold,11,5000,15169,train
scaffold,11,5000,5180,train
scaffold,11,5000,9435,train
scaffold,11,5000,2124,train
scaffold,11,5000,9578,train
scaffold,11,5000,170,train
scaffold,11,5000,12139,train
scaffold,11,5000,2689,train
scaffold,11,5000,10989,train
scaffold,11,5000,3177,train
scaffold,11,5000,4197,train
scaffold,11,5000,470,train
scaffold,11,5000,9545,train
scaffold,11,5000,12083,train
scaffold,11,5000,13022,train
scaffold,11,5000,3693,train
scaffold,11,5000,13012,train
scaffold,11,5000,7007,train
scaffold,11,5000,7192,train
scaffold,11,5000,10020,train
scaffold,11,5000,3687,train
scaffold,11,5000,5482,train
scaffold,11,5000,2447,train
scaffold,11,5000,3450,train
scaffold,11,5000,3801,train
scaffold,11,5000,7246,train
scaffold,11,5000,14315,train
scaffold,11,5000,11494,train
scaffold,11,5000,12485,train
scaffold,11,5000,5902,train
scaffold,11,5000,12395,train
scaffold,11,5000,6898,train
scaffold,11,5000,10262,train
scaffold,11,5000,9865,train
scaffold,11,5000,10613,train
scaffold,11,5000,11905,train
scaffold,11,5000,13817,train
scaffold,11,5000,11521,train
scaffold,11,5000,2133,train
scaffold,11,5000,6806,train
scaffold,11,5000,8243,train
scaffold,11,5000,10136,train
scaffold,11,5000,13609,train
scaffold,11,5000,8454,train
scaffold,11,5000,7641,train
scaffold,11,5000,4721,train
scaffold,11,5000,187,train
scaffold,11,5000,9761,train
scaffold,11,5000,10615,train
scaffold,11,5000,10118,train
scaffold,11,5000,351,train
scaffold,11,5000,8180,train
scaffold,11,5000,1847,train
scaffold,11,5000,7120,train
scaffold,11,5000,1146,train
scaffold,11,5000,8324,train
scaffold,11,5000,4062,train
scaffold,11,5000,11760,train
scaffold,11,5000,6407,train
scaffold,11,5000,6476,train
scaffold,11,5000,5500,train
scaffold,11,5000,311,train
scaffold,11,5000,5782,train
scaffold,11,5000,14846,train
scaffold,11,5000,13139,train
scaffold,11,5000,1905,train
scaffold,11,5000,6152,train
scaffold,11,5000,709,train
scaffold,11,5000,7340,train
scaffold,11,5000,942,train
scaffold,11,5000,887,train
scaffold,11,5000,6051,train
scaffold,11,5000,2303,train
scaffold,11,5000,9102,train
scaffold,11,5000,433,train
scaffold,11,5000,770,train
scaffold,11,5000,7149,train
scaffold,11,5000,4537,train
scaffold,11,5000,14157,train
scaffold,11,5000,10560,train
scaffold,11,5000,3117,train
scaffold,11,5000,14260,train
scaffold,11,5000,5292,train
scaffold,11,5000,6211,train
scaffold,11,5000,10712,train
scaffold,11,5000,1208,train
scaffold,11,5000,5149,train
scaffold,11,5000,9915,train
scaffold,11,5000,12390,train
scaffold,11,5000,11172,train
scaffold,11,5000,2934,train
scaffold,11,5000,914,train
scaffold,11,5000,3898,train
scaffold,11,5000,5884,train
scaffold,11,5000,13463,train
scaffold,11,5000,5325,train
scaffold,11,5000,7892,train
scaffold,11,5000,1494,train
scaffold,11,5000,9073,train
scaffold,11,5000,6548,train
scaffold,11,5000,9657,train
scaffold,11,5000,8878,train
scaffold,11,5000,8072,train
scaffold,11,5000,13215,train
scaffold,11,5000,6369,train
scaffold,11,5000,4392,train
scaffold,11,5000,8500,train
scaffold,11,5000,9358,train
scaffold,11,5000,3971,train
scaffold,11,5000,11434,train
scaffold,11,5000,3768,train
scaffold,11,5000,4094,train
scaffold,11,5000,4782,train
scaffold,11,5000,11721,train
scaffold,11,5000,6601,train
scaffold,11,5000,4702,train
scaffold,11,5000,1841,train
scaffold,11,5000,7300,train
scaffold,11,5000,12699,train
scaffold,11,5000,12060,train
scaffold,11,5000,14424,train
scaffold,11,5000,3108,train
scaffold,11,5000,5659,train
scaffold,11,5000,14657,train
scaffold,11,5000,12211,train
scaffold,11,5000,8015,train
scaffold,11,5000,13891,train
scaffold,11,5000,12228,train
scaffold,11,5000,8326,train
scaffold,11,5000,12051,train
scaffold,11,5000,1942,train
scaffold,11,5000,8071,train
scaffold,11,5000,14442,train
scaffold,11,5000,4453,train
scaffold,11,5000,5512,train
scaffold,11,5000,10363,train
scaffold,11,5000,12601,train
scaffold,11,5000,3350,train
scaffold,11,5000,8300,train
scaffold,11,5000,3856,train
scaffold,11,5000,14967,train
scaffold,11,5000,4384,train
scaffold,11,5000,11992,train
scaffold,11,5000,14415,train
scaffold,11,5000,451,train
scaffold,11,5000,12288,train
scaffold,11,5000,12751,train
scaffold,11,5000,9789,train
scaffold,11,5000,3127,train
scaffold,11,5000,7984,train
scaffold,11,5000,12394,train
scaffold,11,5000,5176,train
scaffold,11,5000,1098,train
scaffold,11,5000,3978,train
scaffold,11,5000,11511,train
scaffold,11,5000,11675,train
scaffold,11,5000,3579,train
scaffold,11,5000,1697,train
scaffold,11,5000,2501,train
scaffold,11,5000,14506,train
scaffold,11,5000,621,train
scaffold,11,5000,10366,train
scaffold,11,5000,10704,train
scaffold,11,5000,6862,train
scaffold,11,5000,3716,train
scaffold,11,5000,2642,train
scaffold,11,5000,4581,train
scaffold,11,5000,7435,train
scaffold,11,5000,13296,train
scaffold,11,5000,2475,train
scaffold,11,5000,9607,train
scaffold,11,5000,681,train
scaffold,11,5000,2583,train
scaffold,11,5000,3593,train
scaffold,11,5000,13607,train
scaffold,11,5000,10396,train
scaffold,11,5000,8697,train
scaffold,11,5000,2891,train
scaffold,11,5000,12557,train
scaffold,11,5000,7011,train
scaffold,11,5000,6628,train
scaffold,11,5000,10000,train
scaffold,11,5000,9547,train
scaffold,11,5000,13495,train
scaffold,11,5000,2576,train
scaffold,11,5000,2600,train
scaffold,11,5000,10126,train
scaffold,11,5000,7717,train
scaffold,11,5000,14191,train
scaffold,11,5000,7564,train
scaffold,11,5000,6205,train
scaffold,11,5000,1082,train
scaffold,11,5000,13267,train
scaffold,11,5000,1230,train
scaffold,11,5000,9203,train
scaffold,11,5000,731,train
scaffold,11,5000,7230,train
scaffold,11,5000,11092,train
scaffold,11,5000,1459,train
scaffold,11,5000,12783,train
scaffold,11,5000,2242,train
scaffold,11,5000,9988,train
scaffold,11,5000,2339,train
scaffold,11,5000,7572,train
scaffold,11,5000,10467,train
scaffold,11,5000,7934,train
scaffold,11,5000,12435,train
scaffold,11,5000,7338,train
scaffold,11,5000,4719,train
scaffold,11,5000,6724,train
scaffold,11,5000,9598,train
scaffold,11,5000,5608,train
scaffold,11,5000,6122,train
scaffold,11,5000,13993,train
scaffold,11,5000,2398,train
scaffold,11,5000,6968,train
scaffold,11,5000,4518,train
scaffold,11,5000,7316,train
scaffold,11,5000,14742,train
scaffold,11,5000,717,train
scaffold,11,5000,4110,train
scaffold,11,5000,13952,train
scaffold,11,5000,11026,train
scaffold,11,5000,10294,train
scaffold,11,5000,11001,train
scaffold,11,5000,9331,train
scaffold,11,5000,8586,train
scaffold,11,5000,8504,train
scaffold,11,5000,14024,train
scaffold,11,5000,10184,train
scaffold,11,5000,13509,train
scaffold,11,5000,7555,train
scaffold,11,5000,474,train
scaffold,11,5000,10479,train
scaffold,11,5000,13672,train
scaffold,11,5000,11097,train
scaffold,11,5000,15056,train
scaffold,11,5000,9001,train
scaffold,11,5000,5214,train
scaffold,11,5000,2951,train
scaffold,11,5000,9881,train
scaffold,11,5000,9276,train
scaffold,11,5000,13859,train
scaffold,11,5000,11400,train
scaffold,11,5000,6070,train
scaffold,11,5000,1221,train
scaffold,11,5000,3195,train
scaffold,11,5000,9848,train
scaffold,11,5000,7569,train
scaffold,11,5000,14771,train
scaffold,11,5000,1923,train
scaffold,11,5000,4634,train
scaffold,11,5000,5154,train
scaffold,11,5000,13211,train
scaffold,11,5000,7126,train
scaffold,11,5000,8336,train
scaffold,11,5000,3026,train
scaffold,11,5000,14252,train
scaffold,11,5000,1007,train
scaffold,11,5000,12834,train
scaffold,11,5000,5354,train
scaffold,11,5000,7772,train
scaffold,11,5000,5756,train
scaffold,11,5000,11037,train
scaffold,11,5000,13303,train
scaffold,11,5000,6166,train
scaffold,11,5000,12024,train
scaffold,11,5000,10603,train
scaffold,11,5000,7718,train
scaffold,11,5000,2297,train
scaffold,11,5000,11273,train
scaffold,11,5000,8718,train
scaffold,11,5000,13872,train
scaffold,11,5000,5169,train
scaffold,11,5000,7065,train
scaffold,11,5000,6797,train
scaffold,11,5000,4978,train
scaffold,11,5000,690,train
scaffold,11,5000,10948,train
scaffold,11,5000,928,train
scaffold,11,5000,3240,train
scaffold,11,5000,14707,train
scaffold,11,5000,87,train
scaffold,11,5000,6518,train
scaffold,11,5000,3837,train
scaffold,11,5000,4122,train
scaffold,11,5000,11203,train
scaffold,11,5000,13787,train
scaffold,11,5000,927,train
scaffold,11,5000,9889,train
scaffold,11,5000,10672,train
scaffold,11,5000,13709,train
scaffold,11,5000,8422,train
scaffold,11,5000,2498,train
scaffold,11,5000,1745,train
scaffold,11,5000,4991,train
scaffold,11,5000,7542,train
scaffold,11,5000,6381,train
scaffold,11,5000,12109,train
scaffold,11,5000,38,train
scaffold,11,5000,3629,train
scaffold,11,5000,11319,train
scaffold,11,5000,10676,train
scaffold,11,5000,12651,train
scaffold,11,5000,4796,train
scaffold,11,5000,7714,train
scaffold,11,5000,4734,train
scaffold,11,5000,13569,train
scaffold,11,5000,8532,train
scaffold,11,5000,11122,train
scaffold,11,5000,1239,train
scaffold,11,5000,7995,train
scaffold,11,5000,3039,train
scaffold,11,5000,1669,train
scaffold,11,5000,3635,train
scaffold,11,5000,14943,train
scaffold,11,5000,14789,train
scaffold,11,5000,8267,train
scaffold,11,5000,917,train
scaffold,11,5000,9628,train
scaffold,11,5000,4053,train
scaffold,11,5000,2035,train
scaffold,11,5000,9292,train
scaffold,11,5000,9271,train
scaffold,11,5000,6583,train
scaffold,11,5000,6912,train
scaffold,11,5000,14783,train
scaffold,11,5000,9023,train
scaffold,11,5000,2031,train
scaffold,11,5000,4830,train
scaffold,11,5000,15080,train
scaffold,11,5000,1700,train
scaffold,11,5000,7455,train
scaffold,11,5000,4209,train
scaffold,11,5000,8715,train
scaffold,11,5000,332,train
scaffold,11,5000,10612,train
scaffold,11,5000,13033,train
scaffold,11,5000,14150,train
scaffold,11,5000,8279,train
scaffold,11,5000,12105,train
scaffold,11,5000,6238,train
scaffold,11,5000,7471,train
scaffold,11,5000,5790,train
scaffold,11,5000,6255,train
scaffold,11,5000,4337,train
scaffold,11,5000,10442,train
scaffold,11,5000,5673,train
scaffold,11,5000,3571,train
scaffold,11,5000,7349,train
scaffold,11,5000,3676,train
scaffold,11,5000,11662,train
scaffold,11,5000,13081,train
scaffold,11,5000,174,train
scaffold,11,5000,1222,train
scaffold,11,5000,4162,train
scaffold,11,5000,8647,train
scaffold,11,5000,6519,train
scaffold,11,5000,5654,train
scaffold,11,5000,9186,train
scaffold,11,5000,3319,train
scaffold,11,5000,3493,train
scaffold,11,5000,4429,train
scaffold,11,5000,10093,train
scaffold,11,5000,7287,train
scaffold,11,5000,6936,train
scaffold,11,5000,2292,train
scaffold,11,5000,15177,train
scaffold,11,5000,11043,train
scaffold,11,5000,5315,train
scaffold,11,5000,1777,train
scaffold,11,5000,4359,train
scaffold,11,5000,7070,train
scaffold,11,5000,4870,train
scaffold,11,5000,14641,train
scaffold,11,5000,3982,train
scaffold,11,5000,14185,train
scaffold,11,5000,1714,train
scaffold,11,5000,9866,train
scaffold,11,5000,12991,train
scaffold,11,5000,3448,train
scaffold,11,5000,7534,train
scaffold,11,5000,9315,train
scaffold,11,5000,11318,train
scaffold,11,5000,9759,train
scaffold,11,5000,11641,train
scaffold,11,5000,11996,train
scaffold,11,5000,4266,train
scaffold,11,5000,1219,train
scaffold,11,5000,518,train
scaffold,11,5000,6222,train
scaffold,11,5000,12303,train
scaffold,11,5000,3098,train
scaffold,11,5000,8126,train
scaffold,11,5000,163,train
scaffold,11,5000,4832,train
scaffold,11,5000,9571,train
scaffold,11,5000,8134,train
scaffold,11,5000,13536,train
scaffold,11,5000,8727,train
scaffold,11,5000,4,train
scaffold,11,5000,877,train
scaffold,11,5000,8871,train
scaffold,11,5000,67,train
scaffold,11,5000,4186,train
scaffold,11,5000,3920,train
scaffold,11,5000,9925,train
scaffold,11,5000,7702,train
scaffold,11,5000,14994,train
scaffold,11,5000,1627,train
scaffold,11,5000,8248,train
scaffold,11,5000,7466,train
scaffold,11,5000,9109,train
scaffold,11,5000,3238,train
scaffold,11,5000,12710,train
scaffold,11,5000,2584,train
scaffold,11,5000,6149,train
scaffold,11,5000,7937,train
scaffold,11,5000,8296,train
scaffold,11,5000,10451,train
scaffold,11,5000,11685,train
scaffold,11,5000,2454,train
scaffold,11,5000,8835,train
scaffold,11,5000,7355,train
scaffold,11,5000,3917,train
scaffold,11,5000,14133,train
scaffold,11,5000,561,train
scaffold,11,5000,10216,train
scaffold,11,5000,3270,train
scaffold,11,5000,11007,train
scaffold,11,5000,10215,train
scaffold,11,5000,1967,train
scaffold,11,5000,6972,train
scaffold,11,5000,13600,train
scaffold,11,5000,7989,train
scaffold,11,5000,10919,train
scaffold,11,5000,7936,train
scaffold,11,5000,12881,train
scaffold,11,5000,1921,train
scaffold,11,5000,11362,train
scaffold,11,5000,10649,train
scaffold,11,5000,1323,train
scaffold,11,5000,8869,train
scaffold,11,5000,5422,train
scaffold,11,5000,12760,train
scaffold,11,5000,14781,train
scaffold,11,5000,7298,train
scaffold,11,5000,12960,train
scaffold,11,5000,5450,train
scaffold,11,5000,2393,train
scaffold,11,5000,13549,train
scaffold,11,5000,13656,train
scaffold,11,5000,9897,train
scaffold,11,5000,11317,train
scaffold,11,5000,14328,train
scaffold,11,5000,6347,train
scaffold,11,5000,6611,train
scaffold,11,5000,3062,train
scaffold,11,5000,12173,train
scaffold,11,5000,8631,train
scaffold,11,5000,13405,train
scaffold,11,5000,3887,train
scaffold,11,5000,555,train
scaffold,11,5000,4965,train
scaffold,11,5000,323,train
scaffold,11,5000,1478,train
scaffold,11,5000,12778,train
scaffold,11,5000,13090,train
scaffold,11,5000,865,train
scaffold,11,5000,2874,train
scaffold,11,5000,13743,train
scaffold,11,5000,13154,train
scaffold,11,5000,9319,train
scaffold,11,5000,11365,train
scaffold,11,5000,14981,train
scaffold,11,5000,273,train
scaffold,11,5000,7262,train
scaffold,11,5000,6939,train
scaffold,11,5000,1958,train
scaffold,11,5000,10212,train
scaffold,11,5000,8531,train
scaffold,11,5000,10726,train
scaffold,11,5000,11544,train
scaffold,11,5000,11845,train
scaffold,11,5000,2083,train
scaffold,11,5000,13016,train
scaffold,11,5000,11281,train
scaffold,11,5000,13164,train
scaffold,11,5000,2682,train
scaffold,11,5000,11525,train
scaffold,11,5000,1776,train
scaffold,11,5000,2824,train
scaffold,11,5000,13825,train
scaffold,11,5000,586,train
scaffold,11,5000,1268,train
scaffold,11,5000,11167,train
scaffold,11,5000,5949,train
scaffold,11,5000,8073,train
scaffold,11,5000,9510,train
scaffold,11,5000,1202,train
scaffold,11,5000,7997,train
scaffold,11,5000,9199,train
scaffold,11,5000,1111,train
scaffold,11,5000,7724,train
scaffold,11,5000,6723,train
scaffold,11,5000,1184,train
scaffold,11,5000,1308,train
scaffold,11,5000,10661,train
scaffold,11,5000,8584,train
scaffold,11,5000,6279,train
scaffold,11,5000,1495,train
scaffold,11,5000,888,train
scaffold,11,5000,9016,train
scaffold,11,5000,15024,train
scaffold,11,5000,14068,train
scaffold,11,5000,7885,train
scaffold,11,5000,6037,train
scaffold,11,5000,1516,train
scaffold,11,5000,1970,train
scaffold,11,5000,7288,train
scaffold,11,5000,8403,train
scaffold,11,5000,2694,train
scaffold,11,5000,431,train
scaffold,11,5000,506,train
scaffold,11,5000,499,train
scaffold,11,5000,7743,train
scaffold,11,5000,6687,train
scaffold,11,5000,5600,train
scaffold,11,5000,14850,train
scaffold,11,5000,2925,train
scaffold,11,5000,14953,train
scaffold,11,5000,11484,train
scaffold,11,5000,6437,train
scaffold,11,5000,7529,train
scaffold,11,5000,8934,train
scaffold,11,5000,11156,train
scaffold,11,5000,4342,train
scaffold,11,5000,3653,train
scaffold,11,5000,6319,train
scaffold,11,5000,4086,train
scaffold,11,5000,9990,train
scaffold,11,5000,14888,train
scaffold,11,5000,4963,train
scaffold,11,5000,385,train
scaffold,11,5000,5761,train
scaffold,11,5000,10224,train
scaffold,11,5000,7221,train
scaffold,11,5000,5561,train
scaffold,11,5000,3005,train
scaffold,11,5000,10139,train
scaffold,11,5000,209,train
scaffold,11,5000,10172,train
scaffold,11,5000,11134,train
scaffold,11,5000,655,train
scaffold,11,5000,1330,train
scaffold,11,5000,11901,train
scaffold,11,5000,12786,train
scaffold,11,5000,5786,train
scaffold,11,5000,13448,train
scaffold,11,5000,4526,train
scaffold,11,5000,14876,train
scaffold,11,5000,7698,train
scaffold,11,5000,12571,train
scaffold,11,5000,8420,train
scaffold,11,5000,8069,train
scaffold,11,5000,7194,train
scaffold,11,5000,11008,train
scaffold,11,5000,2537,train
scaffold,11,5000,11601,train
scaffold,11,5000,11223,train
scaffold,11,5000,4362,train
scaffold,11,5000,10015,train
scaffold,11,5000,7133,train
scaffold,11,5000,5086,train
scaffold,11,5000,7659,train
scaffold,11,5000,8014,train
scaffold,11,5000,4762,train
scaffold,11,5000,3294,train
scaffold,11,5000,11087,train
scaffold,11,5000,372,train
scaffold,11,5000,1855,train
scaffold,11,5000,6203,train
scaffold,11,5000,13894,train
scaffold,11,5000,6413,train
scaffold,11,5000,15114,train
scaffold,11,5000,1327,train
scaffold,11,5000,1244,train
scaffold,11,5000,14653,train
scaffold,11,5000,5803,train
scaffold,11,5000,2648,train
scaffold,11,5000,6375,train
scaffold,11,5000,10102,train
scaffold,11,5000,4492,train
scaffold,11,5000,4183,train
scaffold,11,5000,14643,train
scaffold,11,5000,9646,train
scaffold,11,5000,5128,train
scaffold,11,5000,2681,train
scaffold,11,5000,14535,train
scaffold,11,5000,14624,train
scaffold,11,5000,6295,train
scaffold,11,5000,11044,train
scaffold,11,5000,10531,train
scaffold,11,5000,126,train
scaffold,11,5000,7821,train
scaffold,11,5000,1181,train
scaffold,11,5000,11163,train
scaffold,11,5000,3752,train
scaffold,11,5000,8920,train
scaffold,11,5000,8801,train
scaffold,11,5000,13813,train
scaffold,11,5000,2858,train
scaffold,11,5000,3669,train
scaffold,11,5000,9013,train
scaffold,11,5000,2206,train
scaffold,11,5000,4402,train
scaffold,11,5000,10116,train
scaffold,11,5000,3189,train
scaffold,11,5000,8298,train
scaffold,11,5000,8036,train
scaffold,11,5000,11877,train
scaffold,11,5000,2056,train
scaffold,11,5000,11350,train
scaffold,11,5000,4670,train
scaffold,11,5000,8127,train
scaffold,11,5000,4322,train
scaffold,11,5000,556,train
scaffold,11,5000,11302,train
scaffold,11,5000,954,train
scaffold,11,5000,9004,train
scaffold,11,5000,403,train
scaffold,11,5000,6194,train
scaffold,11,5000,113,train
scaffold,11,5000,11208,train
scaffold,11,5000,6117,train
scaffold,11,5000,1526,train
scaffold,11,5000,5285,train
scaffold,11,5000,3302,train
scaffold,11,5000,961,train
scaffold,11,5000,7931,train
scaffold,11,5000,14589,train
scaffold,11,5000,15200,train
scaffold,11,5000,7258,train
scaffold,11,5000,6320,train
scaffold,11,5000,14407,train
scaffold,11,5000,11855,train
scaffold,11,5000,10280,train
scaffold,11,5000,10936,train
scaffold,11,5000,2049,train
scaffold,11,5000,1837,train
scaffold,11,5000,9956,train
scaffold,11,5000,4234,train
scaffold,11,5000,2003,train
scaffold,11,5000,10014,train
scaffold,11,5000,798,train
scaffold,11,5000,9773,train
scaffold,11,5000,3442,train
scaffold,11,5000,6272,train
scaffold,11,5000,4619,train
scaffold,11,5000,12309,train
scaffold,11,5000,981,train
scaffold,11,5000,3103,train
scaffold,11,5000,14502,train
scaffold,11,5000,1914,train
scaffold,11,5000,8375,train
scaffold,11,5000,5175,train
scaffold,11,5000,294,train
scaffold,11,5000,241,train
scaffold,11,5000,1204,train
scaffold,11,5000,8192,train
scaffold,11,5000,1491,train
scaffold,11,5000,7400,train
scaffold,11,5000,12081,train
scaffold,11,5000,9367,train
scaffold,11,5000,6140,train
scaffold,11,5000,2704,train
scaffold,11,5000,2114,train
scaffold,11,5000,3182,train
scaffold,11,5000,5068,train
scaffold,11,5000,10805,train
scaffold,11,5000,11440,train
scaffold,11,5000,8722,train
scaffold,11,5000,9152,train
scaffold,11,5000,11406,train
scaffold,11,5000,11523,train
scaffold,11,5000,11910,train
scaffold,11,5000,4620,train
scaffold,11,5000,13924,train
scaffold,11,5000,3586,train
scaffold,11,5000,1589,train
scaffold,11,5000,10600,train
scaffold,11,5000,15188,train
scaffold,11,5000,2980,train
scaffold,11,5000,8624,train
scaffold,11,5000,2787,train
scaffold,11,5000,9934,train
scaffold,11,5000,3396,train
scaffold,11,5000,5631,train
scaffold,11,5000,9402,train
scaffold,11,5000,14960,train
scaffold,11,5000,5969,train
scaffold,11,5000,2184,train
scaffold,11,5000,1706,train
scaffold,11,5000,14563,train
scaffold,11,5000,12692,train
scaffold,11,5000,3841,train
scaffold,11,5000,1238,train
scaffold,11,5000,2290,train
scaffold,11,5000,1272,train
scaffold,11,5000,2754,train
scaffold,11,5000,2597,train
scaffold,11,5000,7092,train
scaffold,11,5000,7863,train
scaffold,11,5000,5666,train
scaffold,11,5000,1639,train
scaffold,11,5000,7151,train
scaffold,11,5000,13281,train
scaffold,11,5000,3021,train
scaffold,11,5000,13141,train
scaffold,11,5000,7734,train
scaffold,11,5000,3981,train
scaffold,11,5000,10741,train
scaffold,11,5000,3288,train
scaffold,11,5000,12464,train
scaffold,11,5000,7424,train
scaffold,11,5000,4448,train
scaffold,11,5000,12825,train
scaffold,11,5000,8897,train
scaffold,11,5000,737,train
scaffold,11,5000,493,train
scaffold,11,5000,7962,train
scaffold,11,5000,14861,train
scaffold,11,5000,2535,train
scaffold,11,5000,12924,train
scaffold,11,5000,769,train
scaffold,11,5000,227,train
scaffold,11,5000,910,train
scaffold,11,5000,5442,train
scaffold,11,5000,8423,train
scaffold,11,5000,4545,train
scaffold,11,5000,183,train
scaffold,11,5000,10080,train
scaffold,11,5000,6015,train
scaffold,11,5000,9321,train
scaffold,11,5000,2720,train
scaffold,11,5000,4831,train
scaffold,11,5000,11475,train
scaffold,11,5000,7670,train
scaffold,11,5000,3307,train
scaffold,11,5000,11694,train
scaffold,11,5000,6917,train
scaffold,11,5000,652,train
scaffold,11,5000,6214,train
scaffold,11,5000,5248,train
scaffold,11,5000,3956,train
scaffold,11,5000,13878,train
scaffold,11,5000,11099,train
scaffold,11,5000,10231,train
scaffold,11,5000,11095,train
scaffold,11,5000,11031,train
scaffold,11,5000,1694,train
scaffold,11,5000,13297,train
scaffold,11,5000,1463,train
scaffold,11,5000,3271,train
scaffold,11,5000,12932,train
scaffold,11,5000,10575,train
scaffold,11,5000,11670,train
scaffold,11,5000,8758,train
scaffold,11,5000,12537,train
scaffold,11,5000,15162,train
scaffold,11,5000,14005,train
scaffold,11,5000,13788,train
scaffold,11,5000,14910,train
scaffold,11,5000,8906,train
scaffold,11,5000,7500,train
scaffold,11,5000,5144,train
scaffold,11,5000,57,train
scaffold,11,5000,2885,train
scaffold,11,5000,4678,train
scaffold,11,5000,6282,train
scaffold,11,5000,6150,train
scaffold,11,5000,7644,train
scaffold,11,5000,1747,train
scaffold,11,5000,8992,train
scaffold,11,5000,8467,train
scaffold,11,5000,1531,train
scaffold,11,5000,2729,train
scaffold,11,5000,316,train
scaffold,11,5000,13058,train
scaffold,11,5000,7094,train
scaffold,11,5000,9515,train
scaffold,11,5000,9641,train
scaffold,11,5000,10258,train
scaffold,11,5000,5435,train
scaffold,11,5000,4567,train
scaffold,11,5000,6847,train
scaffold,11,5000,3784,train
scaffold,11,5000,9184,train
scaffold,11,5000,12052,train
scaffold,11,5000,666,train
scaffold,11,5000,2789,train
scaffold,11,5000,5935,train
scaffold,11,5000,8405,train
scaffold,11,5000,3222,train
scaffold,11,5000,7605,train
scaffold,11,5000,4130,train
scaffold,11,5000,15166,train
scaffold,11,5000,4723,train
scaffold,11,5000,1055,train
scaffold,11,5000,10959,train
scaffold,11,5000,3900,train
scaffold,11,5000,2298,train
scaffold,11,5000,5393,train
scaffold,11,5000,9507,train
scaffold,11,5000,6394,train
scaffold,11,5000,6988,train
scaffold,11,5000,13910,train
scaffold,11,5000,11967,train
scaffold,11,5000,8738,train
scaffold,11,5000,13275,train
scaffold,11,5000,2092,train
scaffold,11,5000,13515,train
scaffold,11,5000,3685,train
scaffold,11,5000,7008,train
scaffold,11,5000,7056,train
scaffold,11,5000,3441,train
scaffold,11,5000,6040,train
scaffold,11,5000,14991,train
scaffold,11,5000,9449,train
scaffold,11,5000,14757,train
scaffold,11,5000,4593,train
scaffold,11,5000,11432,train
scaffold,11,5000,6104,train
scaffold,11,5000,6903,train
scaffold,11,5000,14469,train
scaffold,11,5000,13306,train
scaffold,11,5000,12755,train
scaffold,11,5000,11333,train
scaffold,11,5000,682,train
scaffold,11,5000,10657,train
scaffold,11,5000,13162,train
scaffold,11,5000,1298,train
scaffold,11,5000,2815,train
scaffold,11,5000,2844,train
scaffold,11,5000,5260,train
scaffold,11,5000,5737,train
scaffold,11,5000,875,train
scaffold,11,5000,5243,train
scaffold,11,5000,4682,train
scaffold,11,5000,13804,train
scaffold,11,5000,356,train
scaffold,11,5000,1030,train
scaffold,11,5000,9059,train
scaffold,11,5000,8370,train
scaffold,11,5000,4841,train
scaffold,11,5000,5547,train
scaffold,11,5000,10359,train
scaffold,11,5000,12866,train
scaffold,11,5000,5638,train
scaffold,11,5000,7134,train
scaffold,11,5000,12768,train
scaffold,11,5000,9868,train
scaffold,11,5000,10953,train
scaffold,11,5000,11298,train
scaffold,11,5000,1095,train
scaffold,11,5000,833,train
scaffold,11,5000,7489,train
scaffold,11,5000,7673,train
scaffold,11,5000,9939,train
scaffold,11,5000,2094,train
scaffold,11,5000,4547,train
scaffold,11,5000,8252,train
scaffold,11,5000,8614,train
scaffold,11,5000,8629,train
scaffold,11,5000,2172,train
scaffold,11,5000,5310,train
scaffold,11,5000,10943,train
scaffold,11,5000,6690,train
scaffold,11,5000,2154,train
scaffold,11,5000,9173,train
scaffold,11,5000,10480,train
scaffold,11,5000,3514,train
scaffold,11,5000,8006,train
scaffold,11,5000,1257,train
scaffold,11,5000,5116,train
scaffold,11,5000,6582,train
scaffold,11,5000,10217,train
scaffold,11,5000,2321,train
scaffold,11,5000,302,train
scaffold,11,5000,3753,train
scaffold,11,5000,7141,train
scaffold,11,5000,12142,train
scaffold,11,5000,6039,train
scaffold,11,5000,3053,train
scaffold,11,5000,5934,train
scaffold,11,5000,14606,train
scaffold,11,5000,8741,train
scaffold,11,5000,9243,train
scaffold,11,5000,9465,train
scaffold,11,5000,593,train
scaffold,11,5000,5418,train
scaffold,11,5000,15074,train
scaffold,11,5000,6990,train
scaffold,11,5000,12940,train
scaffold,11,5000,7915,train
scaffold,11,5000,10305,train
scaffold,11,5000,5983,train
scaffold,11,5000,3354,train
scaffold,11,5000,9372,train
scaffold,11,5000,8291,train
scaffold,11,5000,1125,train
scaffold,11,5000,11015,train
scaffold,11,5000,3977,train
scaffold,11,5000,210,train
scaffold,11,5000,10811,train
scaffold,11,5000,1141,train
scaffold,11,5000,6190,train
scaffold,11,5000,14884,train
scaffold,11,5000,8688,train
scaffold,11,5000,605,train
scaffold,11,5000,14510,train
scaffold,11,5000,1598,train
scaffold,11,5000,3241,train
scaffold,11,5000,9428,train
scaffold,11,5000,3986,train
scaffold,11,5000,8628,train
scaffold,11,5000,12523,train
scaffold,11,5000,11541,train
scaffold,11,5000,7029,train
scaffold,11,5000,1896,train
scaffold,11,5000,14686,train
scaffold,11,5000,540,train
scaffold,11,5000,2623,train
scaffold,11,5000,317,train
scaffold,11,5000,7581,train
scaffold,11,5000,7865,train
scaffold,11,5000,1056,train
scaffold,11,5000,430,train
scaffold,11,5000,3269,train
scaffold,11,5000,11212,train
scaffold,11,5000,5993,train
scaffold,11,5000,538,train
scaffold,11,5000,14070,train
scaffold,11,5000,2710,train
scaffold,11,5000,7524,train
scaffold,11,5000,1090,train
scaffold,11,5000,14513,train
scaffold,11,5000,1414,train
scaffold,11,5000,6311,train
scaffold,11,5000,7306,train
scaffold,11,5000,571,train
scaffold,11,5000,837,train
scaffold,11,5000,10214,train
scaffold,11,5000,10386,train
scaffold,11,5000,14588,train
scaffold,11,5000,9283,train
scaffold,11,5000,5912,train
scaffold,11,5000,855,train
scaffold,11,5000,3296,train
scaffold,11,5000,4635,train
scaffold,11,5000,4651,train
scaffold,11,5000,13786,train
scaffold,11,5000,4720,train
scaffold,11,5000,4700,train
scaffold,11,5000,629,train
scaffold,11,5000,8194,train
scaffold,11,5000,10546,train
scaffold,11,5000,6932,train
scaffold,11,5000,1484,train
scaffold,11,5000,1501,train
scaffold,11,5000,9341,train
scaffold,11,5000,13942,train
scaffold,11,5000,7580,train
scaffold,11,5000,14909,train
scaffold,11,5000,5458,train
scaffold,11,5000,9978,train
scaffold,11,5000,4314,train
scaffold,11,5000,4770,train
scaffold,11,5000,9535,train
scaffold,11,5000,5410,train
scaffold,11,5000,8990,train
scaffold,11,5000,13498,train
scaffold,11,5000,7243,train
scaffold,11,5000,12145,train
scaffold,11,5000,14690,train
scaffold,11,5000,2664,train
scaffold,11,5000,12634,train
scaffold,11,5000,11128,train
scaffold,11,5000,11646,train
scaffold,11,5000,8191,train
scaffold,11,5000,1892,train
scaffold,11,5000,14030,train
scaffold,11,5000,1281,train
scaffold,11,5000,10801,train
scaffold,11,5000,13038,train
scaffold,11,5000,7998,train
scaffold,11,5000,5688,train
scaffold,11,5000,12775,train
scaffold,11,5000,7758,train
scaffold,11,5000,1685,train
scaffold,11,5000,7369,train
scaffold,11,5000,4350,train
scaffold,11,5000,5963,train
scaffold,11,5000,1247,train
scaffold,11,5000,14676,train
scaffold,11,5000,3895,train
scaffold,11,5000,1802,train
scaffold,11,5000,14153,train
scaffold,11,5000,2274,train
scaffold,11,5000,8456,train
scaffold,11,5000,6538,train
scaffold,11,5000,13065,train
scaffold,11,5000,8582,train
scaffold,11,5000,12354,train
scaffold,11,5000,1196,train
scaffold,11,5000,1232,train
scaffold,11,5000,5869,train
scaffold,11,5000,9231,train
scaffold,11,5000,446,train
scaffold,11,5000,2078,train
scaffold,11,5000,10226,train
scaffold,11,5000,2698,train
scaffold,11,5000,12392,train
scaffold,11,5000,14136,train
scaffold,11,5000,464,train
scaffold,11,5000,11759,train
scaffold,11,5000,12269,train
scaffold,11,5000,10629,train
scaffold,11,5000,8964,train
scaffold,11,5000,2422,train
scaffold,11,5000,9777,train
scaffold,11,5000,11766,train
scaffold,11,5000,3807,train
scaffold,11,5000,4095,train
scaffold,11,5000,475,train
scaffold,11,5000,820,train
scaffold,11,5000,6422,train
scaffold,11,5000,9450,train
scaffold,11,5000,11277,train
scaffold,11,5000,891,train
scaffold,11,5000,14276,train
scaffold,11,5000,1348,train
scaffold,11,5000,3317,train
scaffold,11,5000,1908,train
scaffold,11,5000,6430,train
scaffold,11,5000,12431,train
scaffold,11,5000,8893,train
scaffold,11,5000,5439,train
scaffold,11,5000,5145,train
scaffold,11,5000,6523,train
scaffold,11,5000,4534,train
scaffold,11,5000,8027,train
scaffold,11,5000,5302,train
scaffold,11,5000,2569,train
scaffold,11,5000,11998,train
scaffold,11,5000,8400,train
scaffold,11,5000,8481,train
scaffold,11,5000,4764,train
scaffold,11,5000,10022,train
scaffold,11,5000,14831,train
scaffold,11,5000,13771,train
scaffold,11,5000,6186,train
scaffold,11,5000,2423,train
scaffold,11,5000,11360,train
scaffold,11,5000,13777,train
scaffold,11,5000,13986,train
scaffold,11,5000,13472,train
scaffold,11,5000,8398,train
scaffold,11,5000,1949,train
scaffold,11,5000,2356,train
scaffold,11,5000,9338,train
scaffold,11,5000,13129,train
scaffold,11,5000,12370,train
scaffold,11,5000,14555,train
scaffold,11,5000,582,train
scaffold,11,5000,9046,train
scaffold,11,5000,8044,train
scaffold,11,5000,5460,train
scaffold,11,5000,12990,train
scaffold,11,5000,10944,train
scaffold,11,5000,7063,train
scaffold,11,5000,4078,train
scaffold,11,5000,9170,train
scaffold,11,5000,853,train
scaffold,11,5000,923,train
scaffold,11,5000,1764,train
scaffold,11,5000,4117,train
scaffold,11,5000,14362,train
scaffold,11,5000,13181,train
scaffold,11,5000,2631,train
scaffold,11,5000,12653,train
scaffold,11,5000,4275,train
scaffold,11,5000,101,train
scaffold,11,5000,7551,train
scaffold,11,5000,2984,train
scaffold,11,5000,6440,train
scaffold,11,5000,10517,train
scaffold,11,5000,14622,train
scaffold,11,5000,932,train
scaffold,11,5000,13123,train
scaffold,11,5000,4585,train
scaffold,11,5000,10174,train
scaffold,11,5000,1432,train
scaffold,11,5000,2722,train
scaffold,11,5000,9051,train
scaffold,11,5000,11598,train
scaffold,11,5000,6629,train
scaffold,11,5000,3570,train
scaffold,11,5000,4637,train
scaffold,11,5000,14180,train
scaffold,11,5000,13750,train
scaffold,11,5000,6540,train
scaffold,11,5000,11407,train
scaffold,11,5000,10868,train
scaffold,11,5000,13563,train
scaffold,11,5000,2779,train
scaffold,11,5000,1417,train
scaffold,11,5000,14756,train
scaffold,11,5000,2930,train
scaffold,11,5000,1333,train
scaffold,11,5000,7943,train
scaffold,11,5000,14365,train
scaffold,11,5000,12736,train
scaffold,11,5000,10633,train
scaffold,11,5000,11453,train
scaffold,11,5000,12702,train
scaffold,11,5000,8058,train
scaffold,11,5000,836,train
scaffold,11,5000,3469,train
scaffold,11,5000,2004,train
scaffold,11,5000,7295,train
scaffold,11,5000,1540,train
scaffold,11,5000,2140,train
scaffold,11,5000,4307,train
scaffold,11,5000,8379,train
scaffold,11,5000,5788,train
scaffold,11,5000,5327,train
scaffold,11,5000,7796,train
scaffold,11,5000,11969,train
scaffold,11,5000,12117,train
scaffold,11,5000,6956,train
scaffold,11,5000,1916,train
scaffold,11,5000,1646,train
scaffold,11,5000,4211,train
scaffold,11,5000,11964,train
scaffold,11,5000,14826,train
scaffold,11,5000,8437,train
scaffold,11,5000,5081,train
scaffold,11,5000,10,train
scaffold,11,5000,4123,train
scaffold,11,5000,11929,train
scaffold,11,5000,5322,train
scaffold,11,5000,11470,train
scaffold,11,5000,2441,train
scaffold,11,5000,9263,train
scaffold,11,5000,848,train
scaffold,11,5000,14546,train
scaffold,11,5000,5052,train
scaffold,11,5000,7252,train
scaffold,11,5000,8096,train
scaffold,11,5000,11854,train
scaffold,11,5000,1469,train
scaffold,11,5000,11886,train
scaffold,11,5000,7904,train
scaffold,11,5000,3024,train
scaffold,11,5000,8174,train
scaffold,11,5000,5178,train
scaffold,11,5000,4311,train
scaffold,11,5000,1307,train
scaffold,11,5000,5677,train
scaffold,11,5000,575,train
scaffold,11,5000,9541,train
scaffold,11,5000,1035,train
scaffold,11,5000,13398,train
scaffold,11,5000,2573,train
scaffold,11,5000,1612,train
scaffold,11,5000,3445,train
scaffold,11,5000,755,train
scaffold,11,5000,7032,train
scaffold,11,5000,6333,train
scaffold,11,5000,4992,train
scaffold,11,5000,14476,train
scaffold,11,5000,2244,train
scaffold,11,5000,8351,train
scaffold,11,5000,2595,train
scaffold,11,5000,5572,train
scaffold,11,5000,10699,train
scaffold,11,5000,4752,train
scaffold,11,5000,8392,train
scaffold,11,5000,11818,train
scaffold,11,5000,3449,train
scaffold,11,5000,14769,train
scaffold,11,5000,13499,train
scaffold,11,5000,9520,train
scaffold,11,5000,13648,train
scaffold,11,5000,5995,train
scaffold,11,5000,9189,train
scaffold,11,5000,6524,train
scaffold,11,5000,10585,train
scaffold,11,5000,8696,train
scaffold,11,5000,80,train
scaffold,11,5000,15103,train
scaffold,11,5000,4388,train
scaffold,11,5000,5868,train
scaffold,11,5000,10204,train
scaffold,11,5000,6870,train
scaffold,11,5000,185,train
scaffold,11,5000,9730,train
scaffold,11,5000,10866,train
scaffold,11,5000,1655,train
scaffold,11,5000,7600,train
scaffold,11,5000,11355,train
scaffold,11,5000,1998,train
scaffold,11,5000,1011,train
scaffold,11,5000,7549,train
scaffold,11,5000,5779,train
scaffold,11,5000,8479,train
scaffold,11,5000,10291,train
scaffold,11,5000,12456,train
scaffold,11,5000,14520,train
scaffold,11,5000,13653,train
scaffold,11,5000,3513,train
scaffold,11,5000,1477,train
scaffold,11,5000,11424,train
scaffold,11,5000,7802,train
scaffold,11,5000,11954,train
scaffold,11,5000,8056,train
scaffold,11,5000,9412,train
scaffold,11,5000,12162,train
scaffold,11,5000,12203,train
scaffold,11,5000,5200,train
scaffold,11,5000,6018,train
scaffold,11,5000,8790,train
scaffold,11,5000,13766,train
scaffold,11,5000,14912,train
scaffold,11,5000,6141,train
scaffold,11,5000,3199,train
scaffold,11,5000,10557,train
scaffold,11,5000,12495,train
scaffold,11,5000,14564,train
scaffold,11,5000,465,train
scaffold,11,5000,13581,train
scaffold,11,5000,7209,train
scaffold,11,5000,12791,train
scaffold,11,5000,3490,train
scaffold,11,5000,3485,train
scaffold,11,5000,1623,train
scaffold,11,5000,2389,train
scaffold,11,5000,3799,train
scaffold,11,5000,7571,train
scaffold,11,5000,3904,train
scaffold,11,5000,12096,train
scaffold,11,5000,13807,train
scaffold,11,5000,8880,train
scaffold,11,5000,551,train
scaffold,11,5000,9755,train
scaffold,11,5000,10101,train
scaffold,11,5000,449,train
scaffold,11,5000,11110,train
scaffold,11,5000,1394,train
scaffold,11,5000,9361,train
scaffold,11,5000,2735,train
scaffold,11,5000,4124,train
scaffold,11,5000,2828,train
scaffold,11,5000,14316,train
scaffold,11,5000,14576,train
scaffold,11,5000,6803,train
scaffold,11,5000,13175,train
scaffold,11,5000,3947,train
scaffold,11,5000,6953,train
scaffold,11,5000,651,train
scaffold,11,5000,10120,train
scaffold,11,5000,7408,train
scaffold,11,5000,8993,train
scaffold,11,5000,10898,train
scaffold,11,5000,12131,train
scaffold,11,5000,11617,train
scaffold,11,5000,13232,train
scaffold,11,5000,8670,train
scaffold,11,5000,6123,train
scaffold,11,5000,6493,train
scaffold,11,5000,14952,train
scaffold,11,5000,2693,train
scaffold,11,5000,9922,train
scaffold,11,5000,8954,train
scaffold,11,5000,14377,train
scaffold,11,5000,10063,train
scaffold,11,5000,11265,train
scaffold,11,5000,2864,train
scaffold,11,5000,6839,train
scaffold,11,5000,7573,train
scaffold,11,5000,4584,train
scaffold,11,5000,12419,train
scaffold,11,5000,6470,train
scaffold,11,5000,12525,train
scaffold,11,5000,4681,train
scaffold,11,5000,10358,train
scaffold,11,5000,5146,train
scaffold,11,5000,7206,train
scaffold,11,5000,12123,train
scaffold,11,5000,9149,train
scaffold,11,5000,8967,train
scaffold,11,5000,6026,train
scaffold,11,5000,1352,train
scaffold,11,5000,15213,train
scaffold,11,5000,7963,train
scaffold,11,5000,939,train
scaffold,11,5000,4126,train
scaffold,11,5000,1295,train
scaffold,11,5000,2161,train
scaffold,11,5000,13873,train
scaffold,11,5000,9317,train
scaffold,11,5000,3366,train
scaffold,11,5000,13276,train
scaffold,11,5000,7607,train
scaffold,11,5000,11990,train
scaffold,11,5000,14688,train
scaffold,11,5000,3126,train
scaffold,11,5000,1347,train
scaffold,11,5000,5479,train
scaffold,11,5000,7428,train
scaffold,11,5000,8901,train
scaffold,11,5000,14455,train
scaffold,11,5000,6825,train
scaffold,11,5000,4868,train
scaffold,11,5000,9846,train
scaffold,11,5000,13064,train
scaffold,11,5000,2377,train
scaffold,11,5000,10493,train
scaffold,11,5000,1730,train
scaffold,11,5000,15118,train
scaffold,11,5000,4470,train
scaffold,11,5000,8851,train
scaffold,11,5000,11375,train
scaffold,11,5000,1901,train
scaffold,11,5000,8729,train
scaffold,11,5000,1727,train
scaffold,11,5000,5306,train
scaffold,11,5000,13290,train
scaffold,11,5000,7460,train
scaffold,11,5000,10677,train
scaffold,11,5000,5091,train
scaffold,11,5000,3835,train
scaffold,11,5000,1370,train
scaffold,11,5000,12619,train
scaffold,11,5000,2645,train
scaffold,11,5000,3479,train
scaffold,11,5000,10992,train
scaffold,11,5000,14731,train
scaffold,11,5000,4498,train
scaffold,11,5000,5277,train
scaffold,11,5000,2046,train
scaffold,11,5000,1617,train
scaffold,11,5000,5189,train
scaffold,11,5000,11292,train
scaffold,11,5000,1613,train
scaffold,11,5000,2721,train
scaffold,11,5000,6287,train
scaffold,11,5000,7213,train
scaffold,11,5000,13043,train
scaffold,11,5000,2732,train
scaffold,11,5000,5854,train
scaffold,11,5000,10138,train
scaffold,11,5000,14450,train
scaffold,11,5000,5611,train
scaffold,11,5000,13126,train
scaffold,11,5000,8687,train
scaffold,11,5000,6922,train
scaffold,11,5000,8209,train
scaffold,11,5000,2168,train
scaffold,11,5000,2835,train
scaffold,11,5000,2673,train
scaffold,11,5000,8701,train
scaffold,11,5000,5001,train
scaffold,11,5000,13818,train
scaffold,11,5000,10845,train
scaffold,11,5000,6143,train
scaffold,11,5000,13694,train
scaffold,11,5000,2894,train
scaffold,11,5000,2460,train
scaffold,11,5000,432,train
scaffold,11,5000,14254,train
scaffold,11,5000,14824,train
scaffold,11,5000,5596,train
scaffold,11,5000,8942,train
scaffold,11,5000,14489,train
scaffold,11,5000,12387,train
scaffold,11,5000,1882,train
scaffold,11,5000,3528,train
scaffold,11,5000,13595,train
scaffold,11,5000,11021,train
scaffold,11,5000,2499,train
scaffold,11,5000,7111,train
scaffold,11,5000,1284,train
scaffold,11,5000,12769,train
scaffold,11,5000,11094,train
scaffold,11,5000,13045,train
scaffold,11,5000,8600,train
scaffold,11,5000,944,train
scaffold,11,5000,5801,train
scaffold,11,5000,6054,train
scaffold,11,5000,13364,train
scaffold,11,5000,5102,train
scaffold,11,5000,3800,train
scaffold,11,5000,10847,train
scaffold,11,5000,8307,train
scaffold,11,5000,5653,train
scaffold,11,5000,3246,train
scaffold,11,5000,11178,train
scaffold,11,5000,13700,train
scaffold,11,5000,9405,train
scaffold,11,5000,4465,train
scaffold,11,5000,7147,train
scaffold,11,5000,4690,train
scaffold,11,5000,5223,train
scaffold,11,5000,4730,train
scaffold,11,5000,5063,train
scaffold,11,5000,7223,train
scaffold,11,5000,2194,train
scaffold,11,5000,10196,train
scaffold,11,5000,4269,train
scaffold,11,5000,4686,train
scaffold,11,5000,6296,train
scaffold,11,5000,4558,train
scaffold,11,5000,11725,train
scaffold,11,5000,13387,train
scaffold,11,5000,14669,train
scaffold,11,5000,7925,train
scaffold,11,5000,11940,train
scaffold,11,5000,1071,train
scaffold,11,5000,1861,train
scaffold,11,5000,12220,train
scaffold,11,5000,6330,train
scaffold,11,5000,904,train
scaffold,11,5000,9236,train
scaffold,11,5000,3309,train
scaffold,11,5000,11539,train
scaffold,11,5000,4064,train
scaffold,11,5000,2455,train
scaffold,11,5000,9433,train
scaffold,11,5000,2408,train
scaffold,11,5000,8975,train
scaffold,11,5000,9972,train
scaffold,11,5000,12271,train
scaffold,11,5000,589,train
scaffold,11,5000,96,train
scaffold,11,5000,7918,train
scaffold,11,5000,8849,train
scaffold,11,5000,8255,train
scaffold,11,5000,3483,train
scaffold,11,5000,10067,train
scaffold,11,5000,11663,train
scaffold,11,5000,2618,train
scaffold,11,5000,14485,train
scaffold,11,5000,11290,train
scaffold,11,5000,10236,train
scaffold,11,5000,14702,train
scaffold,11,5000,4701,train
scaffold,11,5000,6103,train
scaffold,11,5000,9505,train
scaffold,11,5000,2987,train
scaffold,11,5000,1074,train
scaffold,11,5000,4237,train
scaffold,11,5000,5497,train
scaffold,11,5000,10223,train
scaffold,11,5000,7545,train
scaffold,11,5000,8602,train
scaffold,11,5000,12706,train
scaffold,11,5000,132,train
scaffold,11,5000,8558,train
scaffold,11,5000,6975,train
scaffold,11,5000,14693,train
scaffold,11,5000,12432,train
scaffold,11,5000,3751,train
scaffold,11,5000,12294,train
scaffold,11,5000,10023,train
scaffold,11,5000,3603,train
scaffold,11,5000,14181,train
scaffold,11,5000,3888,train
scaffold,11,5000,3584,train
scaffold,11,5000,12066,train
scaffold,11,5000,1986,train
scaffold,11,5000,11502,train
scaffold,11,5000,663,train
scaffold,11,5000,206,train
scaffold,11,5000,12050,train
scaffold,11,5000,5824,train
scaffold,11,5000,12437,train
scaffold,11,5000,9301,train
scaffold,11,5000,1759,train
scaffold,11,5000,14187,train
scaffold,11,5000,14950,train
scaffold,11,5000,8958,train
scaffold,11,5000,4850,train
scaffold,11,5000,8539,train
scaffold,11,5000,6946,train
scaffold,11,5000,10024,train
scaffold,11,5000,1653,train
scaffold,11,5000,4460,train
scaffold,11,5000,9469,train
scaffold,11,5000,9345,train
scaffold,11,5000,13349,train
scaffold,11,5000,3410,train
scaffold,11,5000,2428,train
scaffold,11,5000,14997,train
scaffold,11,5000,924,train
scaffold,11,5000,3338,train
scaffold,11,5000,8128,train
scaffold,11,5000,13612,train
scaffold,11,5000,8190,train
scaffold,11,5000,4633,train
scaffold,11,5000,9795,train
scaffold,11,5000,6257,train
scaffold,11,5000,13104,train
scaffold,11,5000,11561,train
scaffold,11,5000,5,train
scaffold,11,5000,4354,train
scaffold,11,5000,4646,train
scaffold,11,5000,7389,train
scaffold,11,5000,10660,train
scaffold,11,5000,7795,train
scaffold,11,5000,7255,train
scaffold,11,5000,1542,train
scaffold,11,5000,3857,train
scaffold,11,5000,2434,train
scaffold,11,5000,7840,train
scaffold,11,5000,12235,train
scaffold,11,5000,109,train
scaffold,11,5000,9205,train
scaffold,11,5000,1971,train
scaffold,11,5000,6579,train
scaffold,11,5000,3659,train
scaffold,11,5000,10137,train
scaffold,11,5000,7049,train
scaffold,11,5000,3919,train
scaffold,11,5000,6009,train
scaffold,11,5000,12252,train
scaffold,11,5000,13205,train
scaffold,11,5000,12308,train
scaffold,11,5000,729,train
scaffold,11,5000,9286,train
scaffold,11,5000,13568,train
scaffold,11,5000,9100,train
scaffold,11,5000,5363,train
scaffold,11,5000,1962,train
scaffold,11,5000,12900,train
scaffold,11,5000,7614,train
scaffold,11,5000,1212,train
scaffold,11,5000,8144,train
scaffold,11,5000,8427,train
scaffold,11,5000,8206,train
scaffold,11,5000,2084,train
scaffold,11,5000,2001,train
scaffold,11,5000,14408,train
scaffold,11,5000,22,train
scaffold,11,5000,5771,train
scaffold,11,5000,6083,train
scaffold,11,5000,8350,train
scaffold,11,5000,11876,train
scaffold,11,5000,4516,train
scaffold,11,5000,4645,train
scaffold,11,5000,7507,train
scaffold,11,5000,689,train
scaffold,11,5000,8076,train
scaffold,11,5000,9850,train
scaffold,11,5000,9531,train
scaffold,11,5000,7905,train
scaffold,11,5000,5789,train
scaffold,11,5000,5940,train
scaffold,11,5000,11176,train
scaffold,11,5000,6543,train
scaffold,11,5000,597,train
scaffold,11,5000,14966,train
scaffold,11,5000,2458,train
scaffold,11,5000,1052,train
scaffold,11,5000,5581,train
scaffold,11,5000,1039,train
scaffold,11,5000,13403,train
scaffold,11,5000,10682,train
scaffold,11,5000,1089,train
scaffold,11,5000,2449,train
scaffold,11,5000,10737,train
scaffold,11,5000,9923,train
scaffold,11,5000,1985,train
scaffold,11,5000,13148,train
scaffold,11,5000,10674,train
scaffold,11,5000,12986,train
scaffold,11,5000,13282,train
scaffold,11,5000,790,train
scaffold,11,5000,2425,train
scaffold,11,5000,8354,train
scaffold,11,5000,6191,train
scaffold,11,5000,11921,train
scaffold,11,5000,9368,train
scaffold,11,5000,5444,train
scaffold,11,5000,11119,train
scaffold,11,5000,5753,train
scaffold,11,5000,1445,train
scaffold,11,5000,2954,train
scaffold,11,5000,11597,train
scaffold,11,5000,6339,train
scaffold,11,5000,5496,train
scaffold,11,5000,15155,train
scaffold,11,5000,13720,train
scaffold,11,5000,1571,train
scaffold,11,5000,11956,train
scaffold,11,5000,14852,train
scaffold,11,5000,4694,train
scaffold,11,5000,7202,train
scaffold,11,5000,11997,train
scaffold,11,5000,1583,train
scaffold,11,5000,2574,train
scaffold,11,5000,4532,train
scaffold,11,5000,8287,train
scaffold,11,5000,2419,train
scaffold,11,5000,1267,train
scaffold,11,5000,14791,train
scaffold,11,5000,14243,train
scaffold,11,5000,6350,train
scaffold,11,5000,544,train
scaffold,11,5000,13334,train
scaffold,11,5000,890,train
scaffold,11,5000,12267,train
scaffold,11,5000,11614,train
scaffold,11,5000,4969,train
scaffold,11,5000,6795,train
scaffold,11,5000,1993,train
scaffold,11,5000,10210,train
scaffold,11,5000,1801,train
scaffold,11,5000,2972,train
scaffold,11,5000,13238,train
scaffold,11,5000,2859,train
scaffold,11,5000,12328,train
scaffold,11,5000,4304,train
scaffold,11,5000,14935,train
scaffold,11,5000,3077,train
scaffold,11,5000,2725,train
scaffold,11,5000,5966,train
scaffold,11,5000,15063,train
scaffold,11,5000,10536,train
scaffold,11,5000,11839,train
scaffold,11,5000,6508,train
scaffold,11,5000,7107,train
scaffold,11,5000,1910,train
scaffold,11,5000,2871,train
scaffold,11,5000,9258,train
scaffold,11,5000,2311,train
scaffold,11,5000,13930,train
scaffold,11,5000,982,train
scaffold,11,5000,8623,train
scaffold,11,5000,6809,train
scaffold,11,5000,8294,train
scaffold,11,5000,8406,train
scaffold,11,5000,13676,train
scaffold,11,5000,6585,train
scaffold,11,5000,7364,train
scaffold,11,5000,9002,train
scaffold,11,5000,10807,train
scaffold,11,5000,8038,train
scaffold,11,5000,8799,train
scaffold,11,5000,7332,train
scaffold,11,5000,6331,train
scaffold,11,5000,4391,train
scaffold,11,5000,13357,train
scaffold,11,5000,1904,train
scaffold,11,5000,11730,train
scaffold,11,5000,5518,train
scaffold,11,5000,3592,train
scaffold,11,5000,10039,train
scaffold,11,5000,10889,train
scaffold,11,5000,1385,train
scaffold,11,5000,2683,train
scaffold,11,5000,6738,train
scaffold,11,5000,4398,train
scaffold,11,5000,14132,train
scaffold,11,5000,9892,train
scaffold,11,5000,6564,train
scaffold,11,5000,11116,train
scaffold,11,5000,11258,train
scaffold,11,5000,363,train
scaffold,11,5000,382,train
scaffold,11,5000,8237,train
scaffold,11,5000,477,train
scaffold,11,5000,9903,train
scaffold,11,5000,1349,train
scaffold,11,5000,1110,train
scaffold,11,5000,10526,train
scaffold,11,5000,1262,train
scaffold,11,5000,14380,train
scaffold,11,5000,12661,train
scaffold,11,5000,1605,train
scaffold,11,5000,15148,train
scaffold,11,5000,65,train
scaffold,11,5000,2488,train
scaffold,11,5000,8547,train
scaffold,11,5000,7325,train
scaffold,11,5000,6982,train
scaffold,11,5000,8935,train
scaffold,11,5000,7509,train
scaffold,11,5000,9380,train
scaffold,11,5000,8866,train
scaffold,11,5000,14532,train
scaffold,11,5000,8723,train
scaffold,11,5000,4363,train
scaffold,11,5000,2657,train
scaffold,11,5000,2115,train
scaffold,11,5000,10064,train
scaffold,11,5000,15105,train
scaffold,11,5000,3216,train
scaffold,11,5000,11966,train
scaffold,11,5000,260,train
scaffold,11,5000,11266,train
scaffold,11,5000,9142,train
scaffold,11,5000,952,train
scaffold,11,5000,8604,train
scaffold,11,5000,5832,train
scaffold,11,5000,3578,train
scaffold,11,5000,10483,train
scaffold,11,5000,7834,train
scaffold,11,5000,8447,train
scaffold,11,5000,12463,train
scaffold,11,5000,10045,train
scaffold,11,5000,13392,train
scaffold,11,5000,6578,train
scaffold,11,5000,1259,train
scaffold,11,5000,13572,train
scaffold,11,5000,5751,train
scaffold,11,5000,4216,train
scaffold,11,5000,14360,train
scaffold,11,5000,1645,train
scaffold,11,5000,5301,train
scaffold,11,5000,10653,train
scaffold,11,5000,12666,train
scaffold,11,5000,6057,train
scaffold,11,5000,4915,train
scaffold,11,5000,4127,train
scaffold,11,5000,10884,train
scaffold,11,5000,4373,train
scaffold,11,5000,15202,train
scaffold,11,5000,3937,train
scaffold,11,5000,5402,train
scaffold,11,5000,9264,train
scaffold,11,5000,6412,train
scaffold,11,5000,8943,train
scaffold,11,5000,10070,train
scaffold,11,5000,381,train
scaffold,11,5000,1674,train
scaffold,11,5000,10942,train
scaffold,11,5000,8565,train
scaffold,11,5000,685,train
scaffold,11,5000,11074,train
scaffold,11,5000,2746,train
scaffold,11,5000,7109,train
scaffold,11,5000,7347,train
scaffold,11,5000,13233,train
scaffold,11,5000,12531,train
scaffold,11,5000,1695,train
scaffold,11,5000,14644,train
scaffold,11,5000,8270,train
scaffold,11,5000,10844,train
scaffold,11,5000,10002,train
scaffold,11,5000,4319,train
scaffold,11,5000,2591,train
scaffold,11,5000,12903,train
scaffold,11,5000,12747,train
scaffold,11,5000,676,train
scaffold,11,5000,6767,train
scaffold,11,5000,10298,train
scaffold,11,5000,5668,train
scaffold,11,5000,12041,train
scaffold,11,5000,1143,train
scaffold,11,5000,11113,train
scaffold,11,5000,5691,train
scaffold,11,5000,10939,train
scaffold,11,5000,13251,train
scaffold,11,5000,6392,train
scaffold,11,5000,3743,train
scaffold,11,5000,15064,train
scaffold,11,5000,9802,train
scaffold,11,5000,4988,train
scaffold,11,5000,9996,train
scaffold,11,5000,2413,train
scaffold,11,5000,1037,train
scaffold,11,5000,14299,train
scaffold,11,5000,821,train
scaffold,11,5000,4155,train
scaffold,11,5000,10708,train
scaffold,11,5000,5276,train
scaffold,11,5000,272,train
scaffold,11,5000,2233,train
scaffold,11,5000,4812,train
scaffold,11,5000,13757,train
scaffold,11,5000,13330,train
scaffold,11,5000,9542,train
scaffold,11,5000,11101,train
scaffold,11,5000,12587,train
scaffold,11,5000,5744,train
scaffold,11,5000,9521,train
scaffold,11,5000,1615,train
scaffold,11,5000,8663,train
scaffold,11,5000,3688,train
scaffold,11,5000,1360,train
scaffold,11,5000,6557,train
scaffold,11,5000,14603,train
scaffold,11,5000,11556,train
scaffold,11,5000,1192,train
scaffold,11,5000,8533,train
scaffold,11,5000,10984,train
scaffold,11,5000,223,train
scaffold,11,5000,10503,train
scaffold,11,5000,218,train
scaffold,11,5000,5724,train
scaffold,11,5000,2759,train
scaffold,11,5000,3721,train
scaffold,11,5000,1426,train
scaffold,11,5000,7283,train
scaffold,11,5000,8505,train
scaffold,11,5000,61,train
scaffold,11,5000,12187,train
scaffold,11,5000,3736,train
scaffold,11,5000,720,train
scaffold,11,5000,7265,train
scaffold,11,5000,12618,train
scaffold,11,5000,11410,train
scaffold,11,5000,7375,train
scaffold,11,5000,8484,train
scaffold,11,5000,11398,train
scaffold,11,5000,1472,train
scaffold,11,5000,2830,train
scaffold,11,5000,6416,train
scaffold,11,5000,9386,train
scaffold,11,5000,10031,train
scaffold,11,5000,14787,train
scaffold,11,5000,10190,train
scaffold,11,5000,8890,train
scaffold,11,5000,1854,train
scaffold,11,5000,1849,train
scaffold,11,5000,13965,train
scaffold,11,5000,10406,train
scaffold,11,5000,3258,train
scaffold,11,5000,7155,train
scaffold,11,5000,7521,train
scaffold,11,5000,9244,train
scaffold,11,5000,1119,train
scaffold,11,5000,13408,train
scaffold,11,5000,11341,train
scaffold,11,5000,2736,train
scaffold,11,5000,4189,train
scaffold,11,5000,7275,train
scaffold,11,5000,7220,train
scaffold,11,5000,5089,train
scaffold,11,5000,14288,train
scaffold,11,5000,13503,train
scaffold,11,5000,12279,train
scaffold,11,5000,10119,train
scaffold,11,5000,10833,train
scaffold,11,5000,4149,train
scaffold,11,5000,9344,train
scaffold,11,5000,13044,train
scaffold,11,5000,3548,train
scaffold,11,5000,7942,train
scaffold,11,5000,3951,train
scaffold,11,5000,11867,train
scaffold,11,5000,1913,train
scaffold,11,5000,9223,train
scaffold,11,5000,6405,train
scaffold,11,5000,3542,train
scaffold,11,5000,7480,train
scaffold,11,5000,14284,train
scaffold,11,5000,5588,train
scaffold,11,5000,4569,train
scaffold,11,5000,2756,train
scaffold,11,5000,266,train
scaffold,11,5000,6275,train
scaffold,11,5000,5168,train
scaffold,11,5000,14849,train
scaffold,11,5000,5041,train
scaffold,11,5000,3734,train
scaffold,11,5000,12023,train
scaffold,11,5000,10578,train
scaffold,11,5000,4192,train
scaffold,11,5000,13093,train
scaffold,11,5000,405,train
scaffold,11,5000,4473,train
scaffold,11,5000,7143,train
scaffold,11,5000,11557,train
scaffold,11,5000,13025,train
scaffold,11,5000,12877,train
scaffold,11,5000,8643,train
scaffold,11,5000,3759,train
scaffold,11,5000,8984,train
scaffold,11,5000,2646,train
scaffold,11,5000,9788,train
scaffold,11,5000,3124,train
scaffold,11,5000,1092,train
scaffold,11,5000,14993,train
scaffold,11,5000,6857,train
scaffold,11,5000,13848,train
scaffold,11,5000,12449,train
scaffold,11,5000,7027,train
scaffold,11,5000,2495,train
scaffold,11,5000,14167,train
scaffold,11,5000,4680,train
scaffold,11,5000,1446,train
scaffold,11,5000,13857,train
scaffold,11,5000,6849,train
scaffold,11,5000,15055,train
scaffold,11,5000,3416,train
scaffold,11,5000,9031,train
scaffold,11,5000,8731,train
scaffold,11,5000,5404,train
scaffold,11,5000,5974,train
scaffold,11,5000,12655,train
scaffold,11,5000,13417,train
scaffold,11,5000,7456,train
scaffold,11,5000,5640,train
scaffold,11,5000,7450,train
scaffold,11,5000,1579,train
scaffold,11,5000,13497,train
scaffold,11,5000,11834,train
scaffold,11,5000,3115,train
scaffold,11,5000,15089,train
scaffold,11,5000,121,train
scaffold,11,5000,10577,train
scaffold,11,5000,2940,train
scaffold,11,5000,3787,train
scaffold,11,5000,5412,train
scaffold,11,5000,11897,train
scaffold,11,5000,6444,train
scaffold,11,5000,10865,train
scaffold,11,5000,11794,train
scaffold,11,5000,13772,train
scaffold,11,5000,1177,train
scaffold,11,5000,13611,train
scaffold,11,5000,7618,train
scaffold,11,5000,1664,train
scaffold,11,5000,15221,train
scaffold,11,5000,12189,train
scaffold,11,5000,11702,train
scaffold,11,5000,8538,train
scaffold,11,5000,184,train
scaffold,11,5000,4305,train
scaffold,11,5000,9153,train
scaffold,11,5000,5570,train
scaffold,11,5000,4375,train
scaffold,11,5000,6278,train
scaffold,11,5000,2939,train
scaffold,11,5000,5195,train
scaffold,11,5000,2674,train
scaffold,11,5000,3540,train
scaffold,11,5000,6938,train
scaffold,11,5000,12511,train
scaffold,11,5000,1492,train
scaffold,11,5000,3902,train
scaffold,11,5000,12202,train
scaffold,11,5000,7418,train
scaffold,11,5000,3725,train
scaffold,11,5000,14012,train
scaffold,11,5000,3748,train
scaffold,11,5000,5187,train
scaffold,11,5000,6906,train
scaffold,11,5000,14439,train
scaffold,11,5000,14015,train
scaffold,11,5000,10771,train
scaffold,11,5000,6700,train
scaffold,11,5000,2842,train
scaffold,11,5000,10257,train
scaffold,11,5000,7156,train
scaffold,11,5000,4291,train
scaffold,11,5000,8082,train
scaffold,11,5000,3709,train
scaffold,11,5000,2712,train
scaffold,11,5000,11589,train
scaffold,11,5000,9516,train
scaffold,11,5000,13223,train
scaffold,11,5000,5364,train
scaffold,11,5000,14379,train
scaffold,11,5000,13627,train
scaffold,11,5000,3191,train
scaffold,11,5000,4525,train
scaffold,11,5000,866,train
scaffold,11,5000,8391,train
scaffold,11,5000,2208,train
scaffold,11,5000,13362,train
scaffold,11,5000,11377,train
scaffold,11,5000,201,train
scaffold,11,5000,5304,train
scaffold,11,5000,7399,train
scaffold,11,5000,2312,train
scaffold,11,5000,5157,train
scaffold,11,5000,3632,train
scaffold,11,5000,2380,train
scaffold,11,5000,3932,train
scaffold,11,5000,6380,train
scaffold,11,5000,8431,train
scaffold,11,5000,764,train
scaffold,11,5000,14744,train
scaffold,11,5000,9885,train
scaffold,11,5000,747,train
scaffold,11,5000,6052,train
scaffold,11,5000,8017,train
scaffold,11,5000,8913,train
scaffold,11,5000,2902,train
scaffold,11,5000,9269,train
scaffold,11,5000,11389,train
scaffold,11,5000,4885,train
scaffold,11,5000,10647,train
scaffold,11,5000,102,train
scaffold,11,5000,2376,train
scaffold,11,5000,14423,train
scaffold,11,5000,1062,train
scaffold,11,5000,2048,train
scaffold,11,5000,913,train
scaffold,11,5000,14594,train
scaffold,11,5000,63,train
scaffold,11,5000,8569,train
scaffold,11,5000,13587,train
scaffold,11,5000,13570,train
scaffold,11,5000,7487,train
scaffold,11,5000,5536,train
scaffold,11,5000,3580,train
scaffold,11,5000,14753,train
scaffold,11,5000,13566,train
scaffold,11,5000,8671,train
scaffold,11,5000,1673,train
scaffold,11,5000,10376,train
scaffold,11,5000,7061,train
scaffold,11,5000,11492,train
scaffold,11,5000,10769,train
scaffold,11,5000,3892,train
scaffold,11,5000,3565,train
scaffold,11,5000,7118,train
scaffold,11,5000,1436,train
scaffold,11,5000,11236,train
scaffold,11,5000,6929,train
scaffold,11,5000,13274,train
scaffold,11,5000,14570,train
scaffold,11,5000,2651,train
scaffold,11,5000,6602,train
scaffold,11,5000,2919,train
scaffold,11,5000,2833,train
scaffold,11,5000,9857,train
scaffold,11,5000,14775,train
scaffold,11,5000,4642,train
scaffold,11,5000,13273,train
scaffold,11,5000,8873,train
scaffold,11,5000,1875,train
scaffold,11,5000,5345,train
scaffold,11,5000,5702,train
scaffold,11,5000,12249,train
scaffold,11,5000,791,train
scaffold,11,5000,8919,train
scaffold,11,5000,12274,train
scaffold,11,5000,6678,train
scaffold,11,5000,7531,train
scaffold,11,5000,12360,train
scaffold,11,5000,5898,train
scaffold,11,5000,10219,train
scaffold,11,5000,287,train
scaffold,11,5000,999,train
scaffold,11,5000,10890,train
scaffold,11,5000,2381,train
scaffold,11,5000,462,train
scaffold,11,5000,9791,train
scaffold,11,5000,11171,train
scaffold,11,5000,13519,train
scaffold,11,5000,3208,train
scaffold,11,5000,14873,train
scaffold,11,5000,2378,train
scaffold,11,5000,8471,train
scaffold,11,5000,13304,train
scaffold,11,5000,6387,train
scaffold,11,5000,5332,train
scaffold,11,5000,4572,train
scaffold,11,5000,7587,train
scaffold,11,5000,9842,train
scaffold,11,5000,4296,train
scaffold,11,5000,13548,train
scaffold,11,5000,2090,train
scaffold,11,5000,4339,train
scaffold,11,5000,8525,train
scaffold,11,5000,10809,train
scaffold,11,5000,12093,train
scaffold,11,5000,10558,train
scaffold,11,5000,3610,train
scaffold,11,5000,5558,train
scaffold,11,5000,11772,train
scaffold,11,5000,14537,train
scaffold,11,5000,10288,train
scaffold,11,5000,6580,train
scaffold,11,5000,14495,train
scaffold,11,5000,7940,train
scaffold,11,5000,8026,train
scaffold,11,5000,5657,train
scaffold,11,5000,6253,train
scaffold,11,5000,8719,train
scaffold,11,5000,8501,train
scaffold,11,5000,8115,train
scaffold,11,5000,12416,train
scaffold,11,5000,13111,train
scaffold,11,5000,8625,train
scaffold,11,5000,6291,train
scaffold,11,5000,1805,train
scaffold,11,5000,12132,train
scaffold,11,5000,5015,train
scaffold,11,5000,15061,train
scaffold,11,5000,12860,train
scaffold,11,5000,12359,train
scaffold,11,5000,3555,train
scaffold,11,5000,10401,train
scaffold,11,5000,14670,train
scaffold,11,5000,3239,train
scaffold,11,5000,12945,train
scaffold,11,5000,2774,train
scaffold,11,5000,6995,train
scaffold,11,5000,11619,train
scaffold,11,5000,3792,train
scaffold,11,5000,7818,train
scaffold,11,5000,4728,train
scaffold,11,5000,13236,train
scaffold,11,5000,9074,train
scaffold,11,5000,2164,train
scaffold,11,5000,3742,train
scaffold,11,5000,12378,train
scaffold,11,5000,13853,train
scaffold,11,5000,1027,train
scaffold,11,5000,640,train
scaffold,11,5000,9688,train
scaffold,11,5000,13759,train
scaffold,11,5000,12628,train
scaffold,11,5000,7835,train
scaffold,11,5000,14176,train
scaffold,11,5000,3739,train
scaffold,11,5000,9792,train
scaffold,11,5000,13876,train
scaffold,11,5000,13315,train
scaffold,11,5000,5099,train
scaffold,11,5000,9295,train
scaffold,11,5000,6125,train
scaffold,11,5000,2937,train
scaffold,11,5000,2175,train
scaffold,11,5000,6913,train
scaffold,11,5000,8997,train
scaffold,11,5000,11305,train
scaffold,11,5000,1367,train
scaffold,11,5000,100,train
scaffold,11,5000,13561,train
scaffold,11,5000,2848,train
scaffold,11,5000,10849,train
scaffold,11,5000,13733,train
scaffold,11,5000,13557,train
scaffold,11,5000,10135,train
scaffold,11,5000,4250,train
scaffold,11,5000,11402,train
scaffold,11,5000,696,train
scaffold,11,5000,14812,train
scaffold,11,5000,6388,train
scaffold,11,5000,2968,train
scaffold,11,5000,5810,train
scaffold,11,5000,14279,train
scaffold,11,5000,13291,train
scaffold,11,5000,11744,train
scaffold,11,5000,8372,train
scaffold,11,5000,4570,train
scaffold,11,5000,14189,train
scaffold,11,5000,3262,train
scaffold,11,5000,2866,train
scaffold,11,5000,985,train
scaffold,11,5000,9486,train
scaffold,11,5000,4664,train
scaffold,11,5000,12630,train
scaffold,11,5000,7177,train
scaffold,11,5000,9176,train
scaffold,11,5000,14056,train
scaffold,11,5000,1042,train
scaffold,11,5000,8710,train
scaffold,11,5000,12209,train
scaffold,11,5000,10475,train
scaffold,11,5000,3101,train
scaffold,11,5000,2277,train
scaffold,11,5000,8651,train
scaffold,11,5000,6919,train
scaffold,11,5000,7804,train
scaffold,11,5000,2993,train
scaffold,11,5000,12597,train
scaffold,11,5000,12896,train
scaffold,11,5000,4939,train
scaffold,11,5000,11683,train
scaffold,11,5000,3498,train
scaffold,11,5000,12823,train
scaffold,11,5000,4040,train
scaffold,11,5000,7336,train
scaffold,11,5000,11017,train
scaffold,11,5000,10028,train
scaffold,11,5000,74,train
scaffold,11,5000,13697,train
scaffold,11,5000,9687,train
scaffold,11,5000,9860,train
scaffold,11,5000,11968,train
scaffold,11,5000,1286,train
scaffold,11,5000,112,train
scaffold,11,5000,6619,train
scaffold,11,5000,12839,train
scaffold,11,5000,10570,train
scaffold,11,5000,4245,train
scaffold,11,5000,12678,train
scaffold,11,5000,9775,train
scaffold,11,5000,15194,train
scaffold,11,5000,9592,train
scaffold,11,5000,14689,train
scaffold,11,5000,8972,train
scaffold,11,5000,12426,train
scaffold,11,5000,10646,train
scaffold,11,5000,9625,train
scaffold,11,5000,2907,train
scaffold,11,5000,1270,train
scaffold,11,5000,8705,train
scaffold,11,5000,4431,train
scaffold,11,5000,9901,train
scaffold,11,5000,4652,train
scaffold,11,5000,9782,train
scaffold,11,5000,9414,train
scaffold,11,5000,2702,train
scaffold,11,5000,3041,train
scaffold,11,5000,10049,train
scaffold,11,5000,2015,train
scaffold,11,5000,6161,train
scaffold,11,5000,6120,train
scaffold,11,5000,9293,train
scaffold,11,5000,3491,train
scaffold,11,5000,14875,train
scaffold,11,5000,9094,train
scaffold,11,5000,9746,train
scaffold,11,5000,5921,train
scaffold,11,5000,839,train
scaffold,11,5000,7291,train
scaffold,11,5000,2085,train
scaffold,11,5000,505,train
scaffold,11,5000,8838,train
scaffold,11,5000,1765,train
scaffold,11,5000,3417,train
scaffold,11,5000,472,train
scaffold,11,5000,8029,train
scaffold,11,5000,2149,train
scaffold,11,5000,7458,train
scaffold,11,5000,2775,train
scaffold,11,5000,2556,train
scaffold,11,5000,9753,train
scaffold,11,5000,6031,train
scaffold,11,5000,4733,train
scaffold,11,5000,11159,train
scaffold,11,5000,9606,train
scaffold,11,5000,814,train
scaffold,11,5000,2182,train
scaffold,11,5000,5365,train
scaffold,11,5000,3686,train
scaffold,11,5000,13545,train
scaffold,11,5000,10497,train
scaffold,11,5000,13217,train
scaffold,11,5000,12161,train
scaffold,11,5000,8251,train
scaffold,11,5000,10081,train
scaffold,11,5000,15158,train
scaffold,11,5000,12460,train
scaffold,11,5000,6273,train
scaffold,11,5000,3377,train
scaffold,11,5000,3557,train
scaffold,11,5000,165,train
scaffold,11,5000,12506,train
scaffold,11,5000,7624,train
scaffold,11,5000,56,train
scaffold,11,5000,2802,train
scaffold,11,5000,13003,train
scaffold,11,5000,9989,train
scaffold,11,5000,12920,train
scaffold,11,5000,14102,train
scaffold,11,5000,6063,train
scaffold,11,5000,12565,train
scaffold,11,5000,8542,train
scaffold,11,5000,156,train
scaffold,11,5000,4816,train
scaffold,11,5000,12536,train
scaffold,11,5000,4408,train
scaffold,11,5000,6402,train
scaffold,11,5000,9388,train
scaffold,11,5000,9475,train
scaffold,11,5000,1461,train
scaffold,11,5000,10932,train
scaffold,11,5000,2667,train
scaffold,11,5000,2040,train
scaffold,11,5000,3708,train
scaffold,11,5000,8162,train
scaffold,11,5000,11115,train
scaffold,11,5000,12935,train
scaffold,11,5000,11894,train
scaffold,11,5000,10351,train
scaffold,11,5000,6536,train
scaffold,11,5000,14777,train
scaffold,11,5000,4710,train
scaffold,11,5000,7798,train
scaffold,11,5000,8883,train
scaffold,11,5000,1683,train
scaffold,11,5000,14998,train
scaffold,11,5000,2672,train
scaffold,11,5000,8225,train
scaffold,11,5000,11205,train
scaffold,11,5000,6497,train
scaffold,11,5000,4559,train
scaffold,11,5000,14196,train
scaffold,11,5000,894,train
scaffold,11,5000,13843,train
scaffold,11,5000,3027,train
scaffold,11,5000,15149,train
scaffold,11,5000,9751,train
scaffold,11,5000,2220,train
scaffold,11,5000,11983,train
scaffold,11,5000,4151,train
scaffold,11,5000,397,train
scaffold,11,5000,4088,train
scaffold,11,5000,5874,train
scaffold,11,5000,8409,train
scaffold,11,5000,7912,train
scaffold,11,5000,9600,train
scaffold,11,5000,4315,train
scaffold,11,5000,12824,train
scaffold,11,5000,2166,train
scaffold,11,5000,7678,train
scaffold,11,5000,7046,train
scaffold,11,5000,10663,train
scaffold,11,5000,523,train
scaffold,11,5000,1124,train
scaffold,11,5000,3065,train
scaffold,11,5000,9942,train
scaffold,11,5000,8033,train
scaffold,11,5000,4519,train
scaffold,11,5000,11322,train
scaffold,11,5000,2850,train
scaffold,11,5000,3797,train
scaffold,11,5000,13261,train
scaffold,11,5000,9187,train
scaffold,11,5000,6389,train
scaffold,11,5000,2396,train
scaffold,11,5000,10501,train
scaffold,11,5000,7756,train
scaffold,11,5000,7897,train
scaffold,11,5000,4356,train
scaffold,11,5000,844,train
scaffold,11,5000,8459,train
scaffold,11,5000,13336,train
scaffold,11,5000,6454,train
scaffold,11,5000,6261,train
scaffold,11,5000,6855,train
scaffold,11,5000,8608,train
scaffold,11,5000,10213,train
scaffold,11,5000,11118,train
scaffold,11,5000,4848,train
scaffold,11,5000,8745,train
scaffold,11,5000,9362,train
scaffold,11,5000,6556,train
scaffold,11,5000,12842,train
scaffold,11,5000,14089,train
scaffold,11,5000,6805,train
scaffold,11,5000,6986,train
scaffold,11,5000,9669,train
scaffold,11,5000,13411,train
scaffold,11,5000,11430,train
scaffold,11,5000,8552,train
scaffold,11,5000,8726,train
scaffold,11,5000,7506,train
scaffold,11,5000,5660,train
scaffold,11,5000,11762,train
scaffold,11,5000,1808,train
scaffold,11,5000,4379,train
scaffold,11,5000,9274,train
scaffold,11,5000,11374,train
scaffold,11,5000,7073,train
scaffold,11,5000,11464,train
scaffold,11,5000,2730,train
scaffold,11,5000,6130,train
scaffold,11,5000,10199,train
scaffold,11,5000,7986,train
scaffold,11,5000,9911,train
scaffold,11,5000,7973,train
scaffold,11,5000,882,train
scaffold,11,5000,7367,train
scaffold,11,5000,14412,train
scaffold,11,5000,12248,train
scaffold,11,5000,815,train
scaffold,11,5000,3188,train
scaffold,11,5000,8824,train
scaffold,11,5000,40,train
scaffold,11,5000,8311,train
scaffold,11,5000,10355,train
scaffold,11,5000,12551,train
scaffold,11,5000,9095,train
scaffold,11,5000,15032,train
scaffold,11,5000,14031,train
scaffold,11,5000,6209,train
scaffold,11,5000,1465,train
scaffold,11,5000,7357,train
scaffold,11,5000,12113,train
scaffold,11,5000,869,train
scaffold,11,5000,2843,train
scaffold,11,5000,1556,train
scaffold,11,5000,3541,train
scaffold,11,5000,2770,train
scaffold,11,5000,8998,train
scaffold,11,5000,8186,train
scaffold,11,5000,9220,train
scaffold,11,5000,10065,train
scaffold,11,5000,8717,train
scaffold,11,5000,7595,train
scaffold,11,5000,2933,train
scaffold,11,5000,1271,train
scaffold,11,5000,4491,train
scaffold,11,5000,13714,train
scaffold,11,5000,7396,train
scaffold,11,5000,4603,train
scaffold,11,5000,7289,train
scaffold,11,5000,5889,train
scaffold,11,5000,3227,train
scaffold,11,5000,11651,train
scaffold,11,5000,189,train
scaffold,11,5000,3086,train
scaffold,11,5000,2404,train
scaffold,11,5000,3601,train
scaffold,11,5000,14188,train
scaffold,11,5000,8078,train
scaffold,11,5000,5915,train
scaffold,11,5000,2271,train
scaffold,11,5000,12844,train
scaffold,11,5000,11152,train
scaffold,11,5000,916,train
scaffold,11,5000,439,train
scaffold,11,5000,8941,train
scaffold,11,5000,12947,train
scaffold,11,5000,7341,train
scaffold,11,5000,12417,train
scaffold,11,5000,10203,train
scaffold,11,5000,10883,train
scaffold,11,5000,9820,train
scaffold,11,5000,8592,train
scaffold,11,5000,3850,train
scaffold,11,5000,4347,train
scaffold,11,5000,2969,train
scaffold,11,5000,2928,train
scaffold,11,5000,13051,train
scaffold,11,5000,12806,train
scaffold,11,5000,8281,train
scaffold,11,5000,9426,train
scaffold,11,5000,7650,train
scaffold,11,5000,3120,train
scaffold,11,5000,8045,train
scaffold,11,5000,12861,train
scaffold,11,5000,6639,train
scaffold,11,5000,3032,train
scaffold,11,5000,500,train
scaffold,11,5000,4636,train
scaffold,11,5000,8848,train
scaffold,11,5000,6428,train
scaffold,11,5000,6252,train
scaffold,11,5000,11733,train
scaffold,11,5000,14866,train
scaffold,11,5000,12876,train
scaffold,11,5000,2538,train
scaffold,11,5000,12510,train
scaffold,11,5000,5745,train
scaffold,11,5000,6653,train
scaffold,11,5000,13737,train
scaffold,11,5000,13492,train
scaffold,11,5000,9470,train
scaffold,11,5000,5207,train
scaffold,11,5000,5483,train
scaffold,11,5000,5438,train
scaffold,11,5000,896,train
scaffold,11,5000,239,train
scaffold,11,5000,5111,train
scaffold,11,5000,7688,train
scaffold,11,5000,1277,train
scaffold,11,5000,7108,train
scaffold,11,5000,8885,train
scaffold,11,5000,8286,train
scaffold,11,5000,2579,train
scaffold,11,5000,5985,train
scaffold,11,5000,14717,train
scaffold,11,5000,10779,train
scaffold,11,5000,3879,train
scaffold,11,5000,1530,train
scaffold,11,5000,8198,train
scaffold,11,5000,5148,train
scaffold,11,5000,7923,train
scaffold,11,5000,12020,train
scaffold,11,5000,13135,train
scaffold,11,5000,3761,train
scaffold,11,5000,12611,train
scaffold,11,5000,3264,train
scaffold,11,5000,6766,train
scaffold,11,5000,9725,train
scaffold,11,5000,5122,train
scaffold,11,5000,299,train
scaffold,11,5000,1843,train
scaffold,11,5000,1795,train
scaffold,11,5000,14238,train
scaffold,11,5000,11187,train
scaffold,11,5000,6498,train
scaffold,11,5000,14165,train
scaffold,11,5000,7515,train
scaffold,11,5000,8677,train
scaffold,11,5000,12862,train
scaffold,11,5000,14631,train
scaffold,11,5000,7684,train
scaffold,11,5000,512,train
scaffold,11,5000,6661,train
scaffold,11,5000,13977,train
scaffold,11,5000,7395,train
scaffold,11,5000,3838,train
scaffold,11,5000,12373,train
scaffold,11,5000,11674,train
scaffold,11,5000,11051,train
scaffold,11,5000,6304,train
scaffold,11,5000,11849,train
scaffold,11,5000,2641,train
scaffold,11,5000,14245,train
scaffold,11,5000,13056,train
scaffold,11,5000,3421,train
scaffold,11,5000,4595,train
scaffold,11,5000,3600,train
scaffold,11,5000,2568,train
scaffold,11,5000,11185,train
scaffold,11,5000,2541,train
scaffold,11,5000,4188,train
scaffold,11,5000,8861,train
scaffold,11,5000,3404,train
scaffold,11,5000,428,train
scaffold,11,5000,4236,train
scaffold,11,5000,8195,train
scaffold,11,5000,14232,train
scaffold,11,5000,12406,train
scaffold,11,5000,9188,train
scaffold,11,5000,10450,train
scaffold,11,5000,11915,train
scaffold,11,5000,8280,train
scaffold,11,5000,2285,train
scaffold,11,5000,12762,train
scaffold,11,5000,12925,train
scaffold,11,5000,9141,train
scaffold,11,5000,3502,train
scaffold,11,5000,9645,train
scaffold,11,5000,9825,train
scaffold,11,5000,7169,train
scaffold,11,5000,1931,train
scaffold,11,5000,14085,train
scaffold,11,5000,2566,train
scaffold,11,5000,6603,train
scaffold,11,5000,7492,train
scaffold,11,5000,4562,train
scaffold,11,5000,10925,train
scaffold,11,5000,463,train
scaffold,11,5000,7602,train
scaffold,11,5000,10432,train
scaffold,11,5000,9798,train
scaffold,11,5000,4809,train
scaffold,11,5000,12397,train
scaffold,11,5000,14227,train
scaffold,11,5000,10623,train
scaffold,11,5000,9731,train
scaffold,11,5000,14139,train
scaffold,11,5000,1663,train
scaffold,11,5000,5177,train
scaffold,11,5000,8648,train
scaffold,11,5000,8451,train
scaffold,11,5000,123,train
scaffold,11,5000,13361,train
scaffold,11,5000,10353,train
scaffold,11,5000,2895,train
scaffold,11,5000,8968,train
scaffold,11,5000,1123,train
scaffold,11,5000,11572,train
scaffold,11,5000,13532,train
scaffold,11,5000,12502,train
scaffold,11,5000,11261,train
scaffold,11,5000,11210,train
scaffold,11,5000,11438,train
scaffold,11,5000,13717,train
scaffold,11,5000,5006,train
scaffold,11,5000,6509,train
scaffold,11,5000,8009,train
scaffold,11,5000,11056,train
scaffold,11,5000,8817,train
scaffold,11,5000,11879,train
scaffold,11,5000,10892,train
scaffold,11,5000,4807,train
scaffold,11,5000,654,train
scaffold,11,5000,5829,train
scaffold,11,5000,12332,train
scaffold,11,5000,6164,train
scaffold,11,5000,2512,train
scaffold,11,5000,11643,train
scaffold,11,5000,10304,train
scaffold,11,5000,7427,train
scaffold,11,5000,8430,train
scaffold,11,5000,2240,train
scaffold,11,5000,5984,train
scaffold,11,5000,1815,train
scaffold,11,5000,6836,train
scaffold,11,5000,12779,train
scaffold,11,5000,14376,train
scaffold,11,5000,14868,train
scaffold,11,5000,11384,train
scaffold,11,5000,6625,train
scaffold,11,5000,8288,train
scaffold,11,5000,10907,train
scaffold,11,5000,2944,train
scaffold,11,5000,545,train
scaffold,11,5000,15020,train
scaffold,11,5000,13795,train
scaffold,11,5000,5878,train
scaffold,11,5000,6777,train
scaffold,11,5000,13396,train
scaffold,11,5000,11936,train
scaffold,11,5000,15125,train
scaffold,11,5000,5317,train
scaffold,11,5000,4293,train
scaffold,11,5000,4276,train
scaffold,11,5000,6943,train
scaffold,11,5000,14300,train
scaffold,11,5000,12939,train
scaffold,11,5000,2010,train
scaffold,11,5000,1920,train
scaffold,11,5000,6089,train
scaffold,11,5000,4225,train
scaffold,11,5000,2215,train
scaffold,11,5000,2973,train
scaffold,11,5000,9207,train
scaffold,11,5000,13227,train
scaffold,11,5000,1188,train
scaffold,11,5000,4365,train
scaffold,11,5000,3733,train
scaffold,11,5000,14003,train
scaffold,11,5000,7720,train
scaffold,11,5000,14295,train
scaffold,11,5000,4489,train
scaffold,11,5000,8588,train
scaffold,11,5000,3097,train
scaffold,11,5000,2714,train
scaffold,11,5000,12298,train
scaffold,11,5000,9350,train
scaffold,11,5000,6034,train
scaffold,11,5000,7191,train
scaffold,11,5000,10177,train
scaffold,11,5000,899,train
scaffold,11,5000,13329,train
scaffold,11,5000,5812,train
scaffold,11,5000,3007,train
scaffold,11,5000,10211,train
scaffold,11,5000,15192,train
scaffold,11,5000,698,train
scaffold,11,5000,13416,train
scaffold,11,5000,3630,train
scaffold,11,5000,10733,train
scaffold,11,5000,8703,train
scaffold,11,5000,13554,train
scaffold,11,5000,5191,train
scaffold,11,5000,6367,train
scaffold,11,5000,12951,train
scaffold,11,5000,1431,train
scaffold,11,5000,13842,train
scaffold,11,5000,13696,train
scaffold,11,5000,1023,train
scaffold,11,5000,1591,train
scaffold,11,5000,11239,train
scaffold,11,5000,5420,train
scaffold,11,5000,2763,train
scaffold,11,5000,13459,train
scaffold,11,5000,11068,train
scaffold,11,5000,5120,train
scaffold,11,5000,13212,train
scaffold,11,5000,12156,train
scaffold,11,5000,8068,train
scaffold,11,5000,13899,train
scaffold,11,5000,3772,train
scaffold,11,5000,8737,train
scaffold,11,5000,2262,train
scaffold,11,5000,10336,train
scaffold,11,5000,60,train
scaffold,11,5000,11371,train
scaffold,11,5000,9964,train
scaffold,11,5000,5567,train
scaffold,11,5000,7475,train
scaffold,11,5000,7900,train
scaffold,11,5000,10441,train
scaffold,11,5000,9906,train
scaffold,11,5000,173,train
scaffold,11,5000,926,train
scaffold,11,5000,2306,train
scaffold,11,5000,6592,train
scaffold,11,5000,3617,train
scaffold,11,5000,6207,train
scaffold,11,5000,925,train
scaffold,11,5000,12459,train
scaffold,11,5000,11053,train
scaffold,11,5000,4668,train
scaffold,11,5000,393,train
scaffold,11,5000,2539,train
scaffold,11,5000,1255,train
scaffold,11,5000,726,train
scaffold,11,5000,1576,train
scaffold,11,5000,1434,train
scaffold,11,5000,5030,train
scaffold,11,5000,3720,train
scaffold,11,5000,9290,train
scaffold,11,5000,8070,train
scaffold,11,5000,6744,train
scaffold,11,5000,8155,train
scaffold,11,5000,8995,train
scaffold,11,5000,4898,train
scaffold,11,5000,7442,train
scaffold,11,5000,3109,train
scaffold,11,5000,6168,train
scaffold,11,5000,1048,train
scaffold,11,5000,1766,train
scaffold,11,5000,6372,train
scaffold,11,5000,10924,train
scaffold,11,5000,7290,train
scaffold,11,5000,9242,train
scaffold,11,5000,2358,train
scaffold,11,5000,6439,train
scaffold,11,5000,2678,train
scaffold,11,5000,13956,train
scaffold,11,5000,6053,train
scaffold,11,5000,4873,train
scaffold,11,5000,4368,train
scaffold,11,5000,3529,train
scaffold,11,5000,2599,train
scaffold,11,5000,14381,train
scaffold,11,5000,7987,train
scaffold,11,5000,8872,train
scaffold,11,5000,872,train
scaffold,11,5000,7598,train
scaffold,11,5000,6344,train
scaffold,11,5000,6182,train
scaffold,11,5000,12304,train
scaffold,11,5000,1824,train
scaffold,11,5000,9225,train
scaffold,11,5000,14902,train
scaffold,11,5000,6109,train
scaffold,11,5000,12532,train
scaffold,11,5000,7055,train
scaffold,11,5000,14228,train
scaffold,11,5000,1332,train
scaffold,11,5000,2418,train
scaffold,11,5000,4318,train
scaffold,11,5000,10458,train
scaffold,11,5000,7361,train
scaffold,11,5000,5792,train
scaffold,11,5000,7043,train
scaffold,11,5000,625,train
scaffold,11,5000,8228,train
scaffold,11,5000,4712,train
scaffold,11,5000,6465,train
scaffold,11,5000,8156,train
scaffold,11,5000,5119,train
scaffold,11,5000,6242,train
scaffold,11,5000,1134,train
scaffold,11,5000,7374,train
scaffold,11,5000,14361,train
scaffold,11,5000,1771,train
scaffold,11,5000,7629,train
scaffold,11,5000,3358,train
scaffold,11,5000,10416,train
scaffold,11,5000,11746,train
scaffold,11,5000,2857,train
scaffold,11,5000,6196,train
scaffold,11,5000,14987,train
scaffold,11,5000,1190,train
scaffold,11,5000,6091,train
scaffold,11,5000,6129,train
scaffold,11,5000,7887,train
scaffold,11,5000,7152,train
scaffold,11,5000,4751,train
scaffold,11,5000,7215,train
scaffold,11,5000,10128,train
scaffold,11,5000,6368,train
scaffold,11,5000,5075,train
scaffold,11,5000,7977,train
scaffold,11,5000,851,train
scaffold,11,5000,13617,train
scaffold,11,5000,13053,train
scaffold,11,5000,1569,train
scaffold,11,5000,8875,train
scaffold,11,5000,13226,train
scaffold,11,5000,6469,train
scaffold,11,5000,6739,train
scaffold,11,5000,11979,train
scaffold,11,5000,14816,train
scaffold,11,5000,8589,train
scaffold,11,5000,6612,train
scaffold,11,5000,10400,train
scaffold,11,5000,2258,train
scaffold,11,5000,5198,train
scaffold,11,5000,7272,train
scaffold,11,5000,14488,train
scaffold,11,5000,13674,train
scaffold,11,5000,6065,train
scaffold,11,5000,8158,train
scaffold,11,5000,12289,train
scaffold,11,5000,6357,train
scaffold,11,5000,12717,train
scaffold,11,5000,6554,train
scaffold,11,5000,12067,train
scaffold,11,5000,14536,train
scaffold,11,5000,5245,train
scaffold,11,5000,3061,train
scaffold,11,5000,12764,train
scaffold,11,5000,7873,train
scaffold,11,5000,13506,train
scaffold,11,5000,8856,train
scaffold,11,5000,9011,train
scaffold,11,5000,947,train
scaffold,11,5000,1937,train
scaffold,11,5000,13095,train
scaffold,11,5000,11299,train
scaffold,11,5000,10357,train
scaffold,11,5000,14247,train
scaffold,11,5000,79,train
scaffold,11,5000,4203,train
scaffold,11,5000,6530,train
scaffold,11,5000,11102,train
scaffold,11,5000,8146,train
scaffold,11,5000,12263,train
scaffold,11,5000,10928,train
scaffold,11,5000,5383,train
scaffold,11,5000,3078,train
scaffold,11,5000,6464,train
scaffold,11,5000,9675,train
scaffold,11,5000,8201,train
scaffold,11,5000,14662,train
scaffold,11,5000,13822,train
scaffold,11,5000,8653,train
scaffold,11,5000,12180,train
scaffold,11,5000,13120,train
scaffold,11,5000,3652,train
scaffold,11,5000,2137,train
scaffold,11,5000,4508,train
scaffold,11,5000,2810,train
scaffold,11,5000,10474,train
scaffold,11,5000,13749,train
scaffold,11,5000,279,train
scaffold,11,5000,12922,train
scaffold,11,5000,607,train
scaffold,11,5000,11852,train
scaffold,11,5000,2325,train
scaffold,11,5000,9974,train
scaffold,11,5000,4397,train
scaffold,11,5000,4477,train
scaffold,11,5000,4443,train
scaffold,11,5000,9957,train
scaffold,11,5000,4606,train
scaffold,11,5000,13650,train
scaffold,11,5000,11775,train
scaffold,11,5000,4560,train
scaffold,11,5000,144,train
scaffold,11,5000,10867,train
scaffold,11,5000,8536,train
scaffold,11,5000,9172,train
scaffold,11,5000,1475,train
scaffold,11,5000,11648,train
scaffold,11,5000,3207,train
scaffold,11,5000,6098,train
scaffold,11,5000,13220,train
scaffold,11,5000,12718,train
scaffold,11,5000,6490,train
scaffold,11,5000,8610,train
scaffold,11,5000,13021,train
scaffold,11,5000,11321,train
scaffold,11,5000,9817,train
scaffold,11,5000,1358,train
scaffold,11,5000,10521,train
scaffold,11,5000,14404,train
scaffold,11,5000,5717,train
scaffold,11,5000,9809,train
scaffold,11,5000,2536,train
scaffold,11,5000,13875,train
scaffold,11,5000,172,train
scaffold,11,5000,2054,train
scaffold,11,5000,12662,train
scaffold,11,5000,11893,train
scaffold,11,5000,12401,train
scaffold,11,5000,12625,train
scaffold,11,5000,11995,train
scaffold,11,5000,427,train
scaffold,11,5000,6650,train
scaffold,11,5000,14654,train
scaffold,11,5000,5447,train
scaffold,11,5000,13935,train
scaffold,11,5000,11906,train
scaffold,11,5000,14972,train
scaffold,11,5000,10826,train
scaffold,11,5000,13105,train
scaffold,11,5000,3640,train
scaffold,11,5000,3393,train
scaffold,11,5000,5885,train
scaffold,11,5000,15051,train
scaffold,11,5000,3511,train
scaffold,11,5000,13814,train
scaffold,11,5000,3364,train
scaffold,11,5000,7824,train
scaffold,11,5000,4996,train
scaffold,11,5000,6937,train
scaffold,11,5000,7440,train
scaffold,11,5000,4999,train
scaffold,11,5000,8053,train
scaffold,11,5000,5578,train
scaffold,11,5000,10749,train
scaffold,11,5000,307,train
scaffold,11,5000,11699,train
scaffold,11,5000,9965,train
scaffold,11,5000,2941,train
scaffold,11,5000,8862,train
scaffold,11,5000,3478,train
scaffold,11,5000,2731,train
scaffold,11,5000,1563,train
scaffold,11,5000,12672,train
scaffold,11,5000,4863,train
scaffold,11,5000,10778,train
scaffold,11,5000,11771,train
scaffold,11,5000,3017,train
scaffold,11,5000,8150,train
scaffold,11,5000,4474,train
scaffold,11,5000,4496,train
scaffold,11,5000,6118,train
scaffold,11,5000,5538,train
scaffold,11,5000,7415,train
scaffold,11,5000,995,train
scaffold,11,5000,9855,train
scaffold,11,5000,8699,train
scaffold,11,5000,4836,train
scaffold,11,5000,12857,train
scaffold,11,5000,14604,train
scaffold,11,5000,2522,train
scaffold,11,5000,7386,train
scaffold,11,5000,1046,train
scaffold,11,5000,5665,train
scaffold,11,5000,14833,train
scaffold,11,5000,1763,train
scaffold,11,5000,3009,train
scaffold,11,5000,10506,train
scaffold,11,5000,14711,train
scaffold,11,5000,13906,train
scaffold,11,5000,10739,train
scaffold,11,5000,4973,train
scaffold,11,5000,3940,train
scaffold,11,5000,14392,train
scaffold,11,5000,5855,train
scaffold,11,5000,8274,train
scaffold,11,5000,1341,train
scaffold,11,5000,10763,train
scaffold,11,5000,697,train
scaffold,11,5000,7809,train
scaffold,11,5000,4320,train
scaffold,11,5000,5494,train
scaffold,11,5000,7348,train
scaffold,11,5000,9932,train
scaffold,11,5000,3082,train
scaffold,11,5000,8965,train
scaffold,11,5000,6487,train
scaffold,11,5000,13165,train
scaffold,11,5000,7757,train
scaffold,11,5000,11100,train
scaffold,11,5000,30,train
scaffold,11,5000,11339,train
scaffold,11,5000,7954,train
scaffold,11,5000,14895,train
scaffold,11,5000,8487,train
scaffold,11,5000,14257,train
scaffold,11,5000,5916,train
scaffold,11,5000,2405,train
scaffold,11,5000,10438,train
scaffold,11,5000,7366,train
scaffold,11,5000,7701,train
scaffold,11,5000,11510,train
scaffold,11,5000,11710,train
scaffold,11,5000,8570,train
scaffold,11,5000,7166,train
scaffold,11,5000,6396,train
scaffold,11,5000,11109,train
scaffold,11,5000,960,train
scaffold,11,5000,9502,train
scaffold,11,5000,2349,train
scaffold,11,5000,11829,train
scaffold,11,5000,5309,train
scaffold,11,5000,2340,train
scaffold,11,5000,9596,train
scaffold,11,5000,6110,train
scaffold,11,5000,12114,train
scaffold,11,5000,15049,train
scaffold,11,5000,4594,train
scaffold,11,5000,13103,train
scaffold,11,5000,694,train
scaffold,11,5000,1751,train
scaffold,11,5000,14905,train
scaffold,11,5000,10149,train
scaffold,11,5000,214,train
scaffold,11,5000,8874,train
scaffold,11,5000,1133,train
scaffold,11,5000,14933,train
scaffold,11,5000,7654,train
scaffold,11,5000,14786,train
scaffold,11,5000,10293,train
scaffold,11,5000,3507,train
scaffold,11,5000,10234,train
scaffold,11,5000,13122,train
scaffold,11,5000,12137,train
scaffold,11,5000,6668,train
scaffold,11,5000,6366,train
scaffold,11,5000,6080,train
scaffold,11,5000,3509,train
scaffold,11,5000,693,train
scaffold,11,5000,14009,train
scaffold,11,5000,6474,train
scaffold,11,5000,1682,train
scaffold,11,5000,11004,train
scaffold,11,5000,6909,train
scaffold,11,5000,7784,train
scaffold,11,5000,10187,train
scaffold,11,5000,1713,train
scaffold,11,5000,11739,train
scaffold,11,5000,6955,train
scaffold,11,5000,4115,train
scaffold,11,5000,3975,train
scaffold,11,5000,6268,train
scaffold,11,5000,3814,train
scaffold,11,5000,5441,train
scaffold,11,5000,13301,train
scaffold,11,5000,8055,train
scaffold,11,5000,11327,train
scaffold,11,5000,8212,train
scaffold,11,5000,10238,train
scaffold,11,5000,11063,train
scaffold,11,5000,9601,train
scaffold,11,5000,3259,train
scaffold,11,5000,11883,train
scaffold,11,5000,9654,train
scaffold,11,5000,2783,train
scaffold,11,5000,11638,train
scaffold,11,5000,7018,train
scaffold,11,5000,4878,train
scaffold,11,5000,8472,train
scaffold,11,5000,5719,train
scaffold,11,5000,8303,train
scaffold,11,5000,7773,train
scaffold,11,5000,3770,train
scaffold,11,5000,8667,train
scaffold,11,5000,9627,train
scaffold,11,5000,5774,train
scaffold,11,5000,14881,train
scaffold,11,5000,1080,train
scaffold,11,5000,335,train
scaffold,11,5000,1813,train
scaffold,11,5000,10485,train
scaffold,11,5000,8996,train
scaffold,11,5000,14038,train
scaffold,11,5000,13555,train
scaffold,11,5000,256,train
scaffold,11,5000,6256,train
scaffold,11,5000,4258,train
scaffold,11,5000,10601,train
scaffold,11,5000,686,train
scaffold,11,5000,6471,train
scaffold,11,5000,14911,train
scaffold,11,5000,4232,train
scaffold,11,5000,6298,train
scaffold,11,5000,7536,train
scaffold,11,5000,4916,train
scaffold,11,5000,2232,train
scaffold,11,5000,9693,train
scaffold,11,5000,7735,train
scaffold,11,5000,10300,train
scaffold,11,5000,14210,train
scaffold,11,5000,8556,train
scaffold,11,5000,10829,train
scaffold,11,5000,13244,train
scaffold,11,5000,9024,train
scaffold,11,5000,14645,train
scaffold,11,5000,10096,train
scaffold,11,5000,3907,train
scaffold,11,5000,10420,train
scaffold,11,5000,3330,train
scaffold,11,5000,13079,train
scaffold,11,5000,14226,train
scaffold,11,5000,8566,train
scaffold,11,5000,9589,train
scaffold,11,5000,11833,train
scaffold,11,5000,3010,train
scaffold,11,5000,6535,train
scaffold,11,5000,10382,train
scaffold,11,5000,10011,train
scaffold,11,5000,6154,train
scaffold,11,5000,14585,train
scaffold,11,5000,9736,train
scaffold,11,5000,10107,train
scaffold,11,5000,453,train
scaffold,11,5000,2366,train
scaffold,11,5000,3929,train
scaffold,11,5000,12730,train
scaffold,11,5000,659,train
scaffold,11,5000,2684,train
scaffold,11,5000,2229,train
scaffold,11,5000,7657,train
scaffold,11,5000,5121,train
scaffold,11,5000,2275,train
scaffold,11,5000,1716,train
scaffold,11,5000,13490,train
scaffold,11,5000,14148,train
scaffold,11,5000,5930,train
scaffold,11,5000,9111,train
scaffold,11,5000,14093,train
scaffold,11,5000,8250,train
scaffold,11,5000,5463,train
scaffold,11,5000,8607,train
scaffold,11,5000,4884,train
scaffold,11,5000,8544,train
scaffold,11,5000,4249,train
scaffold,11,5000,11948,train
scaffold,11,5000,2773,train
scaffold,11,5000,566,train
scaffold,11,5000,13485,train
scaffold,11,5000,14078,train
scaffold,11,5000,13389,train
scaffold,11,5000,9871,train
scaffold,11,5000,8936,train
scaffold,11,5000,9336,train
scaffold,11,5000,14357,train
scaffold,11,5000,11098,train
scaffold,11,5000,6729,train
scaffold,11,5000,6202,train
scaffold,11,5000,11799,train
scaffold,11,5000,231,train
scaffold,11,5000,7174,train
scaffold,11,5000,395,train
scaffold,11,5000,9937,train
scaffold,11,5000,4340,train
scaffold,11,5000,8142,train
scaffold,11,5000,2073,train
scaffold,11,5000,8682,train
scaffold,11,5000,10431,train
scaffold,11,5000,4845,train
scaffold,11,5000,13060,train
scaffold,11,5000,8257,train
scaffold,11,5000,4441,train
scaffold,11,5000,134,train
scaffold,11,5000,12300,train
scaffold,11,5000,12836,train
scaffold,11,5000,906,train
scaffold,11,5000,3147,train
scaffold,11,5000,1362,train
scaffold,11,5000,14266,train
scaffold,11,5000,7901,train
scaffold,11,5000,9980,train
scaffold,11,5000,11863,train
scaffold,11,5000,7195,train
scaffold,11,5000,12221,train
scaffold,11,5000,3870,train
scaffold,11,5000,10282,train
scaffold,11,5000,9183,train
scaffold,11,5000,5866,train
scaffold,11,5000,3863,train
scaffold,11,5000,1935,train
scaffold,11,5000,4503,train
scaffold,11,5000,10228,train
scaffold,11,5000,5697,train
scaffold,11,5000,7244,train
scaffold,11,5000,4439,train
scaffold,11,5000,4672,train
scaffold,11,5000,9823,train
scaffold,11,5000,9418,train
scaffold,11,5000,10870,train
scaffold,11,5000,11148,train
scaffold,11,5000,9780,train
scaffold,11,5000,5569,train
scaffold,11,5000,10707,train
scaffold,11,5000,11750,train
scaffold,11,5000,10140,train
scaffold,11,5000,7431,train
scaffold,11,5000,2603,train
scaffold,11,5000,4207,train
scaffold,11,5000,5655,train
scaffold,11,5000,10632,train
scaffold,11,5000,3678,train
scaffold,11,5000,6610,train
scaffold,11,5000,9155,train
scaffold,11,5000,2549,train
scaffold,11,5000,46,train
scaffold,11,5000,10757,train
scaffold,11,5000,7240,train
scaffold,11,5000,4150,train
scaffold,11,5000,4722,train
scaffold,11,5000,12264,train
scaffold,11,5000,4213,train
scaffold,11,5000,7142,train
scaffold,11,5000,2032,train
scaffold,11,5000,569,train
scaffold,11,5000,7588,train
scaffold,11,5000,1729,train
scaffold,11,5000,1049,train
scaffold,11,5000,11814,train
scaffold,11,5000,4077,train
scaffold,11,5000,4896,train
scaffold,11,5000,12914,train
scaffold,11,5000,650,train
scaffold,11,5000,127,train
scaffold,11,5000,10576,train
scaffold,11,5000,4950,train
scaffold,11,5000,9277,train
scaffold,11,5000,6457,train
scaffold,11,5000,12190,train
scaffold,11,5000,10790,train
scaffold,11,5000,6576,train
scaffold,11,5000,2839,train
scaffold,11,5000,5856,train
scaffold,11,5000,11250,train
scaffold,11,5000,8599,train
scaffold,11,5000,10159,train
scaffold,11,5000,6418,train
scaffold,11,5000,13564,train
scaffold,11,5000,4326,train
scaffold,11,5000,8103,train
scaffold,11,5000,5675,train
scaffold,11,5000,9021,train
scaffold,11,5000,10306,train
scaffold,11,5000,1053,train
scaffold,11,5000,5213,train
scaffold,11,5000,11900,train
scaffold,11,5000,14425,train
scaffold,11,5000,4887,train
scaffold,11,5000,3821,train
scaffold,11,5000,12865,train
scaffold,11,5000,1193,train
scaffold,11,5000,7658,train
scaffold,11,5000,1387,train
scaffold,11,5000,7363,train
scaffold,11,5000,13606,train
scaffold,11,5000,10777,train
scaffold,11,5000,3512,train
scaffold,11,5000,13116,train
scaffold,11,5000,835,train
scaffold,11,5000,11447,train
scaffold,11,5000,9588,train
scaffold,11,5000,14734,train
scaffold,11,5000,12897,train
scaffold,11,5000,5241,train
scaffold,11,5000,13247,train
scaffold,11,5000,1604,train
scaffold,11,5000,6229,train
scaffold,11,5000,11672,train
scaffold,11,5000,1799,train
scaffold,11,5000,444,train
scaffold,11,5000,2445,train
scaffold,11,5000,11748,train
scaffold,11,5000,8081,train
scaffold,11,5000,2513,train
scaffold,11,5000,14233,train
scaffold,11,5000,3813,train
scaffold,11,5000,6658,train
scaffold,11,5000,2668,train
scaffold,11,5000,2051,train
scaffold,11,5000,9007,train
scaffold,11,5000,2399,train
scaffold,11,5000,1449,train
scaffold,11,5000,10413,train
scaffold,11,5000,8515,train
scaffold,11,5000,14518,train
scaffold,11,5000,3781,train
scaffold,11,5000,3844,train
scaffold,11,5000,12076,train
scaffold,11,5000,15181,train
scaffold,11,5000,5060,train
scaffold,11,5000,973,train
scaffold,11,5000,7362,train
scaffold,11,5000,12296,train
scaffold,11,5000,2014,train
scaffold,11,5000,4061,train
scaffold,11,5000,8655,train
scaffold,11,5000,2179,train
scaffold,11,5000,328,train
scaffold,11,5000,786,train
scaffold,11,5000,7882,train
scaffold,11,5000,2477,train
scaffold,11,5000,5766,train
scaffold,11,5000,14507,train
scaffold,11,5000,9206,train
scaffold,11,5000,13109,train
scaffold,11,5000,4605,train
scaffold,11,5000,3351,train
scaffold,11,5000,6807,train
scaffold,11,5000,2580,train
scaffold,11,5000,5065,train
scaffold,11,5000,14198,train
scaffold,11,5000,1127,train
scaffold,11,5000,867,train
scaffold,11,5000,9976,train
scaffold,11,5000,6224,train
scaffold,11,5000,9830,train
scaffold,11,5000,15096,train
scaffold,11,5000,5216,train
scaffold,11,5000,2837,train
scaffold,11,5000,13943,train
scaffold,11,5000,2691,train
scaffold,11,5000,7501,train
scaffold,11,5000,6860,train
scaffold,11,5000,3938,train
scaffold,11,5000,1640,train
scaffold,11,5000,11549,train
scaffold,11,5000,11395,train
scaffold,11,5000,12870,train
scaffold,11,5000,12195,train
scaffold,11,5000,383,train
scaffold,11,5000,1675,train
scaffold,11,5000,8980,train
scaffold,11,5000,596,train
scaffold,11,5000,1743,train
scaffold,11,5000,11963,train
scaffold,11,5000,9365,train
scaffold,11,5000,13352,train
scaffold,11,5000,7983,train
scaffold,11,5000,9971,train
scaffold,11,5000,13755,train
scaffold,11,5000,12858,train
scaffold,11,5000,4274,train
scaffold,11,5000,12509,train
scaffold,11,5000,10410,train
scaffold,11,5000,2410,train
scaffold,11,5000,849,train
scaffold,11,5000,2676,train
scaffold,11,5000,23,train
scaffold,11,5000,8704,train
scaffold,11,5000,3457,train
scaffold,11,5000,12895,train
scaffold,11,5000,11255,train
scaffold,11,5000,8399,train
scaffold,11,5000,11930,train
scaffold,11,5000,9185,train
scaffold,11,5000,1812,train
scaffold,11,5000,6692,train
scaffold,11,5000,501,train
scaffold,11,5000,10927,train
scaffold,11,5000,13739,train
scaffold,11,5000,13716,train
scaffold,11,5000,10746,train
scaffold,11,5000,1744,train
scaffold,11,5000,13708,train
scaffold,11,5000,12207,train
scaffold,11,5000,8125,train
scaffold,11,5000,1435,train
scaffold,11,5000,5485,train
scaffold,11,5000,14549,train
scaffold,11,5000,4273,train
scaffold,11,5000,14930,train
scaffold,11,5000,9584,train
scaffold,11,5000,3148,train
scaffold,11,5000,12429,train
scaffold,11,5000,8969,train
scaffold,11,5000,2150,train
scaffold,11,5000,3136,train
scaffold,11,5000,10791,train
scaffold,11,5000,12372,train
scaffold,11,5000,8094,train
scaffold,11,5000,9310,train
scaffold,11,5000,11870,train
scaffold,11,5000,12503,train
scaffold,11,5000,235,train
scaffold,11,5000,3621,train
scaffold,11,5000,5978,train
scaffold,11,5000,14221,train
scaffold,11,5000,4204,train
scaffold,11,5000,14552,train
scaffold,11,5000,14697,train
scaffold,11,5000,12944,train
scaffold,11,5000,14121,train
scaffold,11,5000,2107,train
scaffold,11,5000,1278,train
scaffold,11,5000,2324,train
scaffold,11,5000,8411,train
scaffold,11,5000,10574,train
scaffold,11,5000,2751,train
scaffold,11,5000,673,train
scaffold,11,5000,11457,train
scaffold,11,5000,13929,train
scaffold,11,5000,7731,train
scaffold,11,5000,6213,train
scaffold,11,5000,1199,train
scaffold,11,5000,9483,train
scaffold,11,5000,11676,train
scaffold,11,5000,3283,train
scaffold,11,5000,8256,train
scaffold,11,5000,9764,train
scaffold,11,5000,12082,train
scaffold,11,5000,2484,train
scaffold,11,5000,10742,train
scaffold,11,5000,989,train
scaffold,11,5000,6675,train
scaffold,11,5000,11720,train
scaffold,11,5000,1809,train
scaffold,11,5000,4386,train
scaffold,11,5000,806,train
scaffold,11,5000,12222,train
scaffold,11,5000,1379,train
scaffold,11,5000,5443,train
scaffold,11,5000,13114,train
scaffold,11,5000,4145,train
scaffold,11,5000,2030,train
scaffold,11,5000,10284,train
scaffold,11,5000,850,train
scaffold,11,5000,4277,train
scaffold,11,5000,3220,train
scaffold,11,5000,8674,train
scaffold,11,5000,1325,train
scaffold,11,5000,10994,train
scaffold,11,5000,1693,train
scaffold,11,5000,14891,train
scaffold,11,5000,459,train
scaffold,11,5000,15182,train
scaffold,11,5000,955,train
scaffold,11,5000,13279,train
scaffold,11,5000,7016,train
scaffold,11,5000,8804,train
scaffold,11,5000,5891,train
scaffold,11,5000,1266,train
scaffold,11,5000,7235,train
scaffold,11,5000,1524,train
scaffold,11,5000,12028,train
scaffold,11,5000,5336,train
scaffold,11,5000,8386,train
scaffold,11,5000,37,train
scaffold,11,5000,2586,train
scaffold,11,5000,5475,train
scaffold,11,5000,9133,train
scaffold,11,5000,7960,train
scaffold,11,5000,14976,train
scaffold,11,5000,8739,train
scaffold,11,5000,11386,train
scaffold,11,5000,11650,train
scaffold,11,5000,10122,train
scaffold,11,5000,12358,train
scaffold,11,5000,5456,train
scaffold,11,5000,12453,train
scaffold,11,5000,13130,train
scaffold,11,5000,13583,train
scaffold,11,5000,11420,train
scaffold,11,5000,1096,train
scaffold,11,5000,10831,train
scaffold,11,5000,6374,train
scaffold,11,5000,874,train
scaffold,11,5000,986,train
scaffold,11,5000,4517,train
scaffold,11,5000,7087,train
scaffold,11,5000,1686,train
scaffold,11,5000,2446,train
scaffold,11,5000,5960,train
scaffold,11,5000,11139,train
scaffold,11,5000,10899,train
scaffold,11,5000,735,train
scaffold,11,5000,13089,train
scaffold,11,5000,2778,train
scaffold,11,5000,6976,train
scaffold,11,5000,3265,train
scaffold,11,5000,636,train
scaffold,11,5000,12146,train
scaffold,11,5000,13005,train
scaffold,11,5000,2257,train
scaffold,11,5000,10810,train
scaffold,11,5000,1888,train
scaffold,11,5000,3197,train
scaffold,11,5000,8322,train
scaffold,11,5000,91,train
scaffold,11,5000,13295,train
scaffold,11,5000,5528,train
scaffold,11,5000,10656,train
scaffold,11,5000,13340,train
scaffold,11,5000,9192,train
scaffold,11,5000,6598,train
scaffold,11,5000,13149,train
scaffold,11,5000,11415,train
scaffold,11,5000,11105,train
scaffold,11,5000,4568,train
scaffold,11,5000,3381,train
scaffold,11,5000,11275,train
scaffold,11,5000,5297,train
scaffold,11,5000,12388,train
scaffold,11,5000,4240,train
scaffold,11,5000,13537,train
scaffold,11,5000,6176,train
scaffold,11,5000,9518,train
scaffold,11,5000,2243,train
scaffold,11,5000,6666,train
scaffold,11,5000,5919,train
scaffold,11,5000,3538,train
scaffold,11,5000,12239,train
scaffold,11,5000,0,train
scaffold,11,5000,10471,train
scaffold,11,5000,11763,train
scaffold,11,5000,14110,train
scaffold,11,5000,12276,train
scaffold,11,5000,12369,train
scaffold,11,5000,7530,train
scaffold,11,5000,460,train
scaffold,11,5000,9977,train
scaffold,11,5000,14193,train
scaffold,11,5000,1081,train
scaffold,11,5000,8333,train
scaffold,11,5000,6376,train
scaffold,11,5000,3773,train
scaffold,11,5000,6788,train
scaffold,11,5000,2284,train
scaffold,11,5000,14773,train
scaffold,11,5000,5484,train
scaffold,11,5000,13591,train
scaffold,11,5000,6829,train
scaffold,11,5000,10636,train
scaffold,11,5000,7411,train
scaffold,11,5000,14322,train
scaffold,11,5000,9623,train
scaffold,11,5000,2134,train
scaffold,11,5000,13546,train
scaffold,11,5000,13437,train
scaffold,11,5000,11285,train
scaffold,11,5000,15110,train
scaffold,11,5000,3566,train
scaffold,11,5000,647,train
scaffold,11,5000,8380,train
scaffold,11,5000,10680,train
scaffold,11,5000,3698,train
scaffold,11,5000,12049,train
scaffold,11,5000,1728,train
scaffold,11,5000,13072,train
scaffold,11,5000,5478,train
scaffold,11,5000,12664,train
scaffold,11,5000,10650,train
scaffold,11,5000,3724,train
scaffold,11,5000,13649,train
scaffold,11,5000,5401,train
scaffold,11,5000,6703,train
scaffold,11,5000,11817,train
scaffold,11,5000,2971,train
scaffold,11,5000,10276,train
scaffold,11,5000,962,train
scaffold,11,5000,3788,train
scaffold,11,5000,1499,train
scaffold,11,5000,12266,train
scaffold,11,5000,9943,train
scaffold,11,5000,9832,train
scaffold,11,5000,14528,train
scaffold,11,5000,2319,train
scaffold,11,5000,8959,train
scaffold,11,5000,4479,train
scaffold,11,5000,11293,train
scaffold,11,5000,9147,train
scaffold,11,5000,1263,train
scaffold,11,5000,7327,train
scaffold,11,5000,11014,train
scaffold,11,5000,3740,train
scaffold,11,5000,6529,train
scaffold,11,5000,616,train
scaffold,11,5000,7314,train
scaffold,11,5000,703,train
scaffold,11,5000,4804,train
scaffold,11,5000,1019,train
scaffold,11,5000,2485,train
scaffold,11,5000,11379,train
scaffold,11,5000,13911,train
scaffold,11,5000,11515,train
scaffold,11,5000,12878,train
scaffold,11,5000,14140,train
scaffold,11,5000,12088,train
scaffold,11,5000,15082,train
scaffold,11,5000,4039,train
scaffold,11,5000,5564,train
scaffold,11,5000,10921,train
scaffold,11,5000,386,train
scaffold,11,5000,5273,train
scaffold,11,5000,14137,train
scaffold,11,5000,5011,train
scaffold,11,5000,2949,train
scaffold,11,5000,13520,train
scaffold,11,5000,4902,train
scaffold,11,5000,2638,train
scaffold,11,5000,2013,train
scaffold,11,5000,14511,train
scaffold,11,5000,8686,train
scaffold,11,5000,6632,train
scaffold,11,5000,12770,train
scaffold,11,5000,8927,train
scaffold,11,5000,10562,train
scaffold,11,5000,5090,train
scaffold,11,5000,8182,train
scaffold,11,5000,7193,train
scaffold,11,5000,7335,train
scaffold,11,5000,9392,train
scaffold,11,5000,6360,train
scaffold,11,5000,3769,train
scaffold,11,5000,9633,train
scaffold,11,5000,6362,train
scaffold,11,5000,1038,train
scaffold,11,5000,10893,train
scaffold,11,5000,7634,train
scaffold,11,5000,278,train
scaffold,11,5000,7110,train
scaffold,11,5000,3626,train
scaffold,11,5000,7346,train
scaffold,11,5000,7080,train
scaffold,11,5000,6553,train
scaffold,11,5000,6537,train
scaffold,11,5000,4540,train
scaffold,11,5000,1978,train
scaffold,11,5000,4146,train
scaffold,11,5000,9593,train
scaffold,11,5000,4428,train
scaffold,11,5000,3413,train
scaffold,11,5000,2435,train
scaffold,11,5000,2849,train
scaffold,11,5000,3914,train
scaffold,11,5000,1965,train
scaffold,11,5000,5764,train
scaffold,11,5000,9638,train
scaffold,11,5000,5390,train
scaffold,11,5000,7330,train
scaffold,11,5000,9064,train
scaffold,11,5000,795,train
scaffold,11,5000,9757,train
scaffold,11,5000,10186,train
scaffold,11,5000,5007,train
scaffold,11,5000,3495,train
scaffold,11,5000,387,train
scaffold,11,5000,8271,train
scaffold,11,5000,13933,train
scaffold,11,5000,13406,train
scaffold,11,5000,15017,train
scaffold,11,5000,8211,train
scaffold,11,5000,9495,train
scaffold,11,5000,15070,train
scaffold,11,5000,2945,train
scaffold,11,5000,8977,train
scaffold,11,5000,2199,train
scaffold,11,5000,6871,train
scaffold,11,5000,2769,train
scaffold,11,5000,9913,train
scaffold,11,5000,11941,train
scaffold,11,5000,473,train
scaffold,11,5000,12698,train
scaffold,11,5000,12230,train
scaffold,11,5000,269,train
scaffold,11,5000,11519,train
scaffold,11,5000,9197,train
scaffold,11,5000,3684,train
scaffold,11,5000,5018,train
scaffold,11,5000,13294,train
scaffold,11,5000,14740,train
scaffold,11,5000,4418,train
scaffold,11,5000,2352,train
scaffold,11,5000,10799,train
scaffold,11,5000,98,train
scaffold,11,5000,115,train
scaffold,11,5000,7523,train
scaffold,11,5000,2424,train
scaffold,11,5000,3254,train
scaffold,11,5000,4895,train
scaffold,11,5000,11442,train
scaffold,11,5000,1925,train
scaffold,11,5000,14073,train
scaffold,11,5000,10550,train
scaffold,11,5000,9125,train
scaffold,11,5000,1961,train
scaffold,11,5000,5225,train
scaffold,11,5000,1652,train
scaffold,11,5000,3890,train
scaffold,11,5000,3481,train
scaffold,11,5000,6685,train
scaffold,11,5000,3470,train
scaffold,11,5000,12,train
scaffold,11,5000,6867,train
scaffold,11,5000,6077,train
scaffold,11,5000,13325,train
scaffold,11,5000,12434,train
scaffold,11,5000,1839,train
scaffold,11,5000,14290,train
scaffold,11,5000,11885,train
scaffold,11,5000,54,train
scaffold,11,5000,11461,train
scaffold,11,5000,6707,train
scaffold,11,5000,5294,train
scaffold,11,5000,8994,train
scaffold,11,5000,8040,train
scaffold,11,5000,13433,train
scaffold,11,5000,1642,train
scaffold,11,5000,8953,train
scaffold,11,5000,9071,train
scaffold,11,5000,10675,train
scaffold,11,5000,4505,train
scaffold,11,5000,12155,train
scaffold,11,5000,3832,train
scaffold,11,5000,14836,train
scaffold,11,5000,819,train
scaffold,11,5000,2437,train
scaffold,11,5000,9300,train
scaffold,11,5000,1485,train
scaffold,11,5000,13917,train
scaffold,11,5000,2542,train
scaffold,11,5000,1835,train
scaffold,11,5000,12575,train
scaffold,11,5000,5542,train
scaffold,11,5000,1658,train
scaffold,11,5000,8478,train
scaffold,11,5000,1500,train
scaffold,11,5000,11955,train
scaffold,11,5000,14767,train
scaffold,11,5000,2738,train
scaffold,11,5000,1779,train
scaffold,11,5000,900,train
scaffold,11,5000,13774,train
scaffold,11,5000,10397,train
scaffold,11,5000,9754,train
scaffold,11,5000,8178,train
scaffold,11,5000,9278,train
scaffold,11,5000,3931,train
scaffold,11,5000,10782,train
scaffold,11,5000,1601,train
scaffold,11,5000,8445,train
scaffold,11,5000,6824,train
scaffold,11,5000,11630,train
scaffold,11,5000,4093,train
scaffold,11,5000,6698,train
scaffold,11,5000,10625,train
scaffold,11,5000,1746,train
scaffold,11,5000,5933,train
scaffold,11,5000,7164,train
scaffold,11,5000,7333,train
scaffold,11,5000,5181,train
scaffold,11,5000,10664,train
scaffold,11,5000,4187,train
scaffold,11,5000,3554,train
scaffold,11,5000,1355,train
scaffold,11,5000,5867,train
scaffold,11,5000,12037,train
scaffold,11,5000,7294,train
scaffold,11,5000,4502,train
scaffold,11,5000,9710,train
scaffold,11,5000,4079,train
scaffold,11,5000,4759,train
scaffold,11,5000,14268,train
scaffold,11,5000,11496,train
scaffold,11,5000,1999,train
scaffold,11,5000,13988,train
scaffold,11,5000,612,train
scaffold,11,5000,11757,train
scaffold,11,5000,7074,train
scaffold,11,5000,5045,train
scaffold,11,5000,2038,train
scaffold,11,5000,15025,train
scaffold,11,5000,2901,train
scaffold,11,5000,4454,train
scaffold,11,5000,9745,train
scaffold,11,5000,10659,train
scaffold,11,5000,3346,train
scaffold,11,5000,13941,train
scaffold,11,5000,3055,train
scaffold,11,5000,1282,train
scaffold,11,5000,6558,train
scaffold,11,5000,14712,train
scaffold,11,5000,3123,train
scaffold,11,5000,7596,train
scaffold,11,5000,9198,train
scaffold,11,5000,1070,train
scaffold,11,5000,2471,train
scaffold,11,5000,3851,train
scaffold,11,5000,11029,train
scaffold,11,5000,8005,train
scaffold,11,5000,5329,train
scaffold,11,5000,12403,train
scaffold,11,5000,11559,train
scaffold,11,5000,4100,train
scaffold,11,5000,13284,train
scaffold,11,5000,12685,train
scaffold,11,5000,3562,train
scaffold,11,5000,9831,train
scaffold,11,5000,13792,train
scaffold,11,5000,15094,train
scaffold,11,5000,8419,train
scaffold,11,5000,14889,train
scaffold,11,5000,14222,train
scaffold,11,5000,13200,train
scaffold,11,5000,4732,train
scaffold,11,5000,6411,train
scaffold,11,5000,10026,train
scaffold,11,5000,9735,train
scaffold,11,5000,3916,train
scaffold,11,5000,5162,train
scaffold,11,5000,5679,train
scaffold,11,5000,1366,train
scaffold,11,5000,8161,train
scaffold,11,5000,13356,train
scaffold,11,5000,7715,train
scaffold,11,5000,8361,train
scaffold,11,5000,1889,train
scaffold,11,5000,13180,train
scaffold,11,5000,6786,train
scaffold,11,5000,4482,train
scaffold,11,5000,8581,train
scaffold,11,5000,3083,train
scaffold,11,5000,12351,train
scaffold,11,5000,14516,train
scaffold,11,5000,1283,train
scaffold,11,5000,5723,train
scaffold,11,5000,12454,train
scaffold,11,5000,4524,train
scaffold,11,5000,10730,train
scaffold,11,5000,11329,train
scaffold,11,5000,2136,train
scaffold,11,5000,188,train
scaffold,11,5000,14138,train
scaffold,11,5000,11935,train
scaffold,11,5000,4108,train
scaffold,11,5000,14601,train
scaffold,11,5000,3030,train
scaffold,11,5000,2836,train
scaffold,11,5000,6876,train
scaffold,11,5000,7030,train
scaffold,11,5000,9196,train
scaffold,11,5000,12042,train
scaffold,11,5000,3150,train
scaffold,11,5000,354,train
scaffold,11,5000,1656,train
scaffold,11,5000,3556,train
scaffold,11,5000,9164,train
scaffold,11,5000,9053,train
scaffold,11,5000,6808,train
scaffold,11,5000,10977,train
scaffold,11,5000,3128,train
scaffold,11,5000,3775,train
scaffold,11,5000,9781,train
scaffold,11,5000,66,train
scaffold,11,5000,6348,train
scaffold,11,5000,11141,train
scaffold,11,5000,12529,train
scaffold,11,5000,2374,train
scaffold,11,5000,2557,train
scaffold,11,5000,8395,train
scaffold,11,5000,11070,train
scaffold,11,5000,10595,train
scaffold,11,5000,3299,train
scaffold,11,5000,7116,train
scaffold,11,5000,9864,train
scaffold,11,5000,1047,train
scaffold,11,5000,11631,train
scaffold,11,5000,11887,train
scaffold,11,5000,12091,train
scaffold,11,5000,11207,train
scaffold,11,5000,9670,train
scaffold,11,5000,11524,train
scaffold,11,5000,5585,train
scaffold,11,5000,5541,train
scaffold,11,5000,14066,train
scaffold,11,5000,12090,train
scaffold,11,5000,1609,train
scaffold,11,5000,5519,train
scaffold,11,5000,2314,train
scaffold,11,5000,14992,train
scaffold,11,5000,1784,train
scaffold,11,5000,14095,train
scaffold,11,5000,6547,train
scaffold,11,5000,12176,train
scaffold,11,5000,2924,train
scaffold,11,5000,7514,train
scaffold,11,5000,14975,train
scaffold,11,5000,265,train
scaffold,11,5000,10335,train
scaffold,11,5000,3221,train
scaffold,11,5000,3547,train
scaffold,11,5000,2904,train
scaffold,11,5000,5556,train
scaffold,11,5000,10323,train
scaffold,11,5000,15226,train
scaffold,11,5000,6921,train
scaffold,11,5000,11698,train
scaffold,11,5000,4533,train
scaffold,11,5000,7096,train
scaffold,11,5000,5062,train
scaffold,11,5000,2908,train
scaffold,11,5000,4821,train
scaffold,11,5000,93,train
scaffold,11,5000,1724,train
scaffold,11,5000,68,train
scaffold,11,5000,9017,train
scaffold,11,5000,5010,train
scaffold,11,5000,1251,train
scaffold,11,5000,8369,train
scaffold,11,5000,11530,train
scaffold,11,5000,3488,train
scaffold,11,5000,13919,train
scaffold,11,5000,9320,train
scaffold,11,5000,14363,train
scaffold,11,5000,14388,train
scaffold,11,5000,4579,train
scaffold,11,5000,3356,train
scaffold,11,5000,2395,train
scaffold,11,5000,846,train
scaffold,11,5000,416,train
scaffold,11,5000,7326,train
scaffold,11,5000,10523,train
scaffold,11,5000,11536,train
scaffold,11,5000,396,train
scaffold,11,5000,5783,train
scaffold,11,5000,14527,train
scaffold,11,5000,1845,train
scaffold,11,5000,4794,train
scaffold,11,5000,3157,train
scaffold,11,5000,572,train
scaffold,11,5000,8843,train
scaffold,11,5000,642,train
scaffold,11,5000,10814,train
scaffold,11,5000,11460,train
scaffold,11,5000,10027,train
scaffold,11,5000,8113,train
scaffold,11,5000,1254,train
scaffold,11,5000,2348,train
scaffold,11,5000,8221,train
scaffold,11,5000,7762,train
scaffold,11,5000,5923,train
scaffold,11,5000,9962,train
scaffold,11,5000,9154,train
scaffold,11,5000,7903,train
scaffold,11,5000,8227,train
scaffold,11,5000,1818,train
scaffold,11,5000,11634,train
scaffold,11,5000,3234,train
scaffold,11,5000,11388,train
scaffold,11,5000,10261,train
scaffold,11,5000,7001,train
scaffold,11,5000,3980,train
scaffold,11,5000,2218,train
scaffold,11,5000,9818,train
scaffold,11,5000,13543,train
scaffold,11,5000,9908,train
scaffold,11,5000,2345,train
scaffold,11,5000,10452,train
scaffold,11,5000,11793,train
scaffold,11,5000,7052,train
scaffold,11,5000,5765,train
scaffold,11,5000,12490,train
scaffold,11,5000,13874,train
scaffold,11,5000,11895,train
scaffold,11,5000,4471,train
scaffold,11,5000,6823,train
scaffold,11,5000,6573,train
scaffold,11,5000,2846,train
scaffold,11,5000,1886,train
scaffold,11,5000,5959,train
scaffold,11,5000,12405,train
scaffold,11,5000,738,train
scaffold,11,5000,799,train
scaffold,11,5000,5735,train
scaffold,11,5000,14013,train
scaffold,11,5000,5069,train
scaffold,11,5000,4378,train
scaffold,11,5000,5082,train
scaffold,11,5000,14847,train
scaffold,11,5000,124,train
scaffold,11,5000,13514,train
scaffold,11,5000,5741,train
scaffold,11,5000,4883,train
scaffold,11,5000,8944,train
scaffold,11,5000,8054,train
scaffold,11,5000,13783,train
scaffold,11,5000,12984,train
scaffold,11,5000,4376,train
scaffold,11,5000,13794,train
scaffold,11,5000,7449,train
scaffold,11,5000,15170,train
scaffold,11,5000,8187,train
scaffold,11,5000,10415,train
scaffold,11,5000,1606,train
scaffold,11,5000,7848,train
scaffold,11,5000,4768,train
scaffold,11,5000,3683,train
scaffold,11,5000,3852,train
scaffold,11,5000,7188,train
scaffold,11,5000,627,train
scaffold,11,5000,13375,train
scaffold,11,5000,11692,train
scaffold,11,5000,11649,train
scaffold,11,5000,14776,train
scaffold,11,5000,14925,train
scaffold,11,5000,14674,train
scaffold,11,5000,3950,train
scaffold,11,5000,4566,train
scaffold,11,5000,5501,train
scaffold,11,5000,4854,train
scaffold,11,5000,1350,train
scaffold,11,5000,5208,train
scaffold,11,5000,10507,train
scaffold,11,5000,1871,train
scaffold,11,5000,1608,train
scaffold,11,5000,6206,train
scaffold,11,5000,1401,train
scaffold,11,5000,6131,train
scaffold,11,5000,10297,train
scaffold,11,5000,7656,train
scaffold,11,5000,3029,train
scaffold,11,5000,11091,train
scaffold,11,5000,9029,train
scaffold,11,5000,12436,train
scaffold,11,5000,2283,train
scaffold,11,5000,13670,train
scaffold,11,5000,350,train
scaffold,11,5000,14593,train
scaffold,11,5000,1382,train
scaffold,11,5000,4749,train
scaffold,11,5000,10985,train
scaffold,11,5000,15008,train
scaffold,11,5000,893,train
scaffold,11,5000,12439,train
scaffold,11,5000,12934,train
scaffold,11,5000,2479,train
scaffold,11,5000,6731,train
scaffold,11,5000,12446,train
scaffold,11,5000,6237,train
scaffold,11,5000,7353,train
scaffold,11,5000,5353,train
scaffold,11,5000,6942,train
scaffold,11,5000,2236,train
scaffold,11,5000,733,train
scaffold,11,5000,2737,train
scaffold,11,5000,9145,train
scaffold,11,5000,8105,train
scaffold,11,5000,6840,train
scaffold,11,5000,8462,train
scaffold,11,5000,11972,train
scaffold,11,5000,5217,train
scaffold,11,5000,13213,train
scaffold,11,5000,1980,train
scaffold,11,5000,13940,train
scaffold,11,5000,13673,train
scaffold,11,5000,12583,train
scaffold,11,5000,3615,train
scaffold,11,5000,14908,train
scaffold,11,5000,13199,train
scaffold,11,5000,2384,train
scaffold,11,5000,14475,train
scaffold,11,5000,440,train
scaffold,11,5000,5975,train
scaffold,11,5000,12873,train
scaffold,11,5000,2845,train
scaffold,11,5000,15097,train
scaffold,11,5000,14945,train
scaffold,11,5000,9827,train
scaffold,11,5000,9478,train
scaffold,11,5000,12716,train
scaffold,11,5000,11045,train
scaffold,11,5000,7541,train
scaffold,11,5000,2886,train
scaffold,11,5000,9488,train
scaffold,11,5000,9952,train
scaffold,11,5000,9550,train
scaffold,11,5000,7837,train
scaffold,11,5000,11596,train
scaffold,11,5000,4456,train
scaffold,11,5000,1634,train
scaffold,11,5000,8290,train
scaffold,11,5000,4229,train
scaffold,11,5000,12703,train
scaffold,11,5000,4755,train
scaffold,11,5000,13830,train
scaffold,11,5000,7664,train
scaffold,11,5000,4541,train
scaffold,11,5000,10428,train
scaffold,11,5000,14677,train
scaffold,11,5000,1231,train
scaffold,11,5000,12212,train
scaffold,11,5000,1031,train
scaffold,11,5000,6438,train
scaffold,11,5000,5610,train
scaffold,11,5000,993,train
scaffold,11,5000,6758,train
scaffold,11,5000,12240,train
scaffold,11,5000,14855,train
scaffold,11,5000,13390,train
scaffold,11,5000,1689,train
scaffold,11,5000,10472,train
scaffold,11,5000,3829,train
scaffold,11,5000,3202,train
scaffold,11,5000,7611,train
scaffold,11,5000,5554,train
scaffold,11,5000,813,train
scaffold,11,5000,7639,train
scaffold,11,5000,50,train
scaffold,11,5000,12483,train
scaffold,11,5000,5900,train
scaffold,11,5000,11465,train
scaffold,11,5000,912,train
scaffold,11,5000,7526,train
scaffold,11,5000,7285,train
scaffold,11,5000,14869,train
scaffold,11,5000,7234,train
scaffold,11,5000,4445,train
scaffold,11,5000,8416,train
scaffold,11,5000,13718,train
scaffold,11,5000,7610,train
scaffold,11,5000,426,train
scaffold,11,5000,883,train
scaffold,11,5000,11165,train
scaffold,11,5000,7825,train
scaffold,11,5000,12223,train
scaffold,11,5000,3471,train
scaffold,11,5000,14174,train
scaffold,11,5000,11359,train
scaffold,11,5000,14100,train
scaffold,11,5000,13915,train
scaffold,11,5000,5662,train
scaffold,11,5000,2796,train
scaffold,11,5000,215,train
scaffold,11,5000,10453,train
scaffold,11,5000,8576,train
scaffold,11,5000,13981,train
scaffold,11,5000,13350,train
scaffold,11,5000,2044,train
scaffold,11,5000,3165,train
scaffold,11,5000,1895,train
scaffold,11,5000,8603,train
scaffold,11,5000,2780,train
scaffold,11,5000,14848,train
scaffold,11,5000,7744,train
scaffold,11,5000,4495,train
scaffold,11,5000,6064,train
scaffold,11,5000,7768,train
scaffold,11,5000,12761,train
scaffold,11,5000,7145,train
scaffold,11,5000,12732,train
scaffold,11,5000,1490,train
scaffold,11,5000,12809,train
scaffold,11,5000,4660,train
scaffold,11,5000,6175,train
scaffold,11,5000,14086,train
scaffold,11,5000,14699,train
scaffold,11,5000,13769,train
scaffold,11,5000,7122,train
scaffold,11,5000,9354,train
scaffold,11,5000,14948,train
scaffold,11,5000,343,train
scaffold,11,5000,4020,train
scaffold,11,5000,12226,train
scaffold,11,5000,2840,train
scaffold,11,5000,12007,train
scaffold,11,5000,8316,train
scaffold,11,5000,2082,train
scaffold,11,5000,2118,train
scaffold,11,5000,10968,train
scaffold,11,5000,1359,train
scaffold,11,5000,3121,train
scaffold,11,5000,5092,train
scaffold,11,5000,14441,train
scaffold,11,5000,13639,train
scaffold,11,5000,4142,train
scaffold,11,5000,13958,train
scaffold,11,5000,6484,train
scaffold,11,5000,11667,train
scaffold,11,5000,10249,train
scaffold,11,5000,9146,train
scaffold,11,5000,10073,train
scaffold,11,5000,1712,train
scaffold,11,5000,9741,train
scaffold,11,5000,14393,train
scaffold,11,5000,8075,train
scaffold,11,5000,296,train
scaffold,11,5000,6108,train
scaffold,11,5000,1093,train
scaffold,11,5000,6391,train
scaffold,11,5000,12613,train
scaffold,11,5000,4797,train
scaffold,11,5000,832,train
scaffold,11,5000,3945,train
scaffold,11,5000,4457,train
scaffold,11,5000,4288,train
scaffold,11,5000,4984,train
scaffold,11,5000,13556,train
scaffold,11,5000,8863,train
scaffold,11,5000,12728,train
scaffold,11,5000,15028,train
scaffold,11,5000,203,train
scaffold,11,5000,4819,train
scaffold,11,5000,10630,train
scaffold,11,5000,1069,train
scaffold,11,5000,13034,train
scaffold,11,5000,10572,train
scaffold,11,5000,13487,train
scaffold,11,5000,158,train
scaffold,11,5000,728,train
scaffold,11,5000,9603,train
scaffold,11,5000,9075,train
scaffold,11,5000,4129,train
scaffold,11,5000,2304,train
scaffold,11,5000,6297,train
scaffold,11,5000,11025,train
scaffold,11,5000,12018,train
scaffold,11,5000,4243,train
scaffold,11,5000,4825,train
scaffold,11,5000,8095,train
scaffold,11,5000,9564,train
scaffold,11,5000,12989,train
scaffold,11,5000,6861,train
scaffold,11,5000,14872,train
scaffold,11,5000,8922,train
scaffold,11,5000,13140,train
scaffold,11,5000,2519,train
scaffold,11,5000,11146,train
scaffold,11,5000,6977,train
scaffold,11,5000,7857,train
scaffold,11,5000,534,train
scaffold,11,5000,6626,train
scaffold,11,5000,4866,train
scaffold,11,5000,13368,train
scaffold,11,5000,3064,train
scaffold,11,5000,3401,train
scaffold,11,5000,7178,train
scaffold,11,5000,8397,train
scaffold,11,5000,13780,train
scaffold,11,5000,10627,train
scaffold,11,5000,10275,train
scaffold,11,5000,12830,train
scaffold,11,5000,4387,train
scaffold,11,5000,8493,train
scaffold,11,5000,9611,train
scaffold,11,5000,11881,train
scaffold,11,5000,623,train
scaffold,11,5000,11078,train
scaffold,11,5000,13136,train
scaffold,11,5000,5853,train
scaffold,11,5000,6787,train
scaffold,11,5000,12590,train
scaffold,11,5000,12982,train
scaffold,11,5000,7398,train
scaffold,11,5000,4478,train
scaffold,11,5000,7765,train
scaffold,11,5000,9886,train
scaffold,11,5000,10580,train
scaffold,11,5000,13155,train
scaffold,11,5000,10484,train
scaffold,11,5000,12614,train
scaffold,11,5000,10491,train
scaffold,11,5000,1242,train
scaffold,11,5000,741,train
scaffold,11,5000,9656,train
scaffold,11,5000,4824,train
scaffold,11,5000,580,train
scaffold,11,5000,14292,train
scaffold,11,5000,5623,train
scaffold,11,5000,8283,train
scaffold,11,5000,12072,train
scaffold,11,5000,10457,train
scaffold,11,5000,9307,train
scaffold,11,5000,10163,train
scaffold,11,5000,8446,train
scaffold,11,5000,9816,train
scaffold,11,5000,5487,train
scaffold,11,5000,6478,train
scaffold,11,5000,11408,train
scaffold,11,5000,8664,train
scaffold,11,5000,7781,train
scaffold,11,5000,13277,train
scaffold,11,5000,10179,train
scaffold,11,5000,1742,train
scaffold,11,5000,5791,train
scaffold,11,5000,628,train
scaffold,11,5000,6866,train
scaffold,11,5000,11928,train
scaffold,11,5000,6613,train
scaffold,11,5000,8453,train
scaffold,11,5000,5462,train
scaffold,11,5000,14691,train
scaffold,11,5000,9060,train
scaffold,11,5000,1303,train
scaffold,11,5000,4136,train
scaffold,11,5000,1740,train
scaffold,11,5000,8578,train
scaffold,11,5000,7956,train
scaffold,11,5000,4475,train
scaffold,11,5000,10032,train
scaffold,11,5000,14828,train
scaffold,11,5000,2911,train
scaffold,11,5000,1507,train
scaffold,11,5000,12326,train
scaffold,11,5000,4372,train
scaffold,11,5000,7311,train
scaffold,11,5000,7089,train
scaffold,11,5000,10770,train
scaffold,11,5000,13171,train
scaffold,11,5000,9148,train
scaffold,11,5000,2803,train
scaffold,11,5000,794,train
scaffold,11,5000,2709,train
scaffold,11,5000,150,train
scaffold,11,5000,1029,train
scaffold,11,5000,3272,train
scaffold,11,5000,1927,train
scaffold,11,5000,3875,train
scaffold,11,5000,469,train
scaffold,11,5000,5840,train
scaffold,11,5000,9003,train
scaffold,11,5000,959,train
scaffold,11,5000,9783,train
scaffold,11,5000,3429,train
scaffold,11,5000,3080,train
scaffold,11,5000,12538,train
scaffold,11,5000,1218,train
scaffold,11,5000,14985,train
scaffold,11,5000,14613,train
scaffold,11,5000,10766,train
scaffold,11,5000,9734,train
scaffold,11,5000,13950,train
scaffold,11,5000,4546,train
scaffold,11,5000,13186,train
scaffold,11,5000,7590,train
scaffold,11,5000,11874,train
scaffold,11,5000,3349,train
scaffold,11,5000,11640,train
scaffold,11,5000,5642,train
scaffold,11,5000,10875,train
scaffold,11,5000,12544,train
scaffold,11,5000,4341,train
scaffold,11,5000,1593,train
scaffold,11,5000,12468,train
scaffold,11,5000,6641,train
scaffold,11,5000,53,train
scaffold,11,5000,14638,train
scaffold,11,5000,2039,train
scaffold,11,5000,14480,train
scaffold,11,5000,15053,val
scaffold,11,5000,9247,val
scaffold,11,5000,10314,val
scaffold,11,5000,2148,val
scaffold,11,5000,293,val
scaffold,11,5000,329,val
scaffold,11,5000,12102,val
scaffold,11,5000,3995,val
scaffold,11,5000,11445,val
scaffold,11,5000,13901,val
scaffold,11,5000,14602,val
scaffold,11,5000,9039,val
scaffold,11,5000,5057,val
scaffold,11,5000,7518,val
scaffold,11,5000,10590,val
scaffold,11,5000,6378,val
scaffold,11,5000,9785,val
scaffold,11,5000,14240,val
scaffold,11,5000,4004,val
scaffold,11,5000,2590,val
scaffold,11,5000,8129,val
scaffold,11,5000,15086,val
scaffold,11,5000,15172,val
scaffold,11,5000,6136,val
scaffold,11,5000,3324,val
scaffold,11,5000,6642,val
scaffold,11,5000,9085,val
scaffold,11,5000,14175,val
scaffold,11,5000,5244,val
scaffold,11,5000,3730,val
scaffold,11,5000,1770,val
scaffold,11,5000,9959,val
scaffold,11,5000,10008,val
scaffold,11,5000,9252,val
scaffold,11,5000,4739,val
scaffold,11,5000,268,val
scaffold,11,5000,13307,val
scaffold,11,5000,7833,val
scaffold,11,5000,8381,val
scaffold,11,5000,3231,val
scaffold,11,5000,10167,val
scaffold,11,5000,10449,val
scaffold,11,5000,4650,val
scaffold,11,5000,6755,val
scaffold,11,5000,7182,val
scaffold,11,5000,2970,val
scaffold,11,5000,9296,val
scaffold,11,5000,13444,val
scaffold,11,5000,1676,val
scaffold,11,5000,7009,val
scaffold,11,5000,7307,val
scaffold,11,5000,6622,val
scaffold,11,5000,10761,val
scaffold,11,5000,7660,val
scaffold,11,5000,6447,val
scaffold,11,5000,14310,val
scaffold,11,5000,12642,val
scaffold,11,5000,2158,val
scaffold,11,5000,14830,val
scaffold,11,5000,1440,val
scaffold,11,5000,10368,val
scaffold,11,5000,2656,val
scaffold,11,5000,9552,val
scaffold,11,5000,8086,val
scaffold,11,5000,9468,val
scaffold,11,5000,10360,val
scaffold,11,5000,10315,val
scaffold,11,5000,7620,val
scaffold,11,5000,8887,val
scaffold,11,5000,5413,val
scaffold,11,5000,4987,val
scaffold,11,5000,10512,val
scaffold,11,5000,3357,val
scaffold,11,5000,5932,val
scaffold,11,5000,9565,val
scaffold,11,5000,13968,val
scaffold,11,5000,2814,val
scaffold,11,5000,9570,val
scaffold,11,5000,808,val
scaffold,11,5000,12847,val
scaffold,11,5000,7394,val
scaffold,11,5000,4097,val
scaffold,11,5000,13127,val
scaffold,11,5000,6935,val
scaffold,11,5000,13730,val
scaffold,11,5000,1205,val
scaffold,11,5000,13258,val
scaffold,11,5000,1758,val
scaffold,11,5000,13931,val
scaffold,11,5000,11769,val
scaffold,11,5000,13635,val
scaffold,11,5000,8011,val
scaffold,11,5000,12633,val
scaffold,11,5000,14242,val
scaffold,11,5000,9540,val
scaffold,11,5000,376,val
scaffold,11,5000,1410,val
scaffold,11,5000,12993,val
scaffold,11,5000,2178,val
scaffold,11,5000,14169,val
scaffold,11,5000,8892,val
scaffold,11,5000,12712,val
scaffold,11,5000,14965,val
scaffold,11,5000,347,val
scaffold,11,5000,8707,val
scaffold,11,5000,8085,val
scaffold,11,5000,8989,val
scaffold,11,5000,6111,val
scaffold,11,5000,9973,val
scaffold,11,5000,6326,val
scaffold,11,5000,898,val
scaffold,11,5000,12318,val
scaffold,11,5000,3320,val
scaffold,11,5000,364,val
scaffold,11,5000,8220,val
scaffold,11,5000,5865,val
scaffold,11,5000,12301,val
scaffold,11,5000,6958,val
scaffold,11,5000,7661,val
scaffold,11,5000,6924,val
scaffold,11,5000,14048,val
scaffold,11,5000,8549,val
scaffold,11,5000,13179,val
scaffold,11,5000,7578,val
scaffold,11,5000,2994,val
scaffold,11,5000,8983,val
scaffold,11,5000,6233,val
scaffold,11,5000,8304,val
scaffold,11,5000,10802,val
scaffold,11,5000,13067,val
scaffold,11,5000,1293,val
scaffold,11,5000,943,val
scaffold,11,5000,8343,val
scaffold,11,5000,3718,val
scaffold,11,5000,1972,val
scaffold,11,5000,13107,val
scaffold,11,5000,348,val
scaffold,11,5000,9727,val
scaffold,11,5000,12610,val
scaffold,11,5000,778,val
scaffold,11,5000,15205,val
scaffold,11,5000,3625,val
scaffold,11,5000,11039,val
scaffold,11,5000,10158,val
scaffold,11,5000,7799,val
scaffold,11,5000,8740,val
scaffold,11,5000,2571,val
scaffold,11,5000,9768,val
scaffold,11,5000,4034,val
scaffold,11,5000,7945,val
scaffold,11,5000,14700,val
scaffold,11,5000,455,val
scaffold,11,5000,12101,val
scaffold,11,5000,2147,val
scaffold,11,5000,8587,val
scaffold,11,5000,714,val
scaffold,11,5000,6644,val
scaffold,11,5000,4514,val
scaffold,11,5000,8649,val
scaffold,11,5000,10732,val
scaffold,11,5000,3943,val
scaffold,11,5000,2272,val
scaffold,11,5000,4286,val
scaffold,11,5000,9738,val
scaffold,11,5000,6596,val
scaffold,11,5000,9066,val
scaffold,11,5000,15174,val
scaffold,11,5000,712,val
scaffold,11,5000,8247,val
scaffold,11,5000,9374,val
scaffold,11,5000,11994,val
scaffold,11,5000,2670,val
scaffold,11,5000,5107,val
scaffold,11,5000,2741,val
scaffold,11,5000,6379,val
scaffold,11,5000,5037,val
scaffold,11,5000,9395,val
scaffold,11,5000,13819,val
scaffold,11,5000,13719,val
scaffold,11,5000,2628,val
scaffold,11,5000,13374,val
scaffold,11,5000,13731,val
scaffold,11,5000,11831,val
scaffold,11,5000,9712,val
scaffold,11,5000,11073,val
scaffold,11,5000,10566,val
scaffold,11,5000,1636,val
scaffold,11,5000,8886,val
scaffold,11,5000,4073,val
scaffold,11,5000,2887,val
scaffold,11,5000,5977,val
scaffold,11,5000,5096,val
scaffold,11,5000,5110,val
scaffold,11,5000,7467,val
scaffold,11,5000,10414,val
scaffold,11,5000,13460,val
scaffold,11,5000,8948,val
scaffold,11,5000,10056,val
scaffold,11,5000,3842,val
scaffold,11,5000,6614,val
scaffold,11,5000,10671,val
scaffold,11,5000,5676,val
scaffold,11,5000,5905,val
scaffold,11,5000,4590,val
scaffold,11,5000,9615,val
scaffold,11,5000,11937,val
scaffold,11,5000,14493,val
scaffold,11,5000,9642,val
scaffold,11,5000,11474,val
scaffold,11,5000,13937,val
scaffold,11,5000,9081,val
scaffold,11,5000,14937,val
scaffold,11,5000,6713,val
scaffold,11,5000,8503,val
scaffold,11,5000,12391,val
scaffold,11,5000,10788,val
scaffold,11,5000,4935,val
scaffold,11,5000,5553,val
scaffold,11,5000,10273,val
scaffold,11,5000,8030,val
scaffold,11,5000,3285,val
scaffold,11,5000,6076,val
scaffold,11,5000,5193,val
scaffold,11,5000,13907,val
scaffold,11,5000,1337,val
scaffold,11,5000,1225,val
scaffold,11,5000,14436,val
scaffold,11,5000,11231,val
scaffold,11,5000,4649,val
scaffold,11,5000,7838,val
scaffold,11,5000,12003,val
scaffold,11,5000,9056,val
scaffold,11,5000,8332,val
scaffold,11,5000,14052,val
scaffold,11,5000,1788,val
scaffold,11,5000,13000,val
scaffold,11,5000,4555,val
scaffold,11,5000,13666,val
scaffold,11,5000,12833,val
scaffold,11,5000,8413,val
scaffold,11,5000,3811,val
scaffold,11,5000,349,val
scaffold,11,5000,12674,val
scaffold,11,5000,8765,val
scaffold,11,5000,8768,val
scaffold,11,5000,6047,val
scaffold,11,5000,11206,val
scaffold,11,5000,3966,val
scaffold,11,5000,2388,val
scaffold,11,5000,1336,val
scaffold,11,5000,6456,val
scaffold,11,5000,7713,val
scaffold,11,5000,10037,val
scaffold,11,5000,1959,val
scaffold,11,5000,3969,val
scaffold,11,5000,11234,val
scaffold,11,5000,12913,val
scaffold,11,5000,14330,val
scaffold,11,5000,2629,val
scaffold,11,5000,7138,val
scaffold,11,5000,11594,val
scaffold,11,5000,7674,val
scaffold,11,5000,13695,val
scaffold,11,5000,2373,val
scaffold,11,5000,10634,val
scaffold,11,5000,2593,val
scaffold,11,5000,6343,val
scaffold,11,5000,11538,val
scaffold,11,5000,14568,val
scaffold,11,5000,14023,val
scaffold,11,5000,13660,val
scaffold,11,5000,315,val
scaffold,11,5000,4647,val
scaffold,11,5000,341,val
scaffold,11,5000,13178,val
scaffold,11,5000,6240,val
scaffold,11,5000,10795,val
scaffold,11,5000,8485,val
scaffold,11,5000,10036,val
scaffold,11,5000,8938,val
scaffold,11,5000,11232,val
scaffold,11,5000,13833,val
scaffold,11,5000,8032,val
scaffold,11,5000,12696,val
scaffold,11,5000,3255,val
scaffold,11,5000,1785,val
scaffold,11,5000,6563,val
scaffold,11,5000,6562,val
scaffold,11,5000,9837,val
scaffold,11,5000,13529,val
scaffold,11,5000,2786,val
scaffold,11,5000,2145,val
scaffold,11,5000,6884,val
scaffold,11,5000,11454,val
scaffold,11,5000,9557,val
scaffold,11,5000,2943,val
scaffold,11,5000,11673,val
scaffold,11,5000,2821,val
scaffold,11,5000,9708,val
scaffold,11,5000,13592,val
scaffold,11,5000,73,val
scaffold,11,5000,13479,val
scaffold,11,5000,12894,val
scaffold,11,5000,13732,val
scaffold,11,5000,14721,val
scaffold,11,5000,1174,val
scaffold,11,5000,7131,val
scaffold,11,5000,9721,val
scaffold,11,5000,13348,val
scaffold,11,5000,6247,val
scaffold,11,5000,3967,val
scaffold,11,5000,11927,val
scaffold,11,5000,4640,val
scaffold,11,5000,5768,val
scaffold,11,5000,8947,val
scaffold,11,5000,5839,val
scaffold,11,5000,7231,val
scaffold,11,5000,2287,val
scaffold,11,5000,9891,val
scaffold,11,5000,12124,val
scaffold,11,5000,6285,val
scaffold,11,5000,13174,val
scaffold,11,5000,441,val
scaffold,11,5000,12684,val
scaffold,11,5000,1791,val
scaffold,11,5000,10324,val
scaffold,11,5000,6309,val
scaffold,11,5000,12555,val
scaffold,11,5000,7103,val
scaffold,11,5000,7478,val
scaffold,11,5000,7917,val
scaffold,11,5000,7305,val
scaffold,11,5000,14262,val
scaffold,11,5000,3133,val
scaffold,11,5000,13762,val
scaffold,11,5000,8695,val
scaffold,11,5000,9618,val
scaffold,11,5000,3400,val
scaffold,11,5000,108,val
scaffold,11,5000,414,val
scaffold,11,5000,801,val
scaffold,11,5000,2877,val
scaffold,11,5000,1103,val
scaffold,11,5000,3091,val
scaffold,11,5000,14274,val
scaffold,11,5000,8698,val
scaffold,11,5000,8811,val
scaffold,11,5000,3930,val
scaffold,11,5000,809,val
scaffold,11,5000,2429,val
scaffold,11,5000,13317,val
scaffold,11,5000,10255,val
scaffold,11,5000,8752,val
scaffold,11,5000,9089,val
scaffold,11,5000,6792,val
scaffold,11,5000,6022,val
scaffold,11,5000,2295,val
scaffold,11,5000,3777,val
scaffold,11,5000,6452,val
scaffold,11,5000,11436,val
scaffold,11,5000,10301,val
scaffold,11,5000,14445,val
scaffold,11,5000,9624,val
scaffold,11,5000,11334,val
scaffold,11,5000,711,val
scaffold,11,5000,11708,val
scaffold,11,5000,14083,val
scaffold,11,5000,4259,val
scaffold,11,5000,10482,val
scaffold,11,5000,9447,val
scaffold,11,5000,10225,val
scaffold,11,5000,7315,val
scaffold,11,5000,5367,val
scaffold,11,5000,9034,val
scaffold,11,5000,14339,val
scaffold,11,5000,6539,val
scaffold,11,5000,3100,val
scaffold,11,5000,1528,val
scaffold,11,5000,12272,val
scaffold,11,5000,11584,val
scaffold,11,5000,2372,val
scaffold,11,5000,2750,val
scaffold,11,5000,5386,val
scaffold,11,5000,5994,val
scaffold,11,5000,14108,val
scaffold,11,5000,9050,val
scaffold,11,5000,14461,val
scaffold,11,5000,12593,val
scaffold,11,5000,2551,val
scaffold,11,5000,11257,val
scaffold,11,5000,10720,val
scaffold,11,5000,2411,val
scaffold,11,5000,10773,val
scaffold,11,5000,803,val
scaffold,11,5000,9042,val
scaffold,11,5000,5986,val
scaffold,11,5000,9378,val
scaffold,11,5000,9525,val
scaffold,11,5000,11195,val
scaffold,11,5000,9684,val
scaffold,11,5000,10267,val
scaffold,11,5000,12889,val
scaffold,11,5000,10975,val
scaffold,11,5000,4271,val
scaffold,11,5000,6232,val
scaffold,11,5000,11526,val
scaffold,11,5000,9010,val
scaffold,11,5000,2505,val
scaffold,11,5000,1792,val
scaffold,11,5000,4754,val
scaffold,11,5000,12428,val
scaffold,11,5000,6371,val
scaffold,11,5000,3997,val
scaffold,11,5000,15112,val
scaffold,11,5000,11016,val
scaffold,11,5000,3340,val
scaffold,11,5000,9091,val
scaffold,11,5000,9711,val
scaffold,11,5000,8909,val
scaffold,11,5000,6741,val
scaffold,11,5000,10010,val
scaffold,11,5000,12965,val
scaffold,11,5000,9381,val
scaffold,11,5000,3504,val
scaffold,11,5000,11320,val
scaffold,11,5000,7872,val
scaffold,11,5000,11696,val
scaffold,11,5000,3130,val
scaffold,11,5000,4002,val
scaffold,11,5000,9617,val
scaffold,11,5000,6352,val
scaffold,11,5000,2028,val
scaffold,11,5000,8522,val
scaffold,11,5000,2335,val
scaffold,11,5000,14569,val
scaffold,11,5000,129,val
scaffold,11,5000,10755,val
scaffold,11,5000,5286,val
scaffold,11,5000,6501,val
scaffold,11,5000,3040,val
scaffold,11,5000,1429,val
scaffold,11,5000,1471,val
scaffold,11,5000,289,val
scaffold,11,5000,1873,val
scaffold,11,5000,7776,val
scaffold,11,5000,11186,val
scaffold,11,5000,10435,val
scaffold,11,5000,13811,val
scaffold,11,5000,13636,val
scaffold,11,5000,1950,val
scaffold,11,5000,4113,val
scaffold,11,5000,13353,val
scaffold,11,5000,6734,val
scaffold,11,5000,4946,val
scaffold,11,5000,7035,val
scaffold,11,5000,2341,val
scaffold,11,5000,3963,val
scaffold,11,5000,2156,val
scaffold,11,5000,3482,val
scaffold,11,5000,14216,val
scaffold,11,5000,8523,val
scaffold,11,5000,11310,val
scaffold,11,5000,4665,val
scaffold,11,5000,10976,val
scaffold,11,5000,3774,val
scaffold,11,5000,2307,val
scaffold,11,5000,8530,val
scaffold,11,5000,8891,val
scaffold,11,5000,6177,val
scaffold,11,5000,1699,val
scaffold,11,5000,11490,val
scaffold,11,5000,11727,val
scaffold,11,5000,9951,val
scaffold,11,5000,3689,val
scaffold,11,5000,644,val
scaffold,11,5000,14248,val
scaffold,11,5000,13837,val
scaffold,11,5000,15062,val
scaffold,11,5000,6750,val
scaffold,11,5000,10938,val
scaffold,11,5000,1720,val
scaffold,11,5000,10274,val
scaffold,11,5000,5449,val
scaffold,11,5000,13113,val
scaffold,11,5000,8963,val
scaffold,11,5000,8218,val
scaffold,11,5000,8902,val
scaffold,11,5000,12257,val
scaffold,11,5000,8173,val
scaffold,11,5000,2876,val
scaffold,11,5000,9949,val
scaffold,11,5000,8519,val
scaffold,11,5000,9784,val
scaffold,11,5000,5850,val
scaffold,11,5000,4529,val
scaffold,11,5000,10774,val
scaffold,11,5000,1489,val
scaffold,11,5000,6711,val
scaffold,11,5000,8735,val
scaffold,11,5000,3002,val
scaffold,11,5000,9566,val
scaffold,11,5000,3964,val
scaffold,11,5000,3998,val
scaffold,11,5000,13861,val
scaffold,11,5000,5734,val
scaffold,11,5000,6093,val
scaffold,11,5000,687,val
scaffold,11,5000,7775,val
scaffold,11,5000,7970,val
scaffold,11,5000,3134,val
scaffold,11,5000,6534,val
scaffold,11,5000,3994,val
scaffold,11,5000,1306,val
scaffold,11,5000,2868,val
scaffold,11,5000,4971,val
scaffold,11,5000,4918,val
scaffold,11,5000,9384,val
scaffold,11,5000,2777,val
scaffold,11,5000,658,val
scaffold,11,5000,6094,val
scaffold,11,5000,3443,val
scaffold,11,5000,4017,val
scaffold,11,5000,4833,val
scaffold,11,5000,6551,val
scaffold,11,5000,7270,val
scaffold,11,5000,14017,val
scaffold,11,5000,7328,val
scaffold,11,5000,10367,val
scaffold,11,5000,2276,val
scaffold,11,5000,4270,val
scaffold,11,5000,6607,val
scaffold,11,5000,14420,val
scaffold,11,5000,342,val
scaffold,11,5000,13248,val
scaffold,11,5000,9291,val
scaffold,11,5000,5833,val
scaffold,11,5000,367,val
scaffold,11,5000,5645,val
scaffold,11,5000,7162,val
scaffold,11,5000,4798,val
scaffold,11,5000,1735,val
scaffold,11,5000,9786,val
scaffold,11,5000,12004,val
scaffold,11,5000,2917,val
scaffold,11,5000,13098,val
scaffold,11,5000,8985,val
scaffold,11,5000,8748,val
scaffold,11,5000,9239,val
scaffold,11,5000,10050,val
scaffold,11,5000,10538,val
scaffold,11,5000,6600,val
scaffold,11,5000,14414,val
scaffold,11,5000,2214,val
scaffold,11,5000,4773,val
scaffold,11,5000,10144,val
scaffold,11,5000,6280,val
scaffold,11,5000,14473,val
scaffold,11,5000,14431,val
scaffold,11,5000,10565,val
scaffold,11,5000,667,val
scaffold,11,5000,8554,val
scaffold,11,5000,6058,val
scaffold,11,5000,5388,val
scaffold,11,5000,4450,val
scaffold,11,5000,14599,val
scaffold,11,5000,3138,val
scaffold,11,5000,31,val
scaffold,11,5000,14195,val
scaffold,11,5000,3552,val
scaffold,11,5000,360,val
scaffold,11,5000,10206,val
scaffold,11,5000,5123,val
scaffold,11,5000,4783,val
scaffold,11,5000,4842,val
scaffold,11,5000,3139,val
scaffold,11,5000,301,val
scaffold,11,5000,4016,val
scaffold,11,5000,6181,val
scaffold,11,5000,2359,val
scaffold,11,5000,5991,val
scaffold,11,5000,4447,val
scaffold,11,5000,10241,val
scaffold,11,5000,4724,val
scaffold,11,5000,12827,val
scaffold,11,5000,7038,val
scaffold,11,5000,4007,val
scaffold,11,5000,12002,val
scaffold,11,5000,4080,val
scaffold,11,5000,11478,val
scaffold,11,5000,8188,val
scaffold,11,5000,12413,val
scaffold,11,5000,8346,val
scaffold,11,5000,6399,val
scaffold,11,5000,8769,val
scaffold,11,5000,11254,val
scaffold,11,5000,12486,val
scaffold,11,5000,82,val
scaffold,11,5000,2716,val
scaffold,11,5000,338,val
scaffold,11,5000,14320,val
scaffold,11,5000,142,val
scaffold,11,5000,14039,val
scaffold,11,5000,13309,val
scaffold,11,5000,7574,val
scaffold,11,5000,15045,val
scaffold,11,5000,4394,val
scaffold,11,5000,6302,val
scaffold,11,5000,10316,val
scaffold,11,5000,14821,val
scaffold,11,5000,2487,val
scaffold,11,5000,7880,val
scaffold,11,5000,9117,val
scaffold,11,5000,7253,val
scaffold,11,5000,2572,val
scaffold,11,5000,11033,val
scaffold,11,5000,12735,val
scaffold,11,5000,14007,val
scaffold,11,5000,4557,val
scaffold,11,5000,2406,val
scaffold,11,5000,4065,val
scaffold,11,5000,7479,val
scaffold,11,5000,3609,val
scaffold,11,5000,7516,val
scaffold,11,5000,1086,val
scaffold,11,5000,14543,val
scaffold,11,5000,3530,val
scaffold,11,5000,2611,val
scaffold,11,5000,1912,val
scaffold,11,5000,12978,val
scaffold,11,5000,9138,val
scaffold,11,5000,1158,val
scaffold,11,5000,3167,val
scaffold,11,5000,175,val
scaffold,11,5000,12848,val
scaffold,11,5000,13802,val
scaffold,11,5000,7969,val
scaffold,11,5000,6450,val
scaffold,11,5000,11190,val
scaffold,11,5000,3696,val
scaffold,11,5000,14041,val
scaffold,11,5000,9561,val
scaffold,11,5000,8939,val
scaffold,11,5000,7502,val
scaffold,11,5000,11984,val
scaffold,11,5000,6393,val
scaffold,11,5000,3176,val
scaffold,11,5000,13797,val
scaffold,11,5000,14307,val
scaffold,11,5000,13576,val
scaffold,11,5000,133,val
scaffold,11,5000,12709,val
scaffold,11,5000,11224,val
scaffold,11,5000,2333,val
scaffold,11,5000,13414,val
scaffold,11,5000,106,val
scaffold,11,5000,11962,val
scaffold,11,5000,11352,val
scaffold,11,5000,14382,val
scaffold,11,5000,11545,val
scaffold,11,5000,13365,val
scaffold,11,5000,3392,val
scaffold,11,5000,7907,val
scaffold,11,5000,9748,val
scaffold,11,5000,3250,val
scaffold,11,5000,2391,val
scaffold,11,5000,13713,val
scaffold,11,5000,9812,val
scaffold,11,5000,9528,val
scaffold,11,5000,3459,val
scaffold,11,5000,9747,val
scaffold,11,5000,14482,val
scaffold,11,5000,12438,val
scaffold,11,5000,4102,val
scaffold,11,5000,7517,val
scaffold,11,5000,1364,val
scaffold,11,5000,7354,val
scaffold,11,5000,9289,val
scaffold,11,5000,13071,val
scaffold,11,5000,6879,val
scaffold,11,5000,10668,val
scaffold,11,5000,7183,val
scaffold,11,5000,6507,val
scaffold,11,5000,14580,val
scaffold,11,5000,7938,val
scaffold,11,5000,766,val
scaffold,11,5000,3140,val
scaffold,11,5000,5313,val
scaffold,11,5000,5403,val
scaffold,11,5000,1299,val
scaffold,11,5000,11405,val
scaffold,11,5000,8510,val
scaffold,11,5000,902,val
scaffold,11,5000,12474,val
scaffold,11,5000,14574,val
scaffold,11,5000,3757,val
scaffold,11,5000,11397,val
scaffold,11,5000,6773,val
scaffold,11,5000,13641,val
scaffold,11,5000,4521,val
scaffold,11,5000,9385,val
scaffold,11,5000,11812,val
scaffold,11,5000,9355,val
scaffold,11,5000,11023,val
scaffold,11,5000,9720,val
scaffold,11,5000,4872,val
scaffold,11,5000,767,val
scaffold,11,5000,10617,val
scaffold,11,5000,13470,val
scaffold,11,5000,4027,val
scaffold,11,5000,14575,val
scaffold,11,5000,5755,val
scaffold,11,5000,12182,val
scaffold,11,5000,10048,val
scaffold,11,5000,11466,val
scaffold,11,5000,7463,val
scaffold,11,5000,2332,val
scaffold,11,5000,800,val
scaffold,11,5000,7947,val
scaffold,11,5000,7444,val
scaffold,11,5000,1144,val
scaffold,11,5000,8813,val
scaffold,11,5000,6370,val
scaffold,11,5000,5628,val
scaffold,11,5000,2025,val
scaffold,11,5000,14350,val
scaffold,11,5000,6985,val
scaffold,11,5000,2508,val
scaffold,11,5000,8341,val
scaffold,11,5000,11060,val
scaffold,11,5000,8109,val
scaffold,11,5000,8669,val
scaffold,11,5000,14449,val
scaffold,11,5000,15037,val
scaffold,11,5000,547,val
scaffold,11,5000,578,val
scaffold,11,5000,2947,val
scaffold,11,5000,6948,val
scaffold,11,5000,13745,val
scaffold,11,5000,8284,val
scaffold,11,5000,1402,val
scaffold,11,5000,9555,val
scaffold,11,5000,940,val
scaffold,11,5000,6616,val
scaffold,11,5000,3326,val
scaffold,11,5000,295,val
scaffold,11,5000,9723,val
scaffold,11,5000,5142,val
scaffold,11,5000,13540,val
scaffold,11,5000,10547,val
scaffold,11,5000,930,val
scaffold,11,5000,4951,val
scaffold,11,5000,8618,val
scaffold,11,5000,14968,val
scaffold,11,5000,11262,val
scaffold,11,5000,6699,val
scaffold,11,5000,3764,val
scaffold,11,5000,2816,val
scaffold,11,5000,7774,val
scaffold,11,5000,10961,val
scaffold,11,5000,12720,val
scaffold,11,5000,9136,val
scaffold,11,5000,6689,val
scaffold,11,5000,2647,val
scaffold,11,5000,8520,val
scaffold,11,5000,2200,val
scaffold,11,5000,3561,val
scaffold,11,5000,5707,val
scaffold,11,5000,9375,val
scaffold,11,5000,10009,val
scaffold,11,5000,10587,val
scaffold,11,5000,8597,val
scaffold,11,5000,5349,val
scaffold,11,5000,594,val
scaffold,11,5000,14880,val
scaffold,11,5000,9104,val
scaffold,11,5000,12159,val
scaffold,11,5000,11140,val
scaffold,11,5000,7322,val
scaffold,11,5000,12711,val
scaffold,11,5000,3095,val
scaffold,11,5000,14370,val
scaffold,11,5000,1995,val
scaffold,11,5000,8908,val
scaffold,11,5000,8219,val
scaffold,11,5000,7256,val
scaffold,11,5000,14147,val
scaffold,11,5000,12307,val
scaffold,11,5000,2555,val
scaffold,11,5000,3833,val
scaffold,11,5000,6833,val
scaffold,11,5000,9697,val
scaffold,11,5000,14341,val
scaffold,11,5000,11483,val
scaffold,11,5000,1624,val
scaffold,11,5000,3163,val
scaffold,11,5000,4067,val
scaffold,11,5000,14463,val
scaffold,11,5000,13893,val
scaffold,11,5000,8771,val
scaffold,11,5000,8730,val
scaffold,11,5000,12977,val
scaffold,11,5000,6067,val
scaffold,11,5000,13868,val
scaffold,11,5000,11724,val
scaffold,11,5000,14118,val
scaffold,11,5000,11516,val
scaffold,11,5000,11082,val
scaffold,11,5000,6431,val
scaffold,11,5000,14313,val
scaffold,11,5000,9614,val
scaffold,11,5000,13366,val
scaffold,11,5000,7544,val
scaffold,11,5000,14001,val
scaffold,11,5000,3200,val
scaffold,11,5000,7864,val
scaffold,11,5000,10837,val
scaffold,11,5000,8770,val
scaffold,11,5000,14026,val
scaffold,11,5000,6433,val
scaffold,11,5000,3434,val
scaffold,11,5000,10638,val
scaffold,11,5000,6305,val
scaffold,11,5000,4857,val
scaffold,11,5000,5740,val
scaffold,11,5000,357,val
scaffold,11,5000,6289,val
scaffold,11,5000,1560,val
scaffold,11,5000,8275,val
scaffold,11,5000,1565,val
scaffold,11,5000,4738,val
scaffold,11,5000,8749,val
scaffold,11,5000,4152,val
scaffold,11,5000,5114,val
scaffold,11,5000,10951,val
scaffold,11,5000,7401,val
scaffold,11,5000,9061,val
scaffold,11,5000,13288,val
scaffold,11,5000,14225,val
scaffold,11,5000,12125,val
scaffold,11,5000,9524,val
scaffold,11,5000,5807,val
scaffold,11,5000,10465,val
scaffold,11,5000,14917,val
scaffold,11,5000,5694,val
scaffold,11,5000,11013,val
scaffold,11,5000,11160,val
scaffold,11,5000,15128,val
scaffold,11,5000,5982,val
scaffold,11,5000,9393,val
scaffold,11,5000,10051,val
scaffold,11,5000,1354,val
scaffold,11,5000,9250,val
scaffold,11,5000,318,val
scaffold,11,5000,10242,val
scaffold,11,5000,13615,val
scaffold,11,5000,10046,val
scaffold,11,5000,5311,val
scaffold,11,5000,9703,val
scaffold,11,5000,3702,val
scaffold,11,5000,12677,val
scaffold,11,5000,14547,val
scaffold,11,5000,768,val
scaffold,11,5000,2957,val
scaffold,11,5000,10160,val
scaffold,11,5000,4179,val
scaffold,11,5000,3961,val
scaffold,11,5000,14562,val
scaffold,11,5000,13916,val
scaffold,11,5000,7037,val
scaffold,11,5000,10060,val
scaffold,11,5000,10909,val
scaffold,11,5000,14522,val
scaffold,11,5000,4191,val
scaffold,11,5000,11294,val
scaffold,11,5000,11076,val
scaffold,11,5000,2207,val
scaffold,11,5000,3142,val
scaffold,11,5000,4468,val
scaffold,11,5000,8513,val
scaffold,11,5000,7208,val
scaffold,11,5000,6236,val
scaffold,11,5000,6756,val
scaffold,11,5000,8151,val
scaffold,11,5000,9835,val
scaffold,11,5000,558,val
scaffold,11,5000,1862,val
scaffold,11,5000,3882,val
scaffold,11,5000,9716,val
scaffold,11,5000,12970,val
scaffold,11,5000,13428,val
scaffold,11,5000,7716,val
scaffold,11,5000,14596,val
scaffold,11,5000,7137,val
scaffold,11,5000,5432,val
scaffold,11,5000,9297,val
scaffold,11,5000,6885,val
scaffold,11,5000,12484,val
scaffold,11,5000,11975,val
scaffold,11,5000,2612,val
scaffold,11,5000,12356,val
scaffold,11,5000,8137,val
scaffold,11,5000,3999,val
scaffold,11,5000,4982,val
scaffold,11,5000,9058,val
scaffold,11,5000,181,val
scaffold,11,5000,2342,val
scaffold,11,5000,9446,val
scaffold,11,5000,4472,val
scaffold,11,5000,634,val
scaffold,11,5000,7928,val
scaffold,11,5000,2888,val
scaffold,11,5000,8865,val
scaffold,11,5000,3780,val
scaffold,11,5000,3218,val
scaffold,11,5000,15093,val
scaffold,11,5000,1378,val
scaffold,11,5000,491,val
scaffold,11,5000,1302,val
scaffold,11,5000,14635,val
scaffold,11,5000,10691,val
scaffold,11,5000,14892,val
scaffold,11,5000,12767,val
scaffold,11,5000,6228,val
scaffold,11,5000,10567,val
scaffold,11,5000,2761,val
scaffold,11,5000,11723,val
scaffold,11,5000,2533,val
scaffold,11,5000,8654,val
scaffold,11,5000,1610,val
scaffold,11,5000,8946,val
scaffold,11,5000,11137,val
scaffold,11,5000,10013,val
scaffold,11,5000,4287,val
scaffold,11,5000,6453,val
scaffold,11,5000,13531,val
scaffold,11,5000,14291,val
scaffold,11,5000,8982,val
scaffold,11,5000,6062,val
scaffold,11,5000,757,val
scaffold,11,5000,14051,val
scaffold,11,5000,4008,val
scaffold,11,5000,8344,val
scaffold,11,5000,3049,val
scaffold,11,5000,9382,val
scaffold,11,5000,8617,val
scaffold,11,5000,14472,val
scaffold,11,5000,6716,val
scaffold,11,5000,12887,val
scaffold,11,5000,4760,val
scaffold,11,5000,5720,val
scaffold,11,5000,876,val
scaffold,11,5000,11743,val
scaffold,11,5000,15111,val
scaffold,11,5000,7592,val
scaffold,11,5000,1535,val
scaffold,11,5000,3143,val
scaffold,11,5000,2113,val
scaffold,11,5000,7699,val
scaffold,11,5000,7023,val
scaffold,11,5000,1851,val
scaffold,11,5000,10123,val
scaffold,11,5000,15030,val
scaffold,11,5000,3970,val
scaffold,11,5000,10161,val
scaffold,11,5000,8619,val
scaffold,11,5000,7378,val
scaffold,11,5000,10534,val
scaffold,11,5000,13419,val
scaffold,11,5000,5454,val
scaffold,11,5000,5742,val
scaffold,11,5000,12810,val
scaffold,11,5000,1104,val
scaffold,11,5000,3990,val
scaffold,11,5000,2752,val
scaffold,11,5000,5293,val
scaffold,11,5000,5020,val
scaffold,11,5000,3327,val
scaffold,11,5000,945,val
scaffold,11,5000,519,val
scaffold,11,5000,3260,val
scaffold,11,5000,8234,val
scaffold,11,5000,13069,val
scaffold,11,5000,7652,val
scaffold,11,5000,1487,val
scaffold,11,5000,7337,val
scaffold,11,5000,1195,val
scaffold,11,5000,11112,val
scaffold,11,5000,3087,val
scaffold,11,5000,5026,val
scaffold,11,5000,5797,val
scaffold,11,5000,1128,val
scaffold,11,5000,14768,val
scaffold,11,5000,12629,val
scaffold,11,5000,4743,val
scaffold,11,5000,13613,val
scaffold,11,5000,7217,val
scaffold,11,5000,8615,val
scaffold,11,5000,3544,val
scaffold,11,5000,3333,val
scaffold,11,5000,11878,val
scaffold,11,5000,901,val
scaffold,11,5000,14525,val
scaffold,11,5000,6915,val
scaffold,11,5000,1368,val
scaffold,11,5000,2671,val
scaffold,11,5000,15099,val
scaffold,11,5000,3861,val
scaffold,11,5000,11791,val
scaffold,11,5000,14860,val
scaffold,11,5000,7020,val
scaffold,11,5000,7028,val
scaffold,11,5000,2550,val
scaffold,11,5000,12566,val
scaffold,11,5000,13994,val
scaffold,11,5000,2129,val
scaffold,11,5000,12471,val
scaffold,11,5000,3860,val
scaffold,11,5000,6074,val
scaffold,11,5000,7299,val
scaffold,11,5000,9048,val
scaffold,11,5000,300,val
scaffold,11,5000,10202,val
scaffold,11,5000,2546,val
scaffold,11,5000,8337,val
scaffold,11,5000,7464,val
scaffold,11,5000,7790,val
scaffold,11,5000,7084,val
scaffold,11,5000,11425,val
scaffold,11,5000,2753,val
scaffold,11,5000,8772,val
scaffold,11,5000,1715,val
scaffold,11,5000,12650,val
scaffold,11,5000,2318,val
scaffold,11,5000,13913,val
scaffold,11,5000,10436,val
scaffold,11,5000,14577,val
scaffold,11,5000,11513,val
scaffold,11,5000,14479,val
scaffold,11,5000,10915,val
scaffold,11,5000,12805,val
scaffold,11,5000,5160,val
scaffold,11,5000,14447,val
scaffold,11,5000,8110,val
scaffold,11,5000,9836,val
scaffold,11,5000,9415,val
scaffold,11,5000,8560,val
scaffold,11,5000,13729,val
scaffold,11,5000,9527,val
scaffold,11,5000,14312,val
scaffold,11,5000,3072,val
scaffold,11,5000,7312,val
scaffold,11,5000,14049,val
scaffold,11,5000,12338,val
scaffold,11,5000,14649,val
scaffold,11,5000,10092,val
scaffold,11,5000,6742,val
scaffold,11,5000,3912,val
scaffold,11,5000,1160,val
scaffold,11,5000,2799,val
scaffold,11,5000,8991,val
scaffold,11,5000,9634,val
scaffold,11,5000,9462,val
scaffold,11,5000,14434,val
scaffold,11,5000,10738,val
scaffold,11,5000,11789,val
scaffold,11,5000,6178,val
scaffold,11,5000,7329,val
scaffold,11,5000,2975,val
scaffold,11,5000,10243,val
scaffold,11,5000,3353,val
scaffold,11,5000,4746,val
scaffold,11,5000,8986,val
scaffold,11,5000,15029,val
scaffold,11,5000,5042,val
scaffold,11,5000,12130,val
scaffold,11,5000,12919,val
scaffold,11,5000,1701,val
scaffold,11,5000,9526,val
scaffold,11,5000,12032,val
scaffold,11,5000,5179,val
scaffold,11,5000,2878,val
scaffold,11,5000,6174,val
scaffold,11,5000,13360,val
scaffold,11,5000,4745,val
scaffold,11,5000,5019,val
scaffold,11,5000,13404,val
scaffold,11,5000,8590,val
scaffold,11,5000,14714,val
scaffold,11,5000,14348,val
scaffold,11,5000,6608,val
scaffold,11,5000,5012,val
scaffold,11,5000,7855,val
scaffold,11,5000,8277,val
scaffold,11,5000,13796,val
scaffold,11,5000,11787,val
scaffold,11,5000,2270,val
scaffold,11,5000,9563,val
scaffold,11,5000,6802,val
scaffold,11,5000,5346,val
scaffold,11,5000,873,val
scaffold,11,5000,3122,val
scaffold,11,5000,1570,val
scaffold,11,5000,2432,val
scaffold,11,5000,10059,val
scaffold,11,5000,4962,val
scaffold,11,5000,6873,val
scaffold,11,5000,10911,val
scaffold,11,5000,5825,val
scaffold,11,5000,13803,val
scaffold,11,5000,6003,val
scaffold,11,5000,12917,val
scaffold,11,5000,9722,val
scaffold,11,5000,3223,val
scaffold,11,5000,11965,val
scaffold,11,5000,6459,val
scaffold,11,5000,2609,val
scaffold,11,5000,8888,val
scaffold,11,5000,2575,val
scaffold,11,5000,4747,val
scaffold,11,5000,3129,val
scaffold,11,5000,2288,val
scaffold,11,5000,4005,val
scaffold,11,5000,9998,val
scaffold,11,5000,8118,val
scaffold,11,5000,2036,val
scaffold,11,5000,9460,val
scaffold,11,5000,85,val
scaffold,11,5000,14115,val
scaffold,11,5000,14931,val
scaffold,11,5000,14094,val
scaffold,11,5000,5531,val
scaffold,11,5000,14764,val
scaffold,11,5000,10370,val
scaffold,11,5000,167,val
scaffold,11,5000,15195,val
scaffold,11,5000,310,val
scaffold,11,5000,5452,val
scaffold,11,5000,8657,val
scaffold,11,5000,9087,val
scaffold,11,5000,10581,val
scaffold,11,5000,8816,val
scaffold,11,5000,8956,val
scaffold,11,5000,4290,val
scaffold,11,5000,5781,val
scaffold,11,5000,10748,val
scaffold,11,5000,10481,val
scaffold,11,5000,4168,val
scaffold,11,5000,4019,val
scaffold,11,5000,6043,val
scaffold,11,5000,14230,val
scaffold,11,5000,3008,val
scaffold,11,5000,14027,val
scaffold,11,5000,6914,val
scaffold,11,5000,11911,val
scaffold,11,5000,7359,val
scaffold,11,5000,5022,val
scaffold,11,5000,2625,val
scaffold,11,5000,7430,val
scaffold,11,5000,11826,val
scaffold,11,5000,13723,val
scaffold,11,5000,1918,val
scaffold,11,5000,3643,val
scaffold,11,5000,1966,val
scaffold,11,5000,8899,val
scaffold,11,5000,3329,val
scaffold,11,5000,7503,val
scaffold,11,5000,5725,val
scaffold,11,5000,69,val
scaffold,11,5000,4294,val
scaffold,11,5000,9394,val
scaffold,11,5000,8734,val
scaffold,11,5000,9377,val
scaffold,11,5000,6561,val
scaffold,11,5000,1667,val
scaffold,11,5000,6365,val
scaffold,11,5000,9954,val
scaffold,11,5000,9562,val
scaffold,11,5000,5262,val
scaffold,11,5000,8616,val
scaffold,11,5000,12494,val
scaffold,11,5000,11120,val
scaffold,11,5000,9065,val
scaffold,11,5000,12080,val
scaffold,11,5000,7021,val
scaffold,11,5000,7637,val
scaffold,11,5000,7910,val
scaffold,11,5000,13706,val
scaffold,11,5000,9512,val
scaffold,11,5000,13077,val
scaffold,11,5000,6835,val
scaffold,11,5000,7321,val
scaffold,11,5000,10279,val
scaffold,11,5000,4810,val
scaffold,11,5000,12243,val
scaffold,11,5000,14422,val
scaffold,11,5000,8847,val
scaffold,11,5000,6112,val
scaffold,11,5000,2249,val
scaffold,11,5000,14682,val
scaffold,11,5000,5925,val
scaffold,11,5000,2301,val
scaffold,11,5000,3843,val
scaffold,11,5000,9249,val
scaffold,11,5000,8693,val
scaffold,11,5000,11780,val
scaffold,11,5000,1398,val
scaffold,11,5000,10930,val
scaffold,11,5000,2794,val
scaffold,11,5000,13752,val
scaffold,11,5000,3560,val
scaffold,11,5000,1543,val
scaffold,11,5000,8767,val
scaffold,11,5000,1860,val
scaffold,11,5000,1750,val
scaffold,11,5000,8732,val
scaffold,11,5000,10308,val
scaffold,11,5000,9610,val
scaffold,11,5000,76,val
scaffold,11,5000,14752,val
scaffold,11,5000,10329,val
scaffold,11,5000,6099,val
scaffold,11,5000,11085,val
scaffold,11,5000,8924,val
scaffold,11,5000,8814,val
scaffold,11,5000,13145,val
scaffold,11,5000,7630,val
scaffold,11,5000,13589,val
scaffold,11,5000,713,val
scaffold,11,5000,7594,val
scaffold,11,5000,5061,val
scaffold,11,5000,7218,val
scaffold,11,5000,8812,val
scaffold,11,5000,1919,val
scaffold,11,5000,8583,val
scaffold,11,5000,4018,val
scaffold,11,5000,5493,val
scaffold,11,5000,14311,val
scaffold,11,5000,7268,val
scaffold,11,5000,14383,val
scaffold,11,5000,12054,val
scaffold,11,5000,3737,val
scaffold,11,5000,14353,val
scaffold,11,5000,6400,val
scaffold,11,5000,4353,val
scaffold,11,5000,1698,val
scaffold,11,5000,2098,val
scaffold,11,5000,1726,val
scaffold,11,5000,10549,val
scaffold,11,5000,7093,val
scaffold,11,5000,11609,val
scaffold,11,5000,9717,val
scaffold,11,5000,13761,val
scaffold,11,5000,13590,val
scaffold,11,5000,6403,val
scaffold,11,5000,2071,val
scaffold,11,5000,11027,val
scaffold,11,5000,3249,val
scaffold,11,5000,7331,val
scaffold,11,5000,14913,val
scaffold,11,5000,12688,val
scaffold,11,5000,3766,val
scaffold,11,5000,13481,val
scaffold,11,5000,11216,val
scaffold,11,5000,11657,val
scaffold,11,5000,390,val
scaffold,11,5000,9559,val
scaffold,11,5000,4669,val
scaffold,11,5000,8495,val
scaffold,11,5000,1865,val
scaffold,11,5000,14839,val
scaffold,11,5000,13999,val
scaffold,11,5000,14241,val
scaffold,11,5000,14926,val
scaffold,11,5000,1217,val
scaffold,11,5000,35,val
scaffold,11,5000,5118,val
scaffold,11,5000,7822,val
scaffold,11,5000,6165,val
scaffold,11,5000,5125,val
scaffold,11,5000,11332,val
scaffold,11,5000,4947,val
scaffold,11,5000,9253,val
scaffold,11,5000,6841,val
scaffold,11,5000,466,val
scaffold,11,5000,11083,val
scaffold,11,5000,11344,val
scaffold,11,5000,11666,val
scaffold,11,5000,620,val
scaffold,11,5000,7615,val
scaffold,11,5000,7104,val
scaffold,11,5000,11121,val
scaffold,11,5000,12598,val
scaffold,11,5000,14271,val
scaffold,11,5000,7436,val
scaffold,11,5000,9480,val
scaffold,11,5000,11784,val
scaffold,11,5000,12078,val
scaffold,11,5000,11507,val
scaffold,11,5000,8679,val
scaffold,11,5000,11620,val
scaffold,11,5000,11421,val
scaffold,11,5000,5924,val
scaffold,11,5000,12796,val
scaffold,11,5000,1108,val
scaffold,11,5000,13970,val
scaffold,11,5000,2151,val
scaffold,11,5000,7324,val
scaffold,11,5000,7184,val
scaffold,11,5000,9379,val
scaffold,11,5000,6187,val
scaffold,11,5000,7171,val
scaffold,11,5000,2669,val
scaffold,11,5000,340,val
scaffold,11,5000,14006,val
scaffold,11,5000,5229,val
scaffold,11,5000,1677,val
scaffold,11,5000,656,val
scaffold,11,5000,15179,val
scaffold,11,5000,5316,val
scaffold,11,5000,2491,val
scaffold,11,5000,1180,val
scaffold,11,5000,11622,val
scaffold,11,5000,13726,val
scaffold,11,5000,10313,val
scaffold,11,5000,3038,val
scaffold,11,5000,5289,val
scaffold,11,5000,6927,val
scaffold,11,5000,4028,val
scaffold,11,5000,13753,val
scaffold,11,5000,6712,val
scaffold,11,5000,2757,val
scaffold,11,5000,389,val
scaffold,11,5000,14418,val
scaffold,11,5000,9677,val
scaffold,11,5000,11306,val
scaffold,11,5000,9324,val
scaffold,11,5000,1734,val
scaffold,11,5000,6959,val
scaffold,11,5000,8389,val
scaffold,11,5000,5559,val
scaffold,11,5000,2256,val
scaffold,11,5000,13517,val
scaffold,11,5000,13289,val
scaffold,11,5000,8037,val
scaffold,11,5000,12165,val
scaffold,11,5000,8987,val
scaffold,11,5000,8978,val
scaffold,11,5000,13626,val
scaffold,11,5000,688,val
scaffold,11,5000,9035,val
scaffold,11,5000,10843,val
scaffold,11,5000,11613,val
scaffold,11,5000,1088,val
scaffold,11,5000,14387,val
scaffold,11,5000,7150,val
scaffold,11,5000,12327,val
scaffold,11,5000,9739,val
scaffold,11,5000,7694,val
scaffold,11,5000,3568,val
scaffold,11,5000,3651,val
scaffold,11,5000,6837,val
scaffold,11,5000,11604,val
scaffold,11,5000,1753,val
scaffold,11,5000,12528,val
scaffold,11,5000,11985,val
scaffold,11,5000,6753,val
scaffold,11,5000,12584,val
scaffold,11,5000,13102,val
scaffold,11,5000,2510,val
scaffold,11,5000,12349,val
scaffold,11,5000,10775,val
scaffold,11,5000,6821,val
scaffold,11,5000,10239,val
scaffold,11,5000,7060,val
scaffold,11,5000,13194,val
scaffold,11,5000,13667,val
scaffold,11,5000,12822,val
scaffold,11,5000,3394,val
scaffold,11,5000,11991,val
scaffold,11,5000,9093,val
scaffold,11,5000,2012,val
scaffold,11,5000,14246,val
scaffold,11,5000,11243,val
scaffold,11,5000,13799,val
scaffold,11,5000,3661,val
scaffold,11,5000,11716,val
scaffold,11,5000,12520,val
scaffold,11,5000,6301,val
scaffold,11,5000,8412,val
scaffold,11,5000,1532,val
scaffold,11,5000,12215,val
scaffold,11,5000,6425,val
scaffold,11,5000,9086,val
scaffold,11,5000,15071,val
scaffold,11,5000,5699,val
scaffold,11,5000,7950,val
scaffold,11,5000,2293,val
scaffold,11,5000,14938,val
scaffold,11,5000,5573,val
scaffold,11,5000,7004,val
scaffold,11,5000,3779,val
scaffold,11,5000,5822,val
scaffold,11,5000,7755,val
scaffold,11,5000,6560,val
scaffold,11,5000,6234,val
scaffold,11,5000,13671,val
scaffold,11,5000,2212,val
scaffold,11,5000,9327,val
scaffold,11,5000,2921,val
scaffold,11,5000,13219,val
scaffold,11,5000,12942,val
scaffold,11,5000,8766,val
scaffold,11,5000,8048,val
scaffold,11,5000,6714,val
scaffold,11,5000,6472,val
scaffold,11,5000,13963,val
scaffold,11,5000,9560,val
scaffold,11,5000,4638,val
scaffold,11,5000,4003,val
scaffold,11,5000,14371,val
scaffold,11,5000,14605,val
scaffold,11,5000,12843,val
scaffold,11,5000,6751,val
scaffold,11,5000,3810,val
scaffold,11,5000,4725,val
scaffold,11,5000,15196,val
scaffold,11,5000,9709,val
scaffold,11,5000,7566,val
scaffold,11,5000,6115,val
scaffold,11,5000,200,val
scaffold,11,5000,9068,val
scaffold,11,5000,7439,val
scaffold,11,5000,8357,val
scaffold,11,5000,14217,val
scaffold,11,5000,6728,val
scaffold,11,5000,11981,val
scaffold,11,5000,14597,val
scaffold,11,5000,6646,val
scaffold,11,5000,388,val
scaffold,11,5000,9266,val
scaffold,11,5000,11830,val
scaffold,11,5000,8528,val
scaffold,11,5000,8439,val
scaffold,11,5000,3701,val
scaffold,11,5000,5106,val
scaffold,11,5000,3252,val
scaffold,11,5000,9767,val
scaffold,11,5000,7929,val
scaffold,11,5000,7085,val
scaffold,11,5000,8691,val
scaffold,11,5000,14342,val
scaffold,11,5000,11715,val
scaffold,11,5000,9090,val
scaffold,11,5000,6606,val
scaffold,11,5000,9459,val
scaffold,11,5000,2043,val
scaffold,11,5000,1068,val
scaffold,11,5000,14843,val
scaffold,11,5000,13631,val
scaffold,11,5000,779,val
scaffold,11,5000,11472,val
scaffold,11,5000,4185,val
scaffold,11,5000,14684,val
scaffold,11,5000,5419,val
scaffold,11,5000,8377,val
scaffold,11,5000,3144,val
scaffold,11,5000,1752,val
scaffold,11,5000,5337,val
scaffold,11,5000,14351,val
scaffold,11,5000,8574,val
scaffold,11,5000,3533,val
scaffold,11,5000,14354,val
scaffold,11,5000,1228,val
scaffold,11,5000,1562,val
scaffold,11,5000,5239,val
scaffold,11,5000,5064,val
scaffold,11,5000,13311,val
scaffold,11,5000,14021,val
scaffold,11,5000,11493,val
scaffold,11,5000,8753,val
scaffold,11,5000,11788,val
scaffold,11,5000,10545,val
scaffold,11,5000,11471,val
scaffold,11,5000,10794,val
scaffold,11,5000,12154,val
scaffold,11,5000,9573,val
scaffold,11,5000,4827,val
scaffold,11,5000,3035,val
scaffold,11,5000,14656,val
scaffold,11,5000,8579,val
scaffold,11,5000,2661,val
scaffold,11,5000,11242,val
scaffold,11,5000,4148,val
scaffold,11,5000,10369,val
scaffold,11,5000,9801,val
scaffold,11,5000,10141,val
scaffold,11,5000,117,val
scaffold,11,5000,4685,val
scaffold,11,5000,10666,val
scaffold,11,5000,12659,val
scaffold,11,5000,14747,val
scaffold,11,5000,6193,val
scaffold,11,5000,5212,val
scaffold,11,5000,5586,val
scaffold,11,5000,4055,val
scaffold,11,5000,3484,val
scaffold,11,5000,10142,val
scaffold,11,5000,4228,val
scaffold,11,5000,8179,val
scaffold,11,5000,6475,val
scaffold,11,5000,1717,val
scaffold,11,5000,2818,val
scaffold,11,5000,1719,val
scaffold,11,5000,5667,val
scaffold,11,5000,14159,val
scaffold,11,5000,6068,val
scaffold,11,5000,6340,val
scaffold,11,5000,3371,val
scaffold,11,5000,11719,val
scaffold,11,5000,14096,val
scaffold,11,5000,2099,val
scaffold,11,5000,8815,val
scaffold,11,5000,5040,val
scaffold,11,5000,9572,val
scaffold,11,5000,10606,val
scaffold,11,5000,6743,val
scaffold,11,5000,1804,val
scaffold,11,5000,9022,val
scaffold,11,5000,2781,val
scaffold,11,5000,11565,val
scaffold,11,5000,8755,val
scaffold,11,5000,11615,val
scaffold,11,5000,12097,val
scaffold,11,5000,9416,val
scaffold,11,5000,417,val
scaffold,11,5000,3451,val
scaffold,11,5000,2029,val
scaffold,11,5000,8317,val
scaffold,11,5000,6997,val
scaffold,11,5000,6028,val
scaffold,11,5000,9724,val
scaffold,11,5000,905,val
scaffold,11,5000,10556,val
scaffold,11,5000,14256,val
scaffold,11,5000,14692,val
scaffold,11,5000,6754,val
scaffold,11,5000,10434,val
scaffold,11,5000,11280,val
scaffold,11,5000,9556,val
scaffold,11,5000,2660,val
scaffold,11,5000,12427,val
scaffold,11,5000,7636,val
scaffold,11,5000,330,val
scaffold,11,5000,13871,val
scaffold,11,5000,13618,val
scaffold,11,5000,721,val
scaffold,11,5000,4396,val
scaffold,11,5000,1326,val
scaffold,11,5000,11809,val
scaffold,11,5000,13535,val
scaffold,11,5000,14746,val
scaffold,11,5000,2578,val
scaffold,11,5000,11790,val
scaffold,11,5000,12892,val
scaffold,11,5000,3361,val
scaffold,11,5000,8325,val
scaffold,11,5000,14774,val
scaffold,11,5000,9383,val
scaffold,11,5000,1798,val
scaffold,11,5000,4006,val
scaffold,11,5000,5733,val
scaffold,11,5000,6899,val
scaffold,11,5000,14996,val
scaffold,11,5000,8818,val
scaffold,11,5000,9749,val
scaffold,11,5000,13946,val
scaffold,11,5000,2000,val
scaffold,11,5000,14045,val
scaffold,11,5000,5339,val
scaffold,11,5000,3275,val
scaffold,11,5000,13827,val
scaffold,11,5000,8315,val
scaffold,11,5000,6858,val
scaffold,11,5000,9701,val
scaffold,11,5000,9985,val
scaffold,11,5000,1718,val
scaffold,11,5000,204,val
scaffold,11,5000,12290,val
scaffold,11,5000,14466,val
scaffold,11,5000,3179,val
scaffold,11,5000,7552,val
scaffold,11,5000,2765,val
scaffold,11,5000,2955,val
scaffold,11,5000,14579,val
scaffold,11,5000,8764,val
scaffold,11,5000,7703,val
scaffold,11,5000,3402,val
scaffold,11,5000,6594,val
scaffold,11,5000,3703,val
scaffold,11,5000,13923,val
scaffold,11,5000,6595,val
scaffold,11,5000,5521,val
scaffold,11,5000,14814,val
scaffold,11,5000,14900,val
scaffold,11,5000,2112,val
scaffold,11,5000,8042,val
scaffold,11,5000,14863,val
scaffold,11,5000,9467,val
scaffold,11,5000,12122,val
scaffold,11,5000,9534,val
scaffold,11,5000,14554,val
scaffold,11,5000,14161,val
scaffold,11,5000,8762,val
scaffold,11,5000,5644,val
scaffold,11,5000,12606,val
scaffold,11,5000,5433,val
scaffold,11,5000,7712,val
scaffold,11,5000,7513,val
scaffold,11,5000,5603,val
scaffold,11,5000,1705,val
scaffold,11,5000,9519,val
scaffold,11,5000,12719,val
scaffold,11,5000,2181,val
scaffold,11,5000,8452,val
scaffold,11,5000,11913,val
scaffold,11,5000,12411,val
scaffold,11,5000,75,val
scaffold,11,5000,9270,val
scaffold,11,5000,11564,val
scaffold,11,5000,9373,val
scaffold,11,5000,511,val
scaffold,11,5000,11409,val
scaffold,11,5000,12133,val
scaffold,11,5000,7733,val
scaffold,11,5000,6617,val
scaffold,11,5000,12707,val
scaffold,11,5000,10147,val
scaffold,11,5000,10057,val
scaffold,11,5000,1756,val
scaffold,11,5000,5708,val
scaffold,11,5000,9135,val
scaffold,11,5000,7139,val
scaffold,11,5000,9953,val
scaffold,11,5000,14446,val
scaffold,11,5000,9248,val
scaffold,11,5000,502,val
scaffold,11,5000,8297,val
scaffold,11,5000,6398,val
scaffold,11,5000,11381,val
scaffold,11,5000,9098,val
scaffold,11,5000,13820,val
scaffold,11,5000,6216,val
scaffold,11,5000,4167,val
scaffold,11,5000,9137,val
scaffold,11,5000,10061,val
scaffold,11,5000,13594,val
scaffold,11,5000,9262,val
scaffold,11,5000,5597,val
scaffold,11,5000,14854,val
scaffold,11,5000,4476,val
scaffold,11,5000,1392,val
scaffold,11,5000,1311,val
scaffold,11,5000,8231,val
scaffold,11,5000,8763,val
scaffold,11,5000,52,val
scaffold,11,5000,8706,val
scaffold,11,5000,8087,val
scaffold,11,5000,10104,val
scaffold,11,5000,8548,val
scaffold,11,5000,4952,val
scaffold,11,5000,11786,val
scaffold,11,5000,8376,val
scaffold,11,5000,11934,val
scaffold,11,5000,11500,val
scaffold,11,5000,3325,val
scaffold,11,5000,9787,val
scaffold,11,5000,9704,val
scaffold,11,5000,9604,val
scaffold,11,5000,6159,val
scaffold,11,5000,10012,val
scaffold,11,5000,6449,val
scaffold,11,5000,11931,val
scaffold,11,5000,7181,val
scaffold,11,5000,6024,val
scaffold,11,5000,10753,val
scaffold,11,5000,4217,val
scaffold,11,5000,6752,val
scaffold,11,5000,12251,val
scaffold,11,5000,9092,val
scaffold,11,5000,3968,val
scaffold,11,5000,9568,val
scaffold,11,5000,8662,val
scaffold,11,5000,9376,val
scaffold,11,5000,6195,val
scaffold,11,5000,2790,val
scaffold,11,5000,3355,val
scaffold,11,5000,8230,val
scaffold,11,5000,6448,val
scaffold,11,5000,13006,val
scaffold,11,5000,12319,val
scaffold,11,5000,1505,val
scaffold,11,5000,15134,val
scaffold,11,5000,734,val
scaffold,11,5000,10277,val
scaffold,11,5000,13748,val
scaffold,11,5000,9726,val
scaffold,11,5000,5016,val
scaffold,11,5000,14944,val
scaffold,11,5000,5639,val
scaffold,11,5000,10077,val
scaffold,11,5000,9950,val
scaffold,11,5000,7022,val
scaffold,11,5000,8527,val
scaffold,11,5000,13173,val
scaffold,11,5000,15058,val
scaffold,11,5000,8438,val
scaffold,11,5000,3389,val
scaffold,11,5000,1290,val
scaffold,11,5000,2932,val
scaffold,11,5000,3397,val
scaffold,11,5000,9702,val
scaffold,11,5000,5027,val
scaffold,11,5000,6451,val
scaffold,11,5000,1973,val
scaffold,11,5000,10121,val
scaffold,11,5000,12807,val
scaffold,11,5000,5816,val
scaffold,11,5000,4671,val
scaffold,11,5000,7429,val
scaffold,11,5000,10931,val
scaffold,11,5000,4241,val
scaffold,11,5000,7048,val
scaffold,11,5000,4009,val
scaffold,11,5000,4790,val
scaffold,11,5000,11922,val
scaffold,11,5000,1692,val
scaffold,11,5000,10896,val
scaffold,11,5000,10532,val
scaffold,11,5000,7086,val
scaffold,11,5000,13342,val
scaffold,11,5000,14235,val
scaffold,11,5000,12477,val
scaffold,11,5000,2856,val
scaffold,11,5000,15075,val
scaffold,11,5000,292,val
scaffold,11,5000,4493,val
scaffold,11,5000,9955,val
scaffold,11,5000,9474,val
scaffold,11,5000,4184,test
scaffold,11,5000,11336,test
scaffold,11,5000,264,test
scaffold,11,5000,6793,test
scaffold,11,5000,7319,test
scaffold,11,5000,12639,test
scaffold,11,5000,10747,test
scaffold,11,5000,9630,test
scaffold,11,5000,15054,test
scaffold,11,5000,8785,test
scaffold,11,5000,5511,test
scaffold,11,5000,12804,test
scaffold,11,5000,4771,test
scaffold,11,5000,11875,test
scaffold,11,5000,5296,test
scaffold,11,5000,9935,test
scaffold,11,5000,13191,test
scaffold,11,5000,9580,test
scaffold,11,5000,14481,test
scaffold,11,5000,12776,test
scaffold,11,5000,12029,test
scaffold,11,5000,14955,test
scaffold,11,5000,4527,test
scaffold,11,5000,13015,test
scaffold,11,5000,1548,test
scaffold,11,5000,12568,test
scaffold,11,5000,2782,test
scaffold,11,5000,2086,test
scaffold,11,5000,6586,test
scaffold,11,5000,11654,test
scaffold,11,5000,12106,test
scaffold,11,5000,24,test
scaffold,11,5000,10787,test
scaffold,11,5000,257,test
scaffold,11,5000,14206,test
scaffold,11,5000,8309,test
scaffold,11,5000,4381,test
scaffold,11,5000,13584,test
scaffold,11,5000,6025,test
scaffold,11,5000,6859,test
scaffold,11,5000,11468,test
scaffold,11,5000,3719,test
scaffold,11,5000,11301,test
scaffold,11,5000,739,test
scaffold,11,5000,12726,test
scaffold,11,5000,12721,test
scaffold,11,5000,3911,test
scaffold,11,5000,11652,test
scaffold,11,5000,12868,test
scaffold,11,5000,14302,test
scaffold,11,5000,4221,test
scaffold,11,5000,5219,test
scaffold,11,5000,3461,test
scaffold,11,5000,15021,test
scaffold,11,5000,13890,test
scaffold,11,5000,4964,test
scaffold,11,5000,5683,test
scaffold,11,5000,11627,test
scaffold,11,5000,2250,test
scaffold,11,5000,14304,test
scaffold,11,5000,2008,test
scaffold,11,5000,13903,test
scaffold,11,5000,11491,test
scaffold,11,5000,5155,test
scaffold,11,5000,13322,test
scaffold,11,5000,58,test
scaffold,11,5000,5861,test
scaffold,11,5000,9209,test
scaffold,11,5000,1166,test
scaffold,11,5000,14748,test
scaffold,11,5000,10260,test
scaffold,11,5000,14486,test
scaffold,11,5000,13738,test
scaffold,11,5000,12604,test
scaffold,11,5000,14694,test
scaffold,11,5000,7388,test
scaffold,11,5000,13486,test
scaffold,11,5000,8506,test
scaffold,11,5000,12971,test
scaffold,11,5000,3475,test
scaffold,11,5000,14995,test
scaffold,11,5000,29,test
scaffold,11,5000,4659,test
scaffold,11,5000,1549,test
scaffold,11,5000,2990,test
scaffold,11,5000,6071,test
scaffold,11,5000,3439,test
scaffold,11,5000,10495,test
scaffold,11,5000,4602,test
scaffold,11,5000,3132,test
scaffold,11,5000,12053,test
scaffold,11,5000,4125,test
scaffold,11,5000,5716,test
scaffold,11,5000,12021,test
scaffold,11,5000,13264,test
scaffold,11,5000,331,test
scaffold,11,5000,4256,test
scaffold,11,5000,3517,test
scaffold,11,5000,3934,test
scaffold,11,5000,3527,test
scaffold,11,5000,10461,test
scaffold,11,5000,1091,test
scaffold,11,5000,5133,test
scaffold,11,5000,11626,test
scaffold,11,5000,13351,test
scaffold,11,5000,135,test
scaffold,11,5000,2066,test
scaffold,11,5000,13775,test
scaffold,11,5000,8595,test
scaffold,11,5000,668,test
scaffold,11,5000,3803,test
scaffold,11,5000,14087,test
scaffold,11,5000,14114,test
scaffold,11,5000,6655,test
scaffold,11,5000,14820,test
scaffold,11,5000,8464,test
scaffold,11,5000,1941,test
scaffold,11,5000,6163,test
scaffold,11,5000,931,test
scaffold,11,5000,8821,test
scaffold,11,5000,6848,test
scaffold,11,5000,773,test
scaffold,11,5000,5577,test
scaffold,11,5000,13234,test
scaffold,11,5000,2724,test
scaffold,11,5000,11731,test
scaffold,11,5000,1447,test
scaffold,11,5000,14344,test
scaffold,11,5000,10331,test
scaffold,11,5000,290,test
scaffold,11,5000,12867,test
scaffold,11,5000,11147,test
scaffold,11,5000,15237,test
scaffold,11,5000,11595,test
scaffold,11,5000,10876,test
scaffold,11,5000,11312,test
scaffold,11,5000,8728,test
scaffold,11,5000,11488,test
scaffold,11,5000,10464,test
scaffold,11,5000,110,test
scaffold,11,5000,11629,test
scaffold,11,5000,3993,test
scaffold,11,5000,6139,test
scaffold,11,5000,4871,test
scaffold,11,5000,5230,test
scaffold,11,5000,5008,test
scaffold,11,5000,7896,test
scaffold,11,5000,2665,test
scaffold,11,5000,12585,test
scaffold,11,5000,12582,test
scaffold,11,5000,13108,test
scaffold,11,5000,2370,test
scaffold,11,5000,11970,test
scaffold,11,5000,14069,test
scaffold,11,5000,3590,test
scaffold,11,5000,6004,test
scaffold,11,5000,14834,test
scaffold,11,5000,1060,test
scaffold,11,5000,2169,test
scaffold,11,5000,10721,test
scaffold,11,5000,4046,test
scaffold,11,5000,3452,test
scaffold,11,5000,8516,test
scaffold,11,5000,7953,test
scaffold,11,5000,5259,test
scaffold,11,5000,1002,test
scaffold,11,5000,7791,test
scaffold,11,5000,13443,test
scaffold,11,5000,7612,test
scaffold,11,5000,8553,test
scaffold,11,5000,2804,test
scaffold,11,5000,14109,test
scaffold,11,5000,13727,test
scaffold,11,5000,4084,test
scaffold,11,5000,5609,test
scaffold,11,5000,9902,test
scaffold,11,5000,5215,test
scaffold,11,5000,400,test
scaffold,11,5000,7036,test
scaffold,11,5000,14989,test
scaffold,11,5000,11837,test
scaffold,11,5000,14878,test
scaffold,11,5000,12455,test
scaffold,11,5000,12044,test
scaffold,11,5000,11978,test
scaffold,11,5000,14345,test
scaffold,11,5000,13333,test
scaffold,11,5000,1317,test
scaffold,11,5000,8761,test
scaffold,11,5000,7356,test
scaffold,11,5000,12164,test
scaffold,11,5000,12012,test
scaffold,11,5000,6637,test
scaffold,11,5000,788,test
scaffold,11,5000,7227,test
scaffold,11,5000,11512,test
scaffold,11,5000,649,test
scaffold,11,5000,3671,test
scaffold,11,5000,5988,test
scaffold,11,5000,13768,test
scaffold,11,5000,10652,test
scaffold,11,5000,9894,test
scaffold,11,5000,13684,test
scaffold,11,5000,2407,test
scaffold,11,5000,7783,test
scaffold,11,5000,4107,test
scaffold,11,5000,10454,test
scaffold,11,5000,14143,test
scaffold,11,5000,588,test
scaffold,11,5000,14959,test
scaffold,11,5000,394,test
scaffold,11,5000,533,test
scaffold,11,5000,7068,test
scaffold,11,5000,6230,test
scaffold,11,5000,11189,test
scaffold,11,5000,9686,test
scaffold,11,5000,6308,test
scaffold,11,5000,11219,test
scaffold,11,5000,12305,test
scaffold,11,5000,3885,test
scaffold,11,5000,8385,test
scaffold,11,5000,9668,test
scaffold,11,5000,5873,test
scaffold,11,5000,6822,test
scaffold,11,5000,6897,test
scaffold,11,5000,14146,test
scaffold,11,5000,5787,test
scaffold,11,5000,2801,test
scaffold,11,5000,2326,test
scaffold,11,5000,4045,test
scaffold,11,5000,2060,test
scaffold,11,5000,6667,test
scaffold,11,5000,5163,test
scaffold,11,5000,3516,test
scaffold,11,5000,4260,test
scaffold,11,5000,2153,test
scaffold,11,5000,14958,test
scaffold,11,5000,1345,test
scaffold,11,5000,13800,test
scaffold,11,5000,11838,test
scaffold,11,5000,14832,test
scaffold,11,5000,10820,test
scaffold,11,5000,1647,test
scaffold,11,5000,11357,test
scaffold,11,5000,12869,test
scaffold,11,5000,4599,test
scaffold,11,5000,2177,test
scaffold,11,5000,8148,test
scaffold,11,5000,11756,test
scaffold,11,5000,718,test
scaffold,11,5000,13286,test
scaffold,11,5000,12646,test
scaffold,11,5000,6665,test
scaffold,11,5000,12247,test
scaffold,11,5000,12144,test
scaffold,11,5000,11982,test
scaffold,11,5000,11150,test
scaffold,11,5000,4119,test
scaffold,11,5000,11889,test
scaffold,11,5000,1078,test
scaffold,11,5000,826,test
scaffold,11,5000,11700,test
scaffold,11,5000,3520,test
scaffold,11,5000,12430,test
scaffold,11,5000,997,test
scaffold,11,5000,10728,test
scaffold,11,5000,950,test
scaffold,11,5000,14793,test
scaffold,11,5000,1315,test
scaffold,11,5000,4220,test
scaffold,11,5000,11726,test
scaffold,11,5000,14980,test
scaffold,11,5000,164,test
scaffold,11,5000,13343,test
scaffold,11,5000,13070,test
scaffold,11,5000,13870,test
scaffold,11,5000,9659,test
scaffold,11,5000,11840,test
scaffold,11,5000,7895,test
scaffold,11,5000,6135,test
scaffold,11,5000,2771,test
scaffold,11,5000,10487,test
scaffold,11,5000,12170,test
scaffold,11,5000,12701,test
scaffold,11,5000,9067,test
scaffold,11,5000,14477,test
scaffold,11,5000,15001,test
scaffold,11,5000,14651,test
scaffold,11,5000,14509,test
scaffold,11,5000,11642,test
scaffold,11,5000,5746,test
scaffold,11,5000,2444,test
scaffold,11,5000,14652,test
scaffold,11,5000,7189,test
scaffold,11,5000,7491,test
scaffold,11,5000,6512,test
scaffold,11,5000,2077,test
scaffold,11,5000,13601,test
scaffold,11,5000,8859,test
scaffold,11,5000,11198,test
scaffold,11,5000,11713,test
scaffold,11,5000,8442,test
scaffold,11,5000,10800,test
scaffold,11,5000,2819,test
scaffold,11,5000,2139,test
scaffold,11,5000,1567,test
scaffold,11,5000,1793,test
scaffold,11,5000,3664,test
scaffold,11,5000,13734,test
scaffold,11,5000,9946,test
scaffold,11,5000,14265,test
scaffold,11,5000,12691,test
scaffold,11,5000,12586,test
scaffold,11,5000,4847,test
scaffold,11,5000,2300,test
scaffold,11,5000,2041,test
scaffold,11,5000,13638,test
scaffold,11,5000,1316,test
scaffold,11,5000,6011,test
scaffold,11,5000,13593,test
scaffold,11,5000,13801,test
scaffold,11,5000,13985,test
scaffold,11,5000,14882,test
scaffold,11,5000,3738,test
scaffold,11,5000,2122,test
scaffold,11,5000,11920,test
scaffold,11,5000,4641,test
scaffold,11,5000,9222,test
scaffold,11,5000,4536,test
scaffold,11,5000,5998,test
scaffold,11,5000,12107,test
scaffold,11,5000,9941,test
scaffold,11,5000,3928,test
scaffold,11,5000,756,test
scaffold,11,5000,11947,test
scaffold,11,5000,14759,test
scaffold,11,5000,4943,test
scaffold,11,5000,6834,test
scaffold,11,5000,885,test
scaffold,11,5000,7057,test
scaffold,11,5000,4687,test
scaffold,11,5000,10072,test
scaffold,11,5000,5773,test
scaffold,11,5000,5729,test
scaffold,11,5000,1890,test
scaffold,11,5000,2853,test
scaffold,11,5000,12055,test
scaffold,11,5000,7344,test
scaffold,11,5000,8573,test
scaffold,11,5000,14951,test
scaffold,11,5000,4803,test
scaffold,11,5000,4661,test
scaffold,11,5000,2053,test
scaffold,11,5000,5883,test
scaffold,11,5000,8010,test
scaffold,11,5000,10765,test
scaffold,11,5000,4173,test
scaffold,11,5000,5002,test
scaffold,11,5000,4912,test
scaffold,11,5000,14799,test
scaffold,11,5000,5492,test
scaffold,11,5000,13677,test
scaffold,11,5000,1738,test
scaffold,11,5000,4360,test
scaffold,11,5000,12954,test
scaffold,11,5000,13239,test
scaffold,11,5000,12987,test
scaffold,11,5000,13579,test
scaffold,11,5000,13652,test
scaffold,11,5000,3367,test
scaffold,11,5000,5305,test
scaffold,11,5000,10490,test
scaffold,11,5000,5910,test
scaffold,11,5000,447,test
scaffold,11,5000,4509,test
scaffold,11,5000,8822,test
scaffold,11,5000,11010,test
scaffold,11,5000,6220,test
scaffold,11,5000,515,test
scaffold,11,5000,4329,test
scaffold,11,5000,13087,test
scaffold,11,5000,9681,test
scaffold,11,5000,4295,test
scaffold,11,5000,2619,test
scaffold,11,5000,12640,test
scaffold,11,5000,3113,test
scaffold,11,5000,9533,test
scaffold,11,5000,7308,test
scaffold,11,5000,5972,test
scaffold,11,5000,1822,test
scaffold,11,5000,14170,test
scaffold,11,5000,6656,test
scaffold,11,5000,14745,test
scaffold,11,5000,14540,test
scaffold,11,5000,12183,test
scaffold,11,5000,624,test
scaffold,11,5000,6735,test
scaffold,11,5000,5809,test
scaffold,11,5000,14794,test
scaffold,11,5000,14326,test
scaffold,11,5000,11211,test
scaffold,11,5000,14533,test
scaffold,11,5000,11131,test
scaffold,11,5000,13525,test
scaffold,11,5000,5414,test
scaffold,11,5000,15184,test
scaffold,11,5000,11376,test
scaffold,11,5000,7975,test
scaffold,11,5000,5185,test
scaffold,11,5000,1704,test
scaffold,11,5000,2211,test
scaffold,11,5000,8496,test
scaffold,11,5000,3281,test
scaffold,11,5000,14064,test
scaffold,11,5000,4828,test
scaffold,11,5000,5780,test
scaffold,11,5000,6708,test
scaffold,11,5000,7224,test
scaffold,11,5000,5498,test
scaffold,11,5000,6569,test
scaffold,11,5000,1220,test
scaffold,11,5000,14922,test
scaffold,11,5000,3196,test
scaffold,11,5000,8340,test
scaffold,11,5000,13152,test
scaffold,11,5000,4779,test
scaffold,11,5000,10278,test
scaffold,11,5000,13882,test
scaffold,11,5000,13979,test
scaffold,11,5000,1018,test
scaffold,11,5000,14647,test
scaffold,11,5000,7511,test
scaffold,11,5000,9558,test
scaffold,11,5000,10375,test
scaffold,11,5000,6049,test
scaffold,11,5000,9069,test
scaffold,11,5000,8160,test
scaffold,11,5000,9608,test
scaffold,11,5000,5391,test
scaffold,11,5000,12654,test
scaffold,11,5000,9993,test
scaffold,11,5000,11755,test
scaffold,11,5000,527,test
scaffold,11,5000,6878,test
scaffold,11,5000,217,test
scaffold,11,5000,8638,test
scaffold,11,5000,14000,test
scaffold,11,5000,6907,test
scaffold,11,5000,6377,test
scaffold,11,5000,7493,test
scaffold,11,5000,11776,test
scaffold,11,5000,1008,test
scaffold,11,5000,12879,test
scaffold,11,5000,483,test
scaffold,11,5000,4954,test
scaffold,11,5000,7817,test
scaffold,11,5000,13621,test
scaffold,11,5000,7323,test
scaffold,11,5000,2977,test
scaffold,11,5000,13751,test
scaffold,11,5000,13002,test
scaffold,11,5000,10588,test
scaffold,11,5000,8521,test
scaffold,11,5000,12129,test
scaffold,11,5000,9472,test
scaffold,11,5000,6843,test
scaffold,11,5000,13026,test
scaffold,11,5000,13647,test
scaffold,11,5000,14874,test
scaffold,11,5000,8347,test
scaffold,11,5000,7190,test
scaffold,11,5000,10824,test
scaffold,11,5000,13845,test
scaffold,11,5000,8222,test
scaffold,11,5000,5257,test
scaffold,11,5000,4105,test
scaffold,11,5000,9503,test
scaffold,11,5000,7403,test
scaffold,11,5000,3515,test
scaffold,11,5000,7832,test
scaffold,11,5000,2525,test
scaffold,11,5000,12335,test
scaffold,11,5000,2355,test
scaffold,11,5000,933,test
scaffold,11,5000,13839,test
scaffold,11,5000,9984,test
scaffold,11,5000,7908,test
scaffold,11,5000,12592,test
scaffold,11,5000,13224,test
scaffold,11,5000,10251,test
scaffold,11,5000,528,test
scaffold,11,5000,14273,test
scaffold,11,5000,11499,test
scaffold,11,5000,9896,test
scaffold,11,5000,11028,test
scaffold,11,5000,2506,test
scaffold,11,5000,14208,test
scaffold,11,5000,13427,test
scaffold,11,5000,11952,test
scaffold,11,5000,12445,test
scaffold,11,5000,3107,test
scaffold,11,5000,4177,test
scaffold,11,5000,9346,test
scaffold,11,5000,10502,test
scaffold,11,5000,1072,test
scaffold,11,5000,13885,test
scaffold,11,5000,9273,test
scaffold,11,5000,1162,test
scaffold,11,5000,5188,test
scaffold,11,5000,10798,test
scaffold,11,5000,9390,test
scaffold,11,5000,14582,test
scaffold,11,5000,4748,test
scaffold,11,5000,6217,test
scaffold,11,5000,8754,test
scaffold,11,5000,10906,test
scaffold,11,5000,2979,test
scaffold,11,5000,5137,test
scaffold,11,5000,5234,test
scaffold,11,5000,9637,test
scaffold,11,5000,12008,test
scaffold,11,5000,12803,test
scaffold,11,5000,3456,test
scaffold,11,5000,5056,test
scaffold,11,5000,3372,test
scaffold,11,5000,14190,test
scaffold,11,5000,1396,test
scaffold,11,5000,9444,test
scaffold,11,5000,8852,test
scaffold,11,5000,1227,test
scaffold,11,5000,14571,test
scaffold,11,5000,5818,test
scaffold,11,5000,2615,test
scaffold,11,5000,12673,test
scaffold,11,5000,13424,test
scaffold,11,5000,10421,test
scaffold,11,5000,12667,test
scaffold,11,5000,5739,test
scaffold,11,5000,11225,test
scaffold,11,5000,146,test
scaffold,11,5000,7392,test
scaffold,11,5000,153,test
scaffold,11,5000,467,test
scaffold,11,5000,13473,test
scaffold,11,5000,13371,test
scaffold,11,5000,10793,test
scaffold,11,5000,998,test
scaffold,11,5000,11260,test
scaffold,11,5000,1474,test
scaffold,11,5000,5250,test
scaffold,11,5000,9439,test
scaffold,11,5000,10607,test
scaffold,11,5000,15106,test
scaffold,11,5000,12057,test
scaffold,11,5000,450,test
scaffold,11,5000,6485,test
scaffold,11,5000,5820,test
scaffold,11,5000,2141,test
scaffold,11,5000,5956,test
scaffold,11,5000,3462,test
scaffold,11,5000,10877,test
scaffold,11,5000,14919,test
scaffold,11,5000,2745,test
scaffold,11,5000,5375,test
scaffold,11,5000,12941,test
scaffold,11,5000,4180,test
scaffold,11,5000,8760,test
scaffold,11,5000,3277,test
scaffold,11,5000,9473,test
scaffold,11,5000,1857,test
scaffold,11,5000,3422,test
scaffold,11,5000,2643,test
scaffold,11,5000,1671,test
scaffold,11,5000,12660,test
scaffold,11,5000,9268,test
scaffold,11,5000,12530,test
scaffold,11,5000,14172,test
scaffold,11,5000,2209,test
scaffold,11,5000,9261,test
scaffold,11,5000,9639,test
scaffold,11,5000,4377,test
scaffold,11,5000,10094,test
scaffold,11,5000,14705,test
scaffold,11,5000,15066,test
scaffold,11,5000,6967,test
scaffold,11,5000,11038,test
scaffold,11,5000,3865,test
scaffold,11,5000,8773,test
scaffold,11,5000,13922,test
scaffold,11,5000,5379,test
scaffold,11,5000,4874,test
scaffold,11,5000,14962,test
scaffold,11,5000,14557,test
scaffold,11,5000,9334,test
scaffold,11,5000,9226,test
scaffold,11,5000,5076,test
scaffold,11,5000,2472,test
scaffold,11,5000,7777,test
scaffold,11,5000,11342,test
scaffold,11,5000,3819,test
scaffold,11,5000,3395,test
scaffold,11,5000,1513,test
scaffold,11,5000,3316,test
scaffold,11,5000,3816,test
scaffold,11,5000,12714,test
scaffold,11,5000,12616,test
scaffold,11,5000,4138,test
scaffold,11,5000,13747,test
scaffold,11,5000,12798,test
scaffold,11,5000,7051,test
scaffold,11,5000,3795,test
scaffold,11,5000,2104,test
scaffold,11,5000,3695,test
scaffold,11,5000,9041,test
scaffold,11,5000,8328,test
scaffold,11,5000,1555,test
scaffold,11,5000,211,test
scaffold,11,5000,5097,test
scaffold,11,5000,6934,test
scaffold,11,5000,12120,test
scaffold,11,5000,14665,test
scaffold,11,5000,15044,test
scaffold,11,5000,1510,test
scaffold,11,5000,2528,test
scaffold,11,5000,3342,test
scaffold,11,5000,12010,test
scaffold,11,5000,8023,test
scaffold,11,5000,5857,test
scaffold,11,5000,5834,test
scaffold,11,5000,3313,test
scaffold,11,5000,3444,test
scaffold,11,5000,8154,test
scaffold,11,5000,749,test
scaffold,11,5000,4744,test
scaffold,11,5000,5726,test
scaffold,11,5000,9391,test
scaffold,11,5000,359,test
scaffold,11,5000,6895,test
scaffold,11,5000,8639,test
scaffold,11,5000,3360,test
scaffold,11,5000,1114,test
scaffold,11,5000,3054,test
scaffold,11,5000,2382,test
scaffold,11,5000,2237,test
scaffold,11,5000,4041,test
scaffold,11,5000,12045,test
scaffold,11,5000,9967,test
scaffold,11,5000,12482,test
scaffold,11,5000,12535,test
scaffold,11,5000,3175,test
scaffold,11,5000,13209,test
scaffold,11,5000,5385,test
scaffold,11,5000,12147,test
scaffold,11,5000,11144,test
scaffold,11,5000,2106,test
scaffold,11,5000,3489,test
scaffold,11,5000,9108,test
scaffold,11,5000,10035,test
scaffold,11,5000,5368,test
scaffold,11,5000,10088,test
scaffold,11,5000,15133,test
scaffold,11,5000,2427,test
scaffold,11,5000,14438,test
scaffold,11,5000,3004,test
scaffold,11,5000,14709,test
scaffold,11,5000,7839,test
scaffold,11,5000,13586,test
scaffold,11,5000,7350,test
scaffold,11,5000,6533,test
scaffold,11,5000,1842,test
scaffold,11,5000,11735,test
scaffold,11,5000,3854,test
scaffold,11,5000,3466,test
scaffold,11,5000,12337,test
scaffold,11,5000,8254,test
scaffold,11,5000,5643,test
scaffold,11,5000,5058,test
scaffold,11,5000,10448,test
scaffold,11,5000,11133,test
scaffold,11,5000,13310,test
scaffold,11,5000,4799,test
scaffold,11,5000,2958,test
scaffold,11,5000,1482,test
scaffold,11,5000,11712,test
scaffold,11,5000,3641,test
scaffold,11,5000,1649,test
scaffold,11,5000,6243,test
scaffold,11,5000,11022,test
scaffold,11,5000,9118,test
scaffold,11,5000,4325,test
scaffold,11,5000,6727,test
scaffold,11,5000,5574,test
scaffold,11,5000,7741,test
scaffold,11,5000,12167,test
scaffold,11,5000,15004,test
scaffold,11,5000,4044,test
scaffold,11,5000,13622,test
scaffold,11,5000,11661,test
scaffold,11,5000,3334,test
scaffold,11,5000,14218,test
scaffold,11,5000,14421,test
scaffold,11,5000,1120,test
scaffold,11,5000,1393,test
scaffold,11,5000,2915,test
scaffold,11,5000,12246,test
scaffold,11,5000,1711,test
scaffold,11,5000,11221,test
scaffold,11,5000,10342,test
scaffold,11,5000,6965,test
scaffold,11,5000,6892,test
scaffold,11,5000,5656,test
scaffold,11,5000,286,test
scaffold,11,5000,6589,test
scaffold,11,5000,4801,test
scaffold,11,5000,12452,test
scaffold,11,5000,104,test
scaffold,11,5000,15224,test
scaffold,11,5000,10967,test
scaffold,11,5000,366,test
scaffold,11,5000,4281,test
scaffold,11,5000,8828,test
scaffold,11,5000,7474,test
scaffold,11,5000,2981,test
scaffold,11,5000,5156,test
scaffold,11,5000,13637,test
scaffold,11,5000,8635,test
scaffold,11,5000,13686,test
scaffold,11,5000,14152,test
scaffold,11,5000,14983,test
scaffold,11,5000,11245,test
scaffold,11,5000,8621,test
scaffold,11,5000,14899,test
scaffold,11,5000,10879,test
scaffold,11,5000,4791,test
scaffold,11,5000,5237,test
scaffold,11,5000,10669,test
scaffold,11,5000,10446,test
scaffold,11,5000,9337,test
scaffold,11,5000,11690,test
scaffold,11,5000,4099,test
scaffold,11,5000,14701,test
scaffold,11,5000,14177,test
scaffold,11,5000,3418,test
scaffold,11,5000,2123,test
scaffold,11,5000,7320,test
scaffold,11,5000,271,test
scaffold,11,5000,1372,test
scaffold,11,5000,9455,test
scaffold,11,5000,12277,test
scaffold,11,5000,10347,test
scaffold,11,5000,7830,test
scaffold,11,5000,6078,test
scaffold,11,5000,4758,test
scaffold,11,5000,10910,test
scaffold,11,5000,9680,test
scaffold,11,5000,8331,test
scaffold,11,5000,10380,test
scaffold,11,5000,2403,test
scaffold,11,5000,3048,test
scaffold,11,5000,13010,test
scaffold,11,5000,5808,test
scaffold,11,5000,12854,test
scaffold,11,5000,12632,test
scaffold,11,5000,4121,test
scaffold,11,5000,5772,test
scaffold,11,5000,7655,test
scaffold,11,5000,7648,test
scaffold,11,5000,11693,test
scaffold,11,5000,5931,test
scaffold,11,5000,5152,test
scaffold,11,5000,14142,test
scaffold,11,5000,10270,test
scaffold,11,5000,5206,test
scaffold,11,5000,5411,test
scaffold,11,5000,5625,test
scaffold,11,5000,12820,test
scaffold,11,5000,6410,test
scaffold,11,5000,4586,test
scaffold,11,5000,10835,test
scaffold,11,5000,3949,test
scaffold,11,5000,10904,test
scaffold,11,5000,13654,test
scaffold,11,5000,4750,test
scaffold,11,5000,5880,test
scaffold,11,5000,12383,test
scaffold,11,5000,9357,test
scaffold,11,5000,531,test
scaffold,11,5000,6599,test
scaffold,11,5000,2176,test
scaffold,11,5000,1003,test
scaffold,11,5000,12741,test
scaffold,11,5000,14544,test
scaffold,11,5000,12621,test
scaffold,11,5000,154,test
scaffold,11,5000,5371,test
scaffold,11,5000,13188,test
scaffold,11,5000,1755,test
scaffold,11,5000,9574,test
scaffold,11,5000,4597,test
scaffold,11,5000,14778,test
scaffold,11,5000,1353,test
scaffold,11,5000,11086,test
scaffold,11,5000,3293,test
scaffold,11,5000,10702,test
scaffold,11,5000,5601,test
scaffold,11,5000,9106,test
scaffold,11,5000,3679,test
scaffold,11,5000,5613,test
scaffold,11,5000,9441,test
scaffold,11,5000,1291,test
scaffold,11,5000,1256,test
scaffold,11,5000,2995,test
scaffold,11,5000,12153,test
scaffold,11,5000,15173,test
scaffold,11,5000,1028,test
scaffold,11,5000,219,test
scaffold,11,5000,1106,test
scaffold,11,5000,8007,test
scaffold,11,5000,12293,test
scaffold,11,5000,10710,test
scaffold,11,5000,14419,test
scaffold,11,5000,10320,test
scaffold,11,5000,5942,test
scaffold,11,5000,722,test
scaffold,11,5000,12793,test
scaffold,11,5000,645,test
scaffold,11,5000,6036,test
scaffold,11,5000,14492,test
scaffold,11,5000,3868,test
scaffold,11,5000,13158,test
scaffold,11,5000,8713,test
scaffold,11,5000,13144,test
scaffold,11,5000,4169,test
scaffold,11,5000,6,test
scaffold,11,5000,246,test
scaffold,11,5000,7097,test
scaffold,11,5000,5457,test
scaffold,11,5000,6183,test
scaffold,11,5000,10974,test
scaffold,11,5000,3824,test
scaffold,11,5000,9245,test
scaffold,11,5000,10038,test
scaffold,11,5000,4858,test
scaffold,11,5000,13959,test
scaffold,11,5000,5437,test
scaffold,11,5000,15130,test
scaffold,11,5000,4520,test
scaffold,11,5000,6893,test
scaffold,11,5000,6313,test
scaffold,11,5000,11230,test
scaffold,11,5000,7567,test
scaffold,11,5000,13252,test
scaffold,11,5000,14318,test
scaffold,11,5000,5945,test
scaffold,11,5000,13948,test
scaffold,11,5000,4958,test
scaffold,11,5000,5429,test
scaffold,11,5000,4205,test
scaffold,11,5000,7273,test
scaffold,11,5000,141,test
scaffold,11,5000,14539,test
scaffold,11,5000,1101,test
scaffold,11,5000,10535,test
scaffold,11,5000,4998,test
scaffold,11,5000,10591,test
scaffold,11,5000,12912,test
scaffold,11,5000,14443,test
scaffold,11,5000,28,test
scaffold,11,5000,11810,test
scaffold,11,5000,13438,test
scaffold,11,5000,12382,test
scaffold,11,5000,8778,test
scaffold,11,5000,12441,test
scaffold,11,5000,15035,test
scaffold,11,5000,148,test
scaffold,11,5000,62,test
scaffold,11,5000,70,test
scaffold,11,5000,6780,test
scaffold,11,5000,14668,test
scaffold,11,5000,11858,test
scaffold,11,5000,12644,test
scaffold,11,5000,2713,test
scaffold,11,5000,137,test
scaffold,11,5000,14047,test
scaffold,11,5000,9389,test
scaffold,11,5000,12462,test
scaffold,11,5000,5360,test
scaffold,11,5000,10918,test
scaffold,11,5000,2706,test
scaffold,11,5000,13076,test
scaffold,11,5000,7114,test
scaffold,11,5000,4846,test
scaffold,11,5000,5461,test
scaffold,11,5000,9454,test
scaffold,11,5000,4696,test
scaffold,11,5000,2959,test
scaffold,11,5000,2703,test
scaffold,11,5000,5658,test
scaffold,11,5000,11658,test
scaffold,11,5000,12074,test
scaffold,11,5000,13237,test
scaffold,11,5000,5021,test
scaffold,11,5000,12929,test
scaffold,11,5000,3767,test
scaffold,11,5000,11151,test
scaffold,11,5000,13210,test
scaffold,11,5000,12658,test
scaffold,11,5000,3663,test
scaffold,11,5000,9451,test
scaffold,11,5000,14097,test
scaffold,11,5000,1515,test
scaffold,11,5000,1546,test
scaffold,11,5000,12631,test
scaffold,11,5000,8788,test
scaffold,11,5000,12149,test
scaffold,11,5000,10885,test
scaffold,11,5000,4436,test
scaffold,11,5000,2088,test
scaffold,11,5000,5690,test
scaffold,11,5000,7081,test
scaffold,11,5000,14224,test
scaffold,11,5000,3162,test
scaffold,11,5000,12163,test
scaffold,11,5000,12950,test
scaffold,11,5000,6042,test
scaffold,11,5000,11363,test
scaffold,11,5000,6894,test
scaffold,11,5000,9658,test
scaffold,11,5000,12574,test
scaffold,11,5000,5434,test
scaffold,11,5000,4621,test
scaffold,11,5000,4591,test
scaffold,11,5000,10881,test
scaffold,11,5000,6315,test
scaffold,11,5000,5619,test
scaffold,11,5000,1928,test
scaffold,11,5000,7723,test
scaffold,11,5000,8498,test
scaffold,11,5000,6785,test
scaffold,11,5000,1154,test
scaffold,11,5000,6799,test
scaffold,11,5000,7926,test
scaffold,11,5000,4440,test
scaffold,11,5000,1153,test
scaffold,11,5000,5186,test
scaffold,11,5000,5159,test
scaffold,11,5000,11587,test
scaffold,11,5000,3376,test
scaffold,11,5000,7525,test
scaffold,11,5000,10620,test
scaffold,11,5000,15144,test
scaffold,11,5000,15160,test
scaffold,11,5000,7770,test
scaffold,11,5000,6489,test
scaffold,11,5000,14566,test
scaffold,11,5000,1087,test
scaffold,11,5000,752,test
scaffold,11,5000,9237,test
scaffold,11,5000,3606,test
scaffold,11,5000,12415,test
scaffold,11,5000,4892,test
scaffold,11,5000,11473,test
scaffold,11,5000,4784,test
scaffold,11,5000,242,test
scaffold,11,5000,9845,test
scaffold,11,5000,5488,test
scaffold,11,5000,3612,test
scaffold,11,5000,557,test
scaffold,11,5000,7806,test
scaffold,11,5000,1821,test
scaffold,11,5000,704,test
scaffold,11,5000,7297,test
scaffold,11,5000,5473,test
scaffold,11,5000,11868,test
scaffold,11,5000,2246,test
scaffold,11,5000,1781,test
scaffold,11,5000,2162,test
scaffold,11,5000,15212,test
scaffold,11,5000,14453,test
scaffold,11,5000,804,test
scaffold,11,5000,10047,test
scaffold,11,5000,8575,test
scaffold,11,5000,7264,test
scaffold,11,5000,9452,test
scaffold,11,5000,7484,test
scaffold,11,5000,1456,test
scaffold,11,5000,1421,test
scaffold,11,5000,13560,test
scaffold,11,5000,11145,test
scaffold,11,5000,9458,test
scaffold,11,5000,7706,test
scaffold,11,5000,6355,test
scaffold,11,5000,14092,test
scaffold,11,5000,12849,test
scaffold,11,5000,15115,test
scaffold,11,5000,9706,test
scaffold,11,5000,13707,test
scaffold,11,5000,8273,test
scaffold,11,5000,13402,test
scaffold,11,5000,11184,test
scaffold,11,5000,13760,test
scaffold,11,5000,9995,test
scaffold,11,5000,6747,test
scaffold,11,5000,12237,test
scaffold,11,5000,12693,test
scaffold,11,5000,13995,test
scaffold,11,5000,10245,test
scaffold,11,5000,7867,test
scaffold,11,5000,2360,test
scaffold,11,5000,5269,test
scaffold,11,5000,13228,test
scaffold,11,5000,3614,test
scaffold,11,5000,12236,test
scaffold,11,5000,14679,test
scaffold,11,5000,13640,test
scaffold,11,5000,3731,test
scaffold,11,5000,8545,test
scaffold,11,5000,7668,test
scaffold,11,5000,8130,test
scaffold,11,5000,7965,test
scaffold,11,5000,8659,test
scaffold,11,5000,212,test
scaffold,11,5000,9037,test
scaffold,11,5000,4843,test
scaffold,11,5000,7922,test
scaffold,11,5000,8308,test
scaffold,11,5000,948,test
scaffold,11,5000,2518,test
scaffold,11,5000,8021,test
scaffold,11,5000,9960,test
scaffold,11,5000,15084,test
scaffold,11,5000,11691,test
scaffold,11,5000,1678,test
scaffold,11,5000,11987,test
scaffold,11,5000,10192,test
scaffold,11,5000,4844,test
scaffold,11,5000,12121,test
scaffold,11,5000,10692,test
scaffold,11,5000,2490,test
scaffold,11,5000,13721,test
scaffold,11,5000,12533,test
scaffold,11,5000,8025,test
scaffold,11,5000,11476,test
scaffold,11,5000,12974,test
scaffold,11,5000,13521,test
scaffold,11,5000,4118,test
scaffold,11,5000,6745,test
scaffold,11,5000,11588,test
scaffold,11,5000,86,test
scaffold,11,5000,4683,test
scaffold,11,5000,9144,test
scaffold,11,5000,10635,test
scaffold,11,5000,6765,test
scaffold,11,5000,10444,test
scaffold,11,5000,1066,test
scaffold,11,5000,5670,test
scaffold,11,5000,10839,test
scaffold,11,5000,14303,test
scaffold,11,5000,7729,test
scaffold,11,5000,14990,test
scaffold,11,5000,9348,test
scaffold,11,5000,7753,test
scaffold,11,5000,2829,test
scaffold,11,5000,13066,test
scaffold,11,5000,2079,test
scaffold,11,5000,1480,test
scaffold,11,5000,8339,test
scaffold,11,5000,3424,test
scaffold,11,5000,7843,test
scaffold,11,5000,12845,test
scaffold,11,5000,13157,test
scaffold,11,5000,13880,test
scaffold,11,5000,9096,test
scaffold,11,5000,208,test
scaffold,11,5000,5031,test
scaffold,11,5000,484,test
scaffold,11,5000,10403,test
scaffold,11,5000,4389,test
scaffold,11,5000,5104,test
scaffold,11,5000,9158,test
scaffold,11,5000,11009,test
scaffold,11,5000,1537,test
scaffold,11,5000,4908,test
scaffold,11,5000,12412,test
scaffold,11,5000,11495,test
scaffold,11,5000,12909,test
scaffold,11,5000,3948,test
scaffold,11,5000,601,test
scaffold,11,5000,399,test
scaffold,11,5000,8606,test
scaffold,11,5000,10132,test
scaffold,11,5000,9461,test
scaffold,11,5000,5826,test
scaffold,11,5000,11353,test
scaffold,11,5000,3745,test
scaffold,11,5000,12191,test
scaffold,11,5000,9241,test
scaffold,11,5000,8356,test
scaffold,11,5000,12546,test
scaffold,11,5000,13921,test
scaffold,11,5000,14084,test
scaffold,11,5000,11382,test
scaffold,11,5000,7010,test
scaffold,11,5000,14352,test
scaffold,11,5000,13327,test
scaffold,11,5000,10641,test
scaffold,11,5000,3605,test
scaffold,11,5000,609,test
scaffold,11,5000,12766,test
scaffold,11,5000,12498,test
scaffold,11,5000,14014,test
scaffold,11,5000,267,test
scaffold,11,5000,14400,test
scaffold,11,5000,12519,test
scaffold,11,5000,8482,test
scaffold,11,5000,5108,test
scaffold,11,5000,7964,test
scaffold,11,5000,7878,test
scaffold,11,5000,15178,test
scaffold,11,5000,3415,test
scaffold,11,5000,12198,test
scaffold,11,5000,5860,test
scaffold,11,5000,3236,test
scaffold,11,5000,14204,test
scaffold,11,5000,8694,test
scaffold,11,5000,6338,test
scaffold,11,5000,1945,test
scaffold,11,5000,13577,test
scaffold,11,5000,1169,test
scaffold,11,5000,4613,test
scaffold,11,5000,1405,test
scaffold,11,5000,11527,test
scaffold,11,5000,11166,test
scaffold,11,5000,1409,test
scaffold,11,5000,13207,test
scaffold,11,5000,7532,test
scaffold,11,5000,9631,test
scaffold,11,5000,6527,test
scaffold,11,5000,9609,test
scaffold,11,5000,10914,test
scaffold,11,5000,13836,test
scaffold,11,5000,4346,test
scaffold,11,5000,14738,test
scaffold,11,5000,14281,test
scaffold,11,5000,3458,test
scaffold,11,5000,2087,test
scaffold,11,5000,13418,test
scaffold,11,5000,3790,test
scaffold,11,5000,4780,test
scaffold,11,5000,4159,test
scaffold,11,5000,11573,test
scaffold,11,5000,4176,test
scaffold,11,5000,13035,test
scaffold,11,5000,6072,test
scaffold,11,5000,13705,test
scaffold,11,5000,6888,test
scaffold,11,5000,14542,test
scaffold,11,5000,5730,test
scaffold,11,5000,14751,test
scaffold,11,5000,14553,test
scaffold,11,5000,11136,test
scaffold,11,5000,984,test
scaffold,11,5000,6434,test
scaffold,11,5000,503,test
scaffold,11,5000,563,test
scaffold,11,5000,8905,test
scaffold,11,5000,13468,test
scaffold,11,5000,4499,test
scaffold,11,5000,3877,test
scaffold,11,5000,11729,test
scaffold,11,5000,1433,test
scaffold,11,5000,548,test
scaffold,11,5000,3705,test
scaffold,11,5000,6397,test
scaffold,11,5000,5326,test
scaffold,11,5000,2875,test
scaffold,11,5000,5686,test
scaffold,11,5000,13663,test
scaffold,11,5000,5727,test
scaffold,11,5000,3638,test
scaffold,11,5000,11191,test
scaffold,11,5000,12472,test
scaffold,11,5000,9453,test
scaffold,11,5000,5038,test
scaffold,11,5000,12961,test
scaffold,11,5000,3212,test
scaffold,11,5000,9895,test
scaffold,11,5000,5323,test
scaffold,11,5000,10637,test
scaffold,11,5000,15135,test
scaffold,11,5000,8135,test
scaffold,11,5000,12560,test
scaffold,11,5000,3648,test
scaffold,11,5000,14200,test
scaffold,11,5000,5575,test
scaffold,11,5000,4905,test
scaffold,11,5000,3321,test
scaffold,11,5000,9134,test
scaffold,11,5000,1666,test
scaffold,11,5000,14399,test
scaffold,11,5000,11706,test
scaffold,11,5000,5749,test
scaffold,11,5000,1318,test
scaffold,11,5000,1707,test
scaffold,11,5000,1097,test
scaffold,11,5000,3408,test
scaffold,11,5000,9347,test
scaffold,11,5000,14977,test
scaffold,11,5000,2067,test
scaffold,11,5000,3763,test
scaffold,11,5000,15167,test
scaffold,11,5000,11751,test
scaffold,11,5000,10902,test
scaffold,11,5000,8079,test
scaffold,11,5000,4048,test
scaffold,11,5000,13558,test
scaffold,11,5000,10391,test
scaffold,11,5000,751,test
scaffold,11,5000,5525,test
scaffold,11,5000,554,test
scaffold,11,5000,3467,test
scaffold,11,5000,11328,test
scaffold,11,5000,4238,test
scaffold,11,5000,9432,test
scaffold,11,5000,838,test
scaffold,11,5000,823,test
scaffold,11,5000,12306,test
scaffold,11,5000,3518,test
scaffold,11,5000,9496,test
scaffold,11,5000,10074,test
scaffold,11,5000,6783,test
scaffold,11,5000,7946,test
scaffold,11,5000,10552,test
scaffold,11,5000,3521,test
scaffold,11,5000,660,test
scaffold,11,5000,3574,test
scaffold,11,5000,2191,test
scaffold,11,5000,8756,test
scaffold,11,5000,7959,test
scaffold,11,5000,9214,test
scaffold,11,5000,195,test
scaffold,11,5000,11747,test
scaffold,11,5000,11018,test
scaffold,11,5000,1536,test
scaffold,11,5000,11856,test
scaffold,11,5000,8792,test
scaffold,11,5000,11279,test
scaffold,11,5000,13268,test
scaffold,11,5000,1930,test
scaffold,11,5000,14,test
scaffold,11,5000,15046,test
scaffold,11,5000,11827,test
scaffold,11,5000,5711,test
scaffold,11,5000,3817,test
scaffold,11,5000,6676,test
scaffold,11,5000,1550,test
scaffold,11,5000,2317,test
scaffold,11,5000,7635,test
scaffold,11,5000,13017,test
scaffold,11,5000,4227,test
scaffold,11,5000,1874,test
scaffold,11,5000,8047,test
scaffold,11,5000,12759,test
scaffold,11,5000,1454,test
scaffold,11,5000,12140,test
scaffold,11,5000,14259,test
scaffold,11,5000,4030,test
scaffold,11,5000,6019,test
scaffold,11,5000,4414,test
scaffold,11,5000,12355,test
scaffold,11,5000,4198,test
scaffold,11,5000,5278,test
scaffold,11,5000,4071,test
scaffold,11,5000,1357,test
scaffold,11,5000,11950,test
scaffold,11,5000,818,test
scaffold,11,5000,5480,test
scaffold,11,5000,10007,test
scaffold,11,5000,10372,test
scaffold,11,5000,11551,test
scaffold,11,5000,11469,test
scaffold,11,5000,12635,test
scaffold,11,5000,11709,test
scaffold,11,5000,14158,test
scaffold,11,5000,14346,test
scaffold,11,5000,8486,test
scaffold,11,5000,1650,test
scaffold,11,5000,7745,test
scaffold,11,5000,5284,test
scaffold,11,5000,15229,test
scaffold,11,5000,12350,test
scaffold,11,5000,13230,test
scaffold,11,5000,5584,test
scaffold,11,5000,2331,test
scaffold,11,5000,14844,test
scaffold,11,5000,1395,test
scaffold,11,5000,1887,test
scaffold,11,5000,8907,test
scaffold,11,5000,6516,test
scaffold,11,5000,2938,test
scaffold,11,5000,4607,test
scaffold,11,5000,3583,test
scaffold,11,5000,14614,test
scaffold,11,5000,1568,test
scaffold,11,5000,5674,test
scaffold,11,5000,8784,test
scaffold,11,5000,10165,test
scaffold,11,5000,5813,test
scaffold,11,5000,11337,test
scaffold,11,5000,448,test
scaffold,11,5000,532,test
scaffold,11,5000,4506,test
scaffold,11,5000,2253,test
scaffold,11,5000,1982,test
scaffold,11,5000,12888,test
scaffold,11,5000,8714,test
scaffold,11,5000,3001,test
scaffold,11,5000,12753,test
scaffold,11,5000,10318,test
scaffold,11,5000,13097,test
scaffold,11,5000,618,test
scaffold,11,5000,5226,test
scaffold,11,5000,2027,test
scaffold,11,5000,14054,test
scaffold,11,5000,11684,test
scaffold,11,5000,7,test
scaffold,11,5000,10200,test
scaffold,11,5000,11547,test
scaffold,11,5000,7627,test
scaffold,11,5000,4931,test
scaffold,11,5000,4968,test
scaffold,11,5000,3587,test
scaffold,11,5000,8432,test
scaffold,11,5000,9632,test
scaffold,11,5000,14285,test
scaffold,11,5000,520,test
scaffold,11,5000,13791,test
scaffold,11,5000,4699,test
scaffold,11,5000,13967,test
scaffold,11,5000,14984,test
scaffold,11,5000,5263,test
scaffold,11,5000,9732,test
scaffold,11,5000,6227,test
scaffold,11,5000,12224,test
scaffold,11,5000,7469,test
scaffold,11,5000,3922,test
scaffold,11,5000,9858,test
scaffold,11,5000,11149,test
scaffold,11,5000,4068,test
scaffold,11,5000,669,test
scaffold,11,5000,11958,test
scaffold,11,5000,1004,test
scaffold,11,5000,12898,test
scaffold,11,5000,3384,test
scaffold,11,5000,13092,test
scaffold,11,5000,6733,test
scaffold,11,5000,14612,test
scaffold,11,5000,14610,test
scaffold,11,5000,12603,test
scaffold,11,5000,12697,test
scaffold,11,5000,12292,test
scaffold,11,5000,10759,test
scaffold,11,5000,11977,test
scaffold,11,5000,334,test
scaffold,11,5000,14071,test
scaffold,11,5000,12348,test
scaffold,11,5000,128,test
scaffold,11,5000,13741,test
scaffold,11,5000,8116,test
scaffold,11,5000,11980,test
scaffold,11,5000,4582,test
scaffold,11,5000,3407,test
scaffold,11,5000,6482,test
scaffold,11,5000,8692,test
scaffold,11,5000,7077,test
scaffold,11,5000,7527,test
scaffold,11,5000,744,test
scaffold,11,5000,11276,test
scaffold,11,5000,12084,test
scaffold,11,5000,10085,test
scaffold,11,5000,309,test
scaffold,11,5000,3050,test
scaffold,11,5000,4013,test
scaffold,11,5000,12418,test
scaffold,11,5000,11479,test
scaffold,11,5000,4011,test
scaffold,11,5000,10569,test
scaffold,11,5000,4765,test
scaffold,11,5000,12687,test
scaffold,11,5000,9430,test
scaffold,11,5000,9662,test
scaffold,11,5000,11161,test
scaffold,11,5000,11220,test
scaffold,11,5000,639,test
scaffold,11,5000,13018,test
scaffold,11,5000,10338,test
scaffold,11,5000,14914,test
scaffold,11,5000,4795,test
scaffold,11,5000,6652,test
scaffold,11,5000,13688,test
scaffold,11,5000,4715,test
scaffold,11,5000,4370,test
scaffold,11,5000,12492,test
scaffold,11,5000,7499,test
scaffold,11,5000,10201,test
scaffold,11,5000,8319,test
scaffold,11,5000,5312,test
scaffold,11,5000,3322,test
scaffold,11,5000,13013,test
scaffold,11,5000,5928,test
scaffold,11,5000,13866,test
scaffold,11,5000,13864,test
scaffold,11,5000,1280,test
scaffold,11,5000,13619,test
scaffold,11,5000,12938,test
scaffold,11,5000,15164,test
scaffold,11,5000,8477,test
scaffold,11,5000,1458,test
scaffold,11,5000,5209,test
scaffold,11,5000,8233,test
scaffold,11,5000,12918,test
scaffold,11,5000,3066,test
scaffold,11,5000,2330,test
scaffold,11,5000,4133,test
scaffold,11,5000,10155,test
scaffold,11,5000,10463,test
scaffold,11,5000,13163,test
scaffold,11,5000,12111,test
scaffold,11,5000,12229,test
scaffold,11,5000,8321,test
scaffold,11,5000,13610,test
scaffold,11,5000,13735,test
scaffold,11,5000,1846,test
scaffold,11,5000,4598,test
scaffold,11,5000,7113,test
scaffold,11,5000,10734,test
scaffold,11,5000,4025,test
scaffold,11,5000,15204,test
scaffold,11,5000,8973,test
scaffold,11,5000,10616,test
scaffold,11,5000,7383,test
scaffold,11,5000,10929,test
scaffold,11,5000,10717,test
scaffold,11,5000,3438,test
scaffold,11,5000,10087,test
scaffold,11,5000,4556,test
scaffold,11,5000,10053,test
scaffold,11,5000,14856,test
scaffold,11,5000,608,test
scaffold,11,5000,3359,test
scaffold,11,5000,11227,test
scaffold,11,5000,4101,test
scaffold,11,5000,3535,test
scaffold,11,5000,6697,test
scaffold,11,5000,1974,test
scaffold,11,5000,15222,test
scaffold,11,5000,1661,test
scaffold,11,5000,12475,test
scaffold,11,5000,816,test
scaffold,11,5000,12458,test
scaffold,11,5000,14385,test
scaffold,11,5000,5539,test
scaffold,11,5000,11737,test
scaffold,11,5000,8675,test
scaffold,11,5000,6210,test
scaffold,11,5000,4000,test
scaffold,11,5000,3897,test
scaffold,11,5000,8914,test
scaffold,11,5000,7930,test
scaffold,11,5000,12676,test
scaffold,11,5000,15014,test
scaffold,11,5000,4808,test
scaffold,11,5000,4134,test
scaffold,11,5000,1179,test
scaffold,11,5000,11164,test
scaffold,11,5000,14779,test
scaffold,11,5000,13865,test
scaffold,11,5000,6088,test
scaffold,11,5000,1149,test
scaffold,11,5000,7916,test
scaffold,11,5000,10901,test
scaffold,11,5000,7222,test
scaffold,11,5000,8202,test
scaffold,11,5000,13086,test
scaffold,11,5000,5560,test
scaffold,11,5000,8117,test
scaffold,11,5000,632,test
scaffold,11,5000,15219,test
scaffold,11,5000,5526,test
scaffold,11,5000,1045,test
scaffold,11,5000,13834,test
scaffold,11,5000,1662,test
scaffold,11,5000,9457,test
scaffold,11,5000,12880,test
scaffold,11,5000,7924,test
scaffold,11,5000,2784,test
scaffold,11,5000,1240,test
scaffold,11,5000,8360,test
scaffold,11,5000,14184,test
scaffold,11,5000,7747,test
scaffold,11,5000,8661,test
scaffold,11,5000,14398,test
scaffold,11,5000,6566,test
scaffold,11,5000,1374,test
scaffold,11,5000,3336,test
scaffold,11,5000,5648,test
scaffold,11,5000,12058,test
scaffold,11,5000,7112,test
scaffold,11,5000,11590,test
scaffold,11,5000,11752,test
scaffold,11,5000,7582,test
scaffold,11,5000,1229,test
scaffold,11,5000,15228,test
scaffold,11,5000,10091,test
scaffold,11,5000,4114,test
scaffold,11,5000,5048,test
scaffold,11,5000,5524,test
scaffold,11,5000,15218,test
scaffold,11,5000,5687,test
scaffold,11,5000,7303,test
scaffold,11,5000,7952,test
scaffold,11,5000,2982,test
scaffold,11,5000,7759,test
scaffold,11,5000,12151,test
scaffold,11,5000,3375,test
scaffold,11,5000,15124,test
scaffold,11,5000,11248,test
scaffold,11,5000,10978,test
scaffold,11,5000,1981,test
scaffold,11,5000,3314,test
scaffold,11,5000,8253,test
scaffold,11,5000,3668,test
scaffold,11,5000,10551,test
scaffold,11,5000,4141,test
scaffold,11,5000,15120,test
scaffold,11,5000,5621,test
scaffold,11,5000,13680,test
scaffold,11,5000,7100,test
scaffold,11,5000,12313,test
scaffold,11,5000,13159,test
scaffold,11,5000,8689,test
scaffold,11,5000,14128,test
scaffold,11,5000,14792,test
scaffold,11,5000,3665,test
scaffold,11,5000,11951,test
scaffold,11,5000,1578,test
scaffold,11,5000,15117,test
scaffold,11,5000,3519,test
scaffold,11,5000,3805,test
scaffold,11,5000,11861,test
scaffold,11,5000,15175,test
scaffold,11,5000,3573,test
scaffold,11,5000,2180,test
scaffold,11,5000,12287,test
scaffold,11,5000,15036,test
scaffold,11,5000,14427,test
scaffold,11,5000,15168,test
scaffold,11,5000,14386,test
scaffold,11,5000,5351,test
scaffold,11,5000,3043,test
scaffold,11,5000,10823,test
scaffold,11,5000,15187,test
scaffold,11,5000,4596,test
scaffold,11,5000,9396,test
scaffold,11,5000,4776,test
scaffold,11,5000,14918,test
scaffold,11,5000,6818,test
scaffold,11,5000,13966,test
scaffold,11,5000,4160,test
scaffold,11,5000,12812,test
scaffold,11,5000,12275,test
scaffold,11,5000,280,test
scaffold,11,5000,10597,test
scaffold,11,5000,15081,test
scaffold,11,5000,4761,test
scaffold,11,5000,11259,test
scaffold,11,5000,11695,test
scaffold,11,5000,5612,test
scaffold,11,5000,11671,test
scaffold,11,5000,12310,test
scaffold,11,5000,5713,test
scaffold,11,5000,14870,test
scaffold,11,5000,6920,test
scaffold,11,5000,8099,test
scaffold,11,5000,15013,test
scaffold,11,5000,10792,test
scaffold,11,5000,14586,test
scaffold,11,5000,12680,test
scaffold,11,5000,11864,test
scaffold,11,5000,11728,test
scaffold,11,5000,968,test
scaffold,11,5000,7749,test
scaffold,11,5000,322,test
scaffold,11,5000,10408,test
scaffold,11,5000,14936,test
scaffold,11,5000,11862,test
scaffold,11,5000,1159,test
scaffold,11,5000,3553,test
scaffold,11,5000,25,test
scaffold,11,5000,5399,test
scaffold,11,5000,12206,test
scaffold,11,5000,781,test
scaffold,11,5000,3499,test
scaffold,11,5000,12643,test
scaffold,11,5000,6426,test
scaffold,11,5000,1992,test
scaffold,11,5000,5000,test
scaffold,11,5000,11226,test
scaffold,11,5000,10789,test
scaffold,11,5000,12515,test
scaffold,11,5000,3965,test
scaffold,11,5000,13242,test
scaffold,11,5000,4781,test
scaffold,11,5000,3194,test
scaffold,11,5000,4364,test
scaffold,11,5000,5799,test
scaffold,11,5000,10075,test
scaffold,11,5000,5715,test
scaffold,11,5000,11957,test
scaffold,11,5000,1898,test
scaffold,11,5000,743,test
scaffold,11,5000,14871,test
scaffold,11,5000,7219,test
scaffold,11,5000,6877,test
scaffold,11,5000,11659,test
scaffold,11,5000,13724,test
scaffold,11,5000,1883,test
scaffold,11,5000,8102,test
scaffold,11,5000,530,test
scaffold,11,5000,12871,test
scaffold,11,5000,9667,test
scaffold,11,5000,10848,test
scaffold,11,5000,10505,test
scaffold,11,5000,11067,test
scaffold,11,5000,12299,test
scaffold,11,5000,8001,test
scaffold,11,5000,14521,test
scaffold,11,5000,3073,test
scaffold,11,5000,11313,test
scaffold,11,5000,14671,test
scaffold,11,5000,10389,test
scaffold,11,5000,11754,test
scaffold,11,5000,7643,test
scaffold,11,5000,4709,test
scaffold,11,5000,3525,test
scaffold,11,5000,4426,test
scaffold,11,5000,7948,test
scaffold,11,5000,5736,test
scaffold,11,5000,14055,test
scaffold,11,5000,10198,test
scaffold,11,5000,8611,test
scaffold,11,5000,3431,test
scaffold,11,5000,6361,test
scaffold,11,5000,1450,test
scaffold,11,5000,12104,test
scaffold,11,5000,1659,test
scaffold,11,5000,274,test
scaffold,11,5000,14334,test
scaffold,11,5000,4876,test
scaffold,11,5000,11314,test
scaffold,11,5000,7625,test
scaffold,11,5000,1399,test
scaffold,11,5000,856,test
scaffold,11,5000,15113,test
scaffold,11,5000,7913,test
scaffold,11,5000,14534,test
scaffold,11,5000,6525,test
scaffold,11,5000,4415,test
scaffold,11,5000,643,test
scaffold,11,5000,7485,test
scaffold,11,5000,1389,test
scaffold,11,5000,492,test
scaffold,11,5000,3312,test
scaffold,11,5000,7647,test
scaffold,11,5000,4972,test
scaffold,11,5000,10806,test
scaffold,11,5000,6717,test
scaffold,11,5000,10548,test
scaffold,11,5000,7911,test
scaffold,11,5000,5333,test
scaffold,11,5000,11736,test
scaffold,11,5000,11774,test
scaffold,11,5000,7237,test
scaffold,11,5000,4983,test
scaffold,11,5000,143,test
scaffold,11,5000,4165,test
scaffold,11,5000,14004,test
scaffold,11,5000,7971,test
scaffold,11,5000,4001,test
scaffold,11,5000,4411,test
scaffold,11,5000,5451,test
scaffold,11,5000,12027,test
scaffold,11,5000,1596,test
scaffold,11,5000,14301,test
scaffold,11,5000,15023,test
scaffold,11,5000,4083,test
scaffold,11,5000,9105,test
scaffold,11,5000,5661,test
scaffold,11,5000,9333,test
scaffold,11,5000,12227,test
scaffold,11,5000,8777,test
scaffold,11,5000,8795,test
scaffold,11,5000,11599,test
scaffold,11,5000,11283,test
scaffold,11,5000,2630,test
scaffold,11,5000,8124,test
scaffold,11,5000,9409,test
scaffold,11,5000,7626,test
scaffold,11,5000,10894,test
scaffold,11,5000,11899,test
scaffold,11,5000,5785,test
scaffold,11,5000,12371,test
scaffold,11,5000,6905,test
scaffold,11,5000,3628,test
scaffold,11,5000,10821,test
scaffold,11,5000,9305,test
scaffold,11,5000,2105,test
scaffold,11,5000,576,test
scaffold,11,5000,7334,test
scaffold,11,5000,13106,test
scaffold,11,5000,8960,test
scaffold,11,5000,3057,test
scaffold,11,5000,8262,test
scaffold,11,5000,4367,test
scaffold,11,5000,8857,test
scaffold,11,5000,4865,test
scaffold,11,5000,4786,test
scaffold,11,5000,10006,test
scaffold,11,5000,4464,test
scaffold,11,5000,3658,test
scaffold,11,5000,7575,test
scaffold,11,5000,8559,test
scaffold,11,5000,11859,test
scaffold,11,5000,11153,test
scaffold,11,5000,13973,test
scaffold,11,5000,3789,test
scaffold,11,5000,14648,test
scaffold,11,5000,2825,test
scaffold,11,5000,4230,test
scaffold,11,5000,14464,test
scaffold,11,5000,10499,test
scaffold,11,5000,3532,test
scaffold,11,5000,5996,test
scaffold,11,5000,2565,test
scaffold,11,5000,5464,test
scaffold,11,5000,7127,test
scaffold,11,5000,5486,test
scaffold,11,5000,10440,test
scaffold,11,5000,6520,test
scaffold,11,5000,9171,test
scaffold,11,5000,7606,test
scaffold,11,5000,8166,test
scaffold,11,5000,5166,test
scaffold,11,5000,10040,test
scaffold,11,5000,9255,test
scaffold,11,5000,13914,test
scaffold,11,5000,478,test
scaffold,11,5000,9577,test
scaffold,11,5000,7187,test
scaffold,11,5000,822,test
scaffold,11,5000,1243,test
scaffold,11,5000,5143,test
scaffold,11,5000,421,test
scaffold,11,5000,7351,test
scaffold,11,5000,11871,test
scaffold,11,5000,13596,test
scaffold,11,5000,12713,test
scaffold,11,5000,10643,test
scaffold,11,5000,2006,test
scaffold,11,5000,11047,test
scaffold,11,5000,12440,test
scaffold,11,5000,14366,test
scaffold,11,5000,14806,test
scaffold,11,5000,8970,test
scaffold,11,5000,13849,test
scaffold,11,5000,3899,test
scaffold,11,5000,7853,test
scaffold,11,5000,2504,test
scaffold,11,5000,2047,test
scaffold,11,5000,12128,test
scaffold,11,5000,2042,test
scaffold,11,5000,10697,test
scaffold,11,5000,3436,test
scaffold,11,5000,11552,test
scaffold,11,5000,3209,test
scaffold,11,5000,14822,test
scaffold,11,5000,6286,test
scaffold,11,5000,8858,test
scaffold,11,5000,5710,test
scaffold,11,5000,13575,test
scaffold,11,5000,14600,test
scaffold,11,5000,1794,test
scaffold,11,5000,14010,test
scaffold,11,5000,4911,test
scaffold,11,5000,1214,test
scaffold,11,5000,774,test
scaffold,11,5000,15163,test
scaffold,11,5000,7779,test
scaffold,11,5000,2142,test
scaffold,11,5000,1397,test
scaffold,11,5000,5288,test
scaffold,11,5000,4960,test
scaffold,11,5000,14859,test
scaffold,11,5000,10339,test
scaffold,11,5000,3292,test
scaffold,11,5000,8751,test
scaffold,11,5000,6155,test
scaffold,11,5000,9047,test
scaffold,11,5000,13132,test
scaffold,11,5000,5282,test
scaffold,11,5000,3315,test
scaffold,11,5000,13661,test
scaffold,11,5000,13308,test
scaffold,11,5000,9575,test
scaffold,11,5000,5070,test
scaffold,11,5000,12626,test
scaffold,11,5000,12564,test
scaffold,11,5000,9443,test
scaffold,11,5000,10346,test
scaffold,11,5000,9869,test
scaffold,11,5000,12075,test
scaffold,11,5000,5430,test
scaffold,11,5000,13379,test
scaffold,11,5000,14296,test
scaffold,11,5000,11902,test
scaffold,11,5000,11919,test
scaffold,11,5000,824,test
scaffold,11,5000,11202,test
scaffold,11,5000,10263,test
scaffold,11,5000,4662,test
scaffold,11,5000,3089,test
scaffold,11,5000,4549,test
scaffold,11,5000,1574,test
scaffold,11,5000,8627,test
scaffold,11,5000,4161,test
scaffold,11,5000,12663,test
scaffold,11,5000,12818,test
scaffold,11,5000,6299,test
scaffold,11,5000,5335,test
scaffold,11,5000,2489,test
scaffold,11,5000,8022,test
scaffold,11,5000,10571,test
scaffold,11,5000,7098,test
scaffold,11,5000,5340,test
scaffold,11,5000,4312,test
scaffold,11,5000,10903,test
scaffold,11,5000,11246,test
scaffold,11,5000,6720,test
scaffold,11,5000,11819,test
scaffold,11,5000,13009,test
scaffold,11,5000,12280,test
scaffold,11,5000,3783,test
scaffold,11,5000,12033,test
scaffold,11,5000,192,test
scaffold,11,5000,14808,test
scaffold,11,5000,7402,test
scaffold,11,5000,9036,test
scaffold,11,5000,7391,test
scaffold,11,5000,3744,test
scaffold,11,5000,3848,test
scaffold,11,5000,3575,test
scaffold,11,5000,4052,test
scaffold,11,5000,11592,test
scaffold,11,5000,7172,test
scaffold,11,5000,12286,test
scaffold,11,5000,9210,test
scaffold,11,5000,13469,test
scaffold,11,5000,11768,test
scaffold,11,5000,11143,test
scaffold,11,5000,13925,test
scaffold,11,5000,11370,test
scaffold,11,5000,807,test
scaffold,11,5000,12648,test
scaffold,11,5000,149,test
scaffold,11,5000,14906,test
scaffold,11,5000,220,test
scaffold,11,5000,2863,test
scaffold,11,5000,3957,test
scaffold,11,5000,3910,test
scaffold,11,5000,9938,test
scaffold,11,5000,522,test
scaffold,11,5000,577,test
scaffold,11,5000,783,test
scaffold,11,5000,12612,test
scaffold,11,5000,11602,test
scaffold,11,5000,5279,test
scaffold,11,5000,11636,test
scaffold,11,5000,12690,test
scaffold,11,5000,1538,test
scaffold,11,5000,4051,test
scaffold,11,5000,12647,test
scaffold,11,5000,4957,test
scaffold,11,5000,9992,test
scaffold,11,5000,4717,test
scaffold,11,5000,14123,test
scaffold,11,5000,12197,test
scaffold,11,5000,10193,test
scaffold,11,5000,12402,test
scaffold,11,5000,13793,test
scaffold,11,5000,13841,test
scaffold,11,5000,11843,test
scaffold,11,5000,1828,test
scaffold,11,5000,14251,test
scaffold,11,5000,11506,test
scaffold,11,5000,8518,test
scaffold,11,5000,14426,test
scaffold,11,5000,10162,test
scaffold,11,5000,10348,test
scaffold,11,5000,2163,test
scaffold,11,5000,8797,test
scaffold,11,5000,1335,test
scaffold,11,5000,10639,test
scaffold,11,5000,8226,test
scaffold,11,5000,6424,test
scaffold,11,5000,1602,test
scaffold,11,5000,2926,test
scaffold,11,5000,10131,test
scaffold,11,5000,6782,test
scaffold,11,5000,4383,test
scaffold,11,5000,14103,test
scaffold,11,5000,4413,test
scaffold,11,5000,419,test
scaffold,11,5000,5882,test
scaffold,11,5000,10271,test
scaffold,11,5000,9218,test
scaffold,11,5000,14467,test
scaffold,11,5000,1164,test
scaffold,11,5000,1051,test
scaffold,11,5000,7313,test
scaffold,11,5000,11960,test
scaffold,11,5000,5331,test
scaffold,11,5000,14920,test
scaffold,11,5000,11872,test
scaffold,11,5000,4625,test
scaffold,11,5000,14823,test
scaffold,11,5000,3447,test
scaffold,11,5000,11795,test
scaffold,11,5000,3059,test
scaffold,11,5000,14708,test
scaffold,11,5000,14750,test
scaffold,11,5000,6138,test
scaffold,11,5000,5254,test
scaffold,11,5000,4829,test
scaffold,11,5000,4423,test
scaffold,11,5000,9698,test
scaffold,11,5000,14336,test
scaffold,11,5000,7856,test
scaffold,11,5000,261,test
scaffold,11,5000,14460,test
scaffold,11,5000,13075,test
scaffold,11,5000,238,test
scaffold,11,5000,9933,test
scaffold,11,5000,12542,test
scaffold,11,5000,2897,test
scaffold,11,5000,10237,test
scaffold,11,5000,13728,test
scaffold,11,5000,4023,test
scaffold,11,5000,4352,test
scaffold,11,5000,10589,test
scaffold,11,5000,3806,test
scaffold,11,5000,12821,test
scaffold,11,5000,1885,test
scaffold,11,5000,9303,test
scaffold,11,5000,934,test
scaffold,11,5000,13835,test
scaffold,11,5000,2224,test
scaffold,11,5000,11761,test
scaffold,11,5000,7792,test
scaffold,11,5000,5272,test
scaffold,11,5000,5870,test
scaffold,11,5000,13711,test
scaffold,11,5000,15235,test
scaffold,11,5000,10425,test
scaffold,11,5000,4772,test
scaffold,11,5000,2717,test
scaffold,11,5000,2346,test
scaffold,11,5000,12380,test
scaffold,11,5000,2174,test
scaffold,11,5000,13201,test
scaffold,11,5000,9481,test
scaffold,11,5000,2666,test
scaffold,11,5000,11058,test
scaffold,11,5000,4412,test
scaffold,11,5000,11194,test
scaffold,11,5000,5827,test
scaffold,11,5000,7949,test
scaffold,11,5000,10052,test
scaffold,11,5000,9770,test
scaffold,11,5000,10986,test
scaffold,11,5000,2464,test
scaffold,11,5000,12636,test
scaffold,11,5000,262,test
scaffold,11,5000,12841,test
scaffold,11,5000,9177,test
scaffold,11,5000,10856,test
scaffold,11,5000,7309,test
scaffold,11,5000,1607,test
scaffold,11,5000,646,test
scaffold,11,5000,14349,test
scaffold,11,5000,5846,test
scaffold,11,5000,13987,test
scaffold,11,5000,12283,test
scaffold,11,5000,9399,test
scaffold,11,5000,13896,test
scaffold,11,5000,5201,test
scaffold,11,5000,4879,test
scaffold,11,5000,14615,test
scaffold,11,5000,12831,test
scaffold,11,5000,6889,test
scaffold,11,5000,11308,test
scaffold,11,5000,5805,test
scaffold,11,5000,6846,test
scaffold,11,5000,13266,test
scaffold,11,5000,13687,test
scaffold,11,5000,3524,test
scaffold,11,5000,13262,test
scaffold,11,5000,6591,test
scaffold,11,5000,6746,test
scaffold,11,5000,8352,test
scaffold,11,5000,776,test
scaffold,11,5000,6244,test
scaffold,11,5000,1592,test
scaffold,11,5000,8497,test
scaffold,11,5000,14111,test
scaffold,11,5000,196,test
scaffold,11,5000,9517,test
scaffold,11,5000,12379,test
scaffold,11,5000,3771,test
scaffold,11,5000,7689,test
scaffold,11,5000,10543,test
scaffold,11,5000,10286,test
scaffold,11,5000,6511,test
scaffold,11,5000,1850,test
scaffold,11,5000,12731,test
scaffold,11,5000,3756,test
scaffold,11,5000,908,test
scaffold,11,5000,1566,test
scaffold,11,5000,1050,test
scaffold,11,5000,14817,test
scaffold,11,5000,10518,test
scaffold,11,5000,9282,test
scaffold,11,5000,7583,test
scaffold,11,5000,2018,test
scaffold,11,5000,166,test
scaffold,11,5000,3237,test
scaffold,11,5000,3420,test
scaffold,11,5000,15012,test
scaffold,11,5000,4966,test
scaffold,11,5000,2350,test
scaffold,11,5000,10209,test
scaffold,11,5000,12899,test
scaffold,11,5000,11933,test
scaffold,11,5000,10727,test
scaffold,11,5000,592,test
scaffold,11,5000,1803,test
scaffold,11,5000,4737,test
scaffold,11,5000,5784,test
scaffold,11,5000,14444,test
scaffold,11,5000,6356,test
scaffold,11,5000,4949,test
scaffold,11,5000,3682,test
scaffold,11,5000,4091,test
scaffold,11,5000,14620,test
scaffold,11,5000,15140,test
scaffold,11,5000,7241,test
scaffold,11,5000,11217,test
scaffold,11,5000,3414,test
scaffold,11,5000,14215,test
scaffold,11,5000,9410,test
scaffold,11,5000,13073,test
scaffold,11,5000,5298,test
scaffold,11,5000,8383,test
scaffold,11,5000,8301,test
scaffold,11,5000,2291,test
scaffold,11,5000,6460,test
scaffold,11,5000,7535,test
scaffold,11,5000,5453,test
scaffold,11,5000,11117,test
scaffold,11,5000,1991,test
scaffold,11,5000,5548,test
scaffold,11,5000,11253,test
scaffold,11,5000,14433,test
scaffold,11,5000,3217,test
scaffold,11,5000,304,test
scaffold,11,5000,10700,test
scaffold,11,5000,4823,test
scaffold,11,5000,1016,test
scaffold,11,5000,8266,test
scaffold,11,5000,8362,test
scaffold,11,5000,6769,test
scaffold,11,5000,7140,test
scaffold,11,5000,9890,test
scaffold,11,5000,3670,test
scaffold,11,5000,1496,test
scaffold,11,5000,9994,test
scaffold,11,5000,9796,test
scaffold,11,5000,14395,test
scaffold,11,5000,15145,test
scaffold,11,5000,10860,test
scaffold,11,5000,12171,test
scaffold,11,5000,3697,test
scaffold,11,5000,5722,test
scaffold,11,5000,2800,test
scaffold,11,5000,13951,test
scaffold,11,5000,3465,test
scaffold,11,5000,11272,test
scaffold,11,5000,10439,test
scaffold,11,5000,7906,test
scaffold,11,5000,9363,test
scaffold,11,5000,9339,test
scaffold,11,5000,9267,test
scaffold,11,5000,13926,test
scaffold,11,5000,12200,test
scaffold,11,5000,4512,test
scaffold,11,5000,13292,test
scaffold,11,5000,15052,test
scaffold,11,5000,12487,test
scaffold,11,5000,7447,test
scaffold,11,5000,14090,test
scaffold,11,5000,1420,test
scaffold,11,5000,6904,test
scaffold,11,5000,5167,test
scaffold,11,5000,13608,test
scaffold,11,5000,10696,test
scaffold,11,5000,1473,test
scaffold,11,5000,11807,test
scaffold,11,5000,5134,test
scaffold,11,5000,14765,test
scaffold,11,5000,1375,test
scaffold,11,5000,13920,test
scaffold,11,5000,14331,test
scaffold,11,5000,6126,test
scaffold,11,5000,12949,test
scaffold,11,5000,3248,test
scaffold,11,5000,11745,test
scaffold,11,5000,10272,test
scaffold,11,5000,8921,test
scaffold,11,5000,14002,test
scaffold,11,5000,2616,test
scaffold,11,5000,5509,test
scaffold,11,5000,14969,test
scaffold,11,5000,14099,test
scaffold,11,5000,1881,test
scaffold,11,5000,6346,test
scaffold,11,5000,13461,test
scaffold,11,5000,8223,test
scaffold,11,5000,384,test
scaffold,11,5000,15189,test
scaffold,11,5000,12801,test
scaffold,11,5000,7538,test
scaffold,11,5000,758,test
scaffold,11,5000,5491,test
scaffold,11,5000,12548,test
scaffold,11,5000,4789,test
scaffold,11,5000,3476,test
scaffold,11,5000,5140,test
scaffold,11,5000,9683,test
scaffold,11,5000,14325,test
scaffold,11,5000,858,test
scaffold,11,5000,11188,test
scaffold,11,5000,1635,test
scaffold,11,5000,715,test
scaffold,11,5000,14755,test
scaffold,11,5000,8781,test
scaffold,11,5000,12522,test
scaffold,11,5000,7868,test
scaffold,11,5000,5078,test
scaffold,11,5000,3762,test
scaffold,11,5000,772,test
scaffold,11,5000,14135,test
scaffold,11,5000,10796,test
scaffold,11,5000,13412,test
scaffold,11,5000,12746,test
scaffold,11,5000,11836,test
scaffold,11,5000,11803,test
scaffold,11,5000,8640,test
scaffold,11,5000,5406,test
scaffold,11,5000,12282,test
scaffold,11,5000,10706,test
scaffold,11,5000,5074,test
scaffold,11,5000,15193,test
scaffold,11,5000,9112,test
scaffold,11,5000,13265,test
scaffold,11,5000,487,test
scaffold,11,5000,10891,test
scaffold,11,5000,13478,test
scaffold,11,5000,12994,test
scaffold,11,5000,10621,test
scaffold,11,5000,2057,test
scaffold,11,5000,3303,test
scaffold,11,5000,14559,test
scaffold,11,5000,352,test
scaffold,11,5000,10764,test
scaffold,11,5000,2610,test
scaffold,11,5000,2486,test
scaffold,11,5000,12885,test
scaffold,11,5000,4706,test
scaffold,11,5000,14367,test
scaffold,11,5000,7128,test
scaffold,11,5000,750,test
scaffold,11,5000,10832,test
scaffold,11,5000,11324,test
scaffold,11,5000,14019,test
scaffold,11,5000,6513,test
scaffold,11,5000,12754,test
scaffold,11,5000,6588,test
scaffold,11,5000,10371,test
scaffold,11,5000,10887,test
scaffold,11,5000,11616,test
scaffold,11,5000,14801,test
scaffold,11,5000,2636,test
scaffold,11,5000,8278,test
scaffold,11,5000,9398,test
scaffold,11,5000,7557,test
scaffold,11,5000,5508,test
scaffold,11,5000,51,test
scaffold,11,5000,4010,test
scaffold,11,5000,990,test
scaffold,11,5000,13434,test
scaffold,11,5000,319,test
scaffold,11,5000,5815,test
scaffold,11,5000,11024,test
scaffold,11,5000,10029,test
scaffold,11,5000,14940,test
scaffold,11,5000,5077,test
scaffold,11,5000,6781,test
scaffold,11,5000,14883,test
scaffold,11,5000,5172,test
scaffold,11,5000,12996,test
scaffold,11,5000,7358,test
scaffold,11,5000,9504,test
scaffold,11,5000,2096,test
scaffold,11,5000,3225,test
scaffold,11,5000,683,test
scaffold,11,5000,12110,test
scaffold,11,5000,785,test
scaffold,11,5000,12622,test
scaffold,11,5000,2493,test
scaffold,11,5000,564,test
scaffold,11,5000,13422,test
scaffold,11,5000,7871,test
scaffold,11,5000,665,test
scaffold,11,5000,13146,test
scaffold,11,5000,3099,test
scaffold,11,5000,5632,test
scaffold,11,5000,12343,test
scaffold,11,5000,4096,test
scaffold,11,5000,276,test
scaffold,11,5000,14369,test
scaffold,11,5000,12773,test
scaffold,11,5000,6715,test
scaffold,11,5000,6443,test
scaffold,11,5000,3497,test
scaffold,11,5000,9826,test
scaffold,11,5000,1625,test
scaffold,11,5000,14390,test
scaffold,11,5000,3060,test
scaffold,11,5000,4242,test
scaffold,11,5000,10533,test
scaffold,11,5000,13250,test
scaffold,11,5000,2948,test
scaffold,11,5000,830,test
scaffold,11,5000,176,test
scaffold,11,5000,2195,test
scaffold,11,5000,19,test
scaffold,11,5000,13574,test
scaffold,11,5000,10508,test
scaffold,11,5000,6384,test
scaffold,11,5000,2953,test
scaffold,11,5000,3304,test
scaffold,11,5000,706,test
scaffold,11,5000,9234,test
scaffold,11,5000,10319,test
scaffold,11,5000,5253,test
scaffold,11,5000,2197,test
scaffold,11,5000,5261,test
scaffold,11,5000,489,test
scaffold,11,5000,3782,test
scaffold,11,5000,14763,test
scaffold,11,5000,228,test
scaffold,11,5000,3712,test
scaffold,11,5000,3728,test
scaffold,11,5000,6491,test
scaffold,11,5000,10528,test
scaffold,11,5000,972,test
scaffold,11,5000,6259,test
scaffold,11,5000,3717,test
scaffold,11,5000,5387,test
scaffold,11,5000,5911,test
scaffold,11,5000,5626,test
scaffold,11,5000,2117,test
scaffold,11,5000,2776,test
scaffold,11,5000,10180,test
scaffold,11,5000,3531,test
scaffold,11,5000,5527,test
scaffold,11,5000,6998,test
scaffold,11,5000,2069,test
scaffold,11,5000,8724,test
scaffold,11,5000,15050,test
scaffold,11,5000,1626,test
scaffold,11,5000,11054,test
scaffold,11,5000,14560,test
scaffold,11,5000,14797,test
scaffold,11,5000,976,test
scaffold,11,5000,10089,test
scaffold,11,5000,10090,test
scaffold,11,5000,7951,test
scaffold,11,5000,11509,test
scaffold,11,5000,9078,test
scaffold,11,5000,10714,test
scaffold,11,5000,5954,test
scaffold,11,5000,974,test
scaffold,11,5000,1215,test
scaffold,11,5000,7556,test
scaffold,11,5000,3172,test
scaffold,11,5000,5587,test
scaffold,11,5000,9620,test
scaffold,11,5000,9369,test
scaffold,11,5000,6442,test
scaffold,11,5000,11600,test
scaffold,11,5000,15191,test
scaffold,11,5000,14278,test
scaffold,11,5000,5777,test
scaffold,11,5000,11740,test
scaffold,11,5000,6082,test
scaffold,11,5000,13538,test
scaffold,11,5000,9652,test
scaffold,11,5000,11606,test
scaffold,11,5000,11571,test
scaffold,11,5000,3715,test
scaffold,11,5000,1869,test
scaffold,11,5000,15142,test
scaffold,11,5000,13773,test
scaffold,11,5000,11107,test
scaffold,11,5000,4316,test
scaffold,11,5000,5546,test
scaffold,11,5000,4922,test
scaffold,11,5000,6488,test
scaffold,11,5000,13400,test
scaffold,11,5000,8366,test
scaffold,11,5000,10393,test
scaffold,11,5000,7165,test
scaffold,11,5000,10813,test
scaffold,11,5000,2196,test
scaffold,11,5000,12210,test
scaffold,11,5000,7203,test
scaffold,11,5000,2942,test
scaffold,11,5000,122,test
scaffold,11,5000,11792,test
scaffold,11,5000,4059,test
scaffold,11,5000,7726,test
scaffold,11,5000,5205,test
scaffold,11,5000,14474,test
scaffold,11,5000,12681,test
scaffold,11,5000,11846,test
scaffold,11,5000,14035,test
scaffold,11,5000,8407,test
scaffold,11,5000,11612,test
scaffold,11,5000,4523,test
scaffold,11,5000,13255,test
scaffold,11,5000,11129,test
scaffold,11,5000,13551,test
scaffold,11,5000,1130,test
scaffold,11,5000,9843,test
scaffold,11,5000,12596,test
scaffold,11,5000,4012,test
scaffold,11,5000,4907,test
scaffold,11,5000,10443,test
scaffold,11,5000,7040,test
scaffold,11,5000,5778,test
scaffold,11,5000,10622,test
scaffold,11,5000,10999,test
scaffold,11,5000,10127,test
scaffold,11,5000,4021,test
scaffold,11,5000,3081,test
scaffold,11,5000,12969,test
scaffold,11,5000,13957,test
scaffold,11,5000,13050,test
scaffold,11,5000,4085,test
scaffold,11,5000,4617,test
scaffold,11,5000,14667,test
scaffold,11,5000,5706,test
scaffold,11,5000,1235,test
scaffold,11,5000,5901,test
scaffold,11,5000,1800,test
scaffold,11,5000,13683,test
scaffold,11,5000,6180,test
scaffold,11,5000,14061,test
scaffold,11,5000,6784,test
scaffold,11,5000,4688,test
scaffold,11,5000,13241,test
scaffold,11,5000,14046,test
scaffold,11,5000,6250,test
scaffold,11,5000,9442,test
scaffold,11,5000,5130,test
scaffold,11,5000,7042,test
scaffold,11,5000,4513,test
scaffold,11,5000,5888,test
scaffold,11,5000,13100,test
scaffold,11,5000,1936,test
scaffold,11,5000,15088,test
scaffold,11,5000,5017,test
scaffold,11,5000,3611,test
scaffold,11,5000,765,test
scaffold,11,5000,13147,test
scaffold,11,5000,425,test
scaffold,11,5000,12649,test
scaffold,11,5000,11307,test
scaffold,11,5000,12832,test
scaffold,11,5000,14205,test
scaffold,11,5000,661,test
scaffold,11,5000,3732,test
scaffold,11,5000,8594,test
scaffold,11,5000,8169,test
scaffold,11,5000,5380,test
scaffold,11,5000,6902,test
scaffold,11,5000,840,test
scaffold,11,5000,13048,test
scaffold,11,5000,1648,test
scaffold,11,5000,377,test
scaffold,11,5000,14333,test
scaffold,11,5000,14988,test
scaffold,11,5000,12473,test
scaffold,11,5000,5842,test
scaffold,11,5000,11753,test
scaffold,11,5000,9513,test
scaffold,11,5000,10194,test
scaffold,11,5000,11501,test
scaffold,11,5000,5830,test
scaffold,11,5000,13898,test
scaffold,11,5000,5236,test
scaffold,11,5000,8783,test
scaffold,11,5000,6587,test
scaffold,11,5000,13257,test
scaffold,11,5000,13902,test
scaffold,11,5000,648,test
scaffold,11,5000,11783,test
scaffold,11,5000,10349,test
scaffold,11,5000,2870,test
scaffold,11,5000,5476,test
scaffold,11,5000,775,test
scaffold,11,5000,11860,test
scaffold,11,5000,4047,test
scaffold,11,5000,10934,test
scaffold,11,5000,14249,test
scaffold,11,5000,13167,test
scaffold,11,5000,13782,test
scaffold,11,5000,4793,test
scaffold,11,5000,13466,test
scaffold,11,5000,10854,test
scaffold,11,5000,15059,test
scaffold,11,5000,5589,test
scaffold,11,5000,9088,test
scaffold,11,5000,13347,test
scaffold,11,5000,11517,test
scaffold,11,5000,1622,test
scaffold,11,5000,4981,test
scaffold,11,5000,6354,test
scaffold,11,5000,7854,test
scaffold,11,5000,14517,test
scaffold,11,5000,12743,test
scaffold,11,5000,10725,test
scaffold,11,5000,10392,test
scaffold,11,5000,7920,test
scaffold,11,5000,11828,test
scaffold,11,5000,4417,test
scaffold,11,5000,12011,test
scaffold,11,5000,13983,test
scaffold,11,5000,9228,test
scaffold,11,5000,4297,test
scaffold,11,5000,12968,test
scaffold,11,5000,8962,test
scaffold,11,5000,15203,test
scaffold,11,5000,14890,test
scaffold,11,5000,13341,test
scaffold,11,5000,3069,test
scaffold,11,5000,3405,test
scaffold,11,5000,3636,test
scaffold,11,5000,2456,test
scaffold,11,5000,2416,test
scaffold,11,5000,7385,test
scaffold,11,5000,4565,test
scaffold,11,5000,5023,test
scaffold,11,5000,13646,test
scaffold,11,5000,12620,test
scaffold,11,5000,11873,test
scaffold,11,5000,3589,test
scaffold,11,5000,14634,test
scaffold,11,5000,3680,test
scaffold,11,5000,5295,test
scaffold,11,5000,9778,test
scaffold,11,5000,10030,test
scaffold,11,5000,130,test
scaffold,11,5000,7437,test
scaffold,11,5000,6545,test
scaffold,11,5000,1017,test
scaffold,11,5000,3174,test
scaffold,11,5000,4022,test
scaffold,11,5000,12829,test
scaffold,11,5000,5906,test
scaffold,11,5000,14237,test
scaffold,11,5000,12554,test
scaffold,11,5000,1952,test
scaffold,11,5000,12201,test
scaffold,11,5000,11351,test
scaffold,11,5000,1907,test
scaffold,11,5000,14028,test
scaffold,11,5000,14283,test
scaffold,11,5000,13445,test
scaffold,11,5000,4577,test
scaffold,11,5000,10701,test
scaffold,11,5000,13150,test
scaffold,11,5000,13037,test
scaffold,11,5000,1178,test
scaffold,11,5000,9887,test
scaffold,11,5000,10387,test
scaffold,11,5000,436,test
scaffold,11,5000,13373,test
scaffold,11,5000,5394,test
scaffold,11,5000,12315,test
scaffold,11,5000,6874,test
scaffold,11,5000,9265,test
scaffold,11,5000,14625,test
scaffold,11,5000,11035,test
scaffold,11,5000,14471,test
scaffold,11,5000,12816,test
scaffold,11,5000,12727,test
scaffold,11,5000,11238,test
scaffold,11,5000,3114,test
scaffold,11,5000,14182,test
scaffold,11,5000,1817,test
scaffold,11,5000,14067,test
scaffold,11,5000,817,test
scaffold,11,5000,12329,test
scaffold,11,5000,3674,test
scaffold,11,5000,15206,test
scaffold,11,5000,1644,test
scaffold,11,5000,6850,test
scaffold,11,5000,12366,test
scaffold,11,5000,11678,test
scaffold,11,5000,14598,test
scaffold,11,5000,4390,test
scaffold,11,5000,2109,test
scaffold,11,5000,4050,test
scaffold,11,5000,4461,test
scaffold,11,5000,977,test
scaffold,11,5000,10853,test
scaffold,11,5000,1483,test
scaffold,11,5000,1312,test
scaffold,11,5000,3298,test
scaffold,11,5000,5228,test
scaffold,11,5000,13992,test
scaffold,11,5000,10333,test
scaffold,11,5000,1129,test
scaffold,11,5000,6618,test
scaffold,11,5000,3399,test
scaffold,11,5000,5352,test
scaffold,11,5000,10593,test
scaffold,11,5000,10519,test
scaffold,11,5000,10150,test
scaffold,11,5000,13196,test
scaffold,11,5000,5287,test
scaffold,11,5000,8850,test
scaffold,11,5000,6671,test
scaffold,11,5000,5535,test
scaffold,11,5000,13040,test
scaffold,11,5000,9499,test
scaffold,11,5000,11340,test
scaffold,11,5000,12846,test
scaffold,11,5000,8295,test
scaffold,11,5000,11269,test
scaffold,11,5000,13904,test
scaffold,11,5000,1731,test
scaffold,11,5000,1137,test
scaffold,11,5000,5202,test
scaffold,11,5000,14590,test
scaffold,11,5000,2002,test
scaffold,11,5000,14347,test
scaffold,11,5000,9968,test
scaffold,11,5000,240,test
scaffold,11,5000,7225,test
scaffold,11,5000,9254,test
scaffold,11,5000,546,test
scaffold,11,5000,10715,test
scaffold,11,5000,14595,test
scaffold,11,5000,5374,test
scaffold,11,5000,6041,test
scaffold,11,5000,14496,test
scaffold,11,5000,5085,test
scaffold,11,5000,6546,test
scaffold,11,5000,10786,test
scaffold,11,5000,517,test
scaffold,11,5000,10594,test
scaffold,11,5000,4109,test
scaffold,11,5000,5759,test
scaffold,11,5000,1430,test
scaffold,11,5000,15157,test
scaffold,11,5000,12013,test
scaffold,11,5000,14340,test
scaffold,11,5000,7115,test
scaffold,11,5000,7558,test
scaffold,11,5000,7651,test
scaffold,11,5000,8937,test
scaffold,11,5000,9045,test
scaffold,11,5000,14713,test
scaffold,11,5000,11540,test
scaffold,11,5000,12063,test
scaffold,11,5000,12527,test
scaffold,11,5000,9397,test
scaffold,11,5000,5651,test
scaffold,11,5000,1597,test
scaffold,11,5000,1058,test
scaffold,11,5000,12813,test
scaffold,11,5000,2577,test
scaffold,11,5000,6483,test
scaffold,11,5000,949,test
scaffold,11,5000,5398,test
scaffold,11,5000,9991,test
scaffold,11,5000,4920,test
scaffold,11,5000,13029,test
scaffold,11,5000,4788,test
scaffold,11,5000,8101,test
scaffold,11,5000,748,test
scaffold,11,5000,5641,test
scaffold,11,5000,13019,test
scaffold,11,5000,11586,test
scaffold,11,5000,8571,test
scaffold,11,5000,7782,test
scaffold,11,5000,5545,test
scaffold,11,5000,5844,test
scaffold,11,5000,3477,test
scaffold,11,5000,793,test
scaffold,11,5000,5356,test
scaffold,11,5000,14727,test
scaffold,11,5000,4692,test
scaffold,11,5000,11311,test
scaffold,11,5000,2544,test
scaffold,11,5000,6113,test
scaffold,11,5000,243,test
scaffold,11,5000,5073,test
scaffold,11,5000,11075,test
scaffold,11,5000,12748,test
scaffold,11,5000,13756,test
scaffold,11,5000,4774,test
scaffold,11,5000,365,test
scaffold,11,5000,9829,test
scaffold,11,5000,12997,test
scaffold,11,5000,1365,test
scaffold,11,5000,562,test
scaffold,11,5000,9690,test
scaffold,11,5000,7228,test
scaffold,11,5000,5593,test
scaffold,11,5000,11435,test
scaffold,11,5000,10069,test
scaffold,11,5000,259,test
scaffold,11,5000,8098,test
scaffold,11,5000,59,test
scaffold,11,5000,442,test
scaffold,11,5000,13989,test
scaffold,11,5000,10980,test
scaffold,11,5000,11256,test
scaffold,11,5000,13742,test
scaffold,11,5000,10513,test
scaffold,11,5000,15197,test
scaffold,11,5000,11781,test
scaffold,11,5000,12339,test
scaffold,11,5000,4070,test
scaffold,11,5000,11222,test
scaffold,11,5000,10326,test
scaffold,11,5000,1152,test
scaffold,11,5000,13978,test
scaffold,11,5000,684,test
scaffold,11,5000,1994,test
scaffold,11,5000,6269,test
scaffold,11,5000,3707,test
scaffold,11,5000,11625,test
scaffold,11,5000,9364,test
scaffold,11,5000,13380,test
scaffold,11,5000,7260,test
scaffold,11,5000,12715,test
scaffold,11,5000,1868,test
scaffold,11,5000,638,test
scaffold,11,5000,10402,test
scaffold,11,5000,14372,test
scaffold,11,5000,236,test
scaffold,11,5000,11986,test
scaffold,11,5000,8261,test
scaffold,11,5000,1853,test
scaffold,11,5000,5550,test
scaffold,11,5000,5831,test
scaffold,11,5000,13083,test
scaffold,11,5000,5938,test
scaffold,11,5000,1425,test
scaffold,11,5000,3071,test
scaffold,11,5000,7233,test
scaffold,11,5000,8364,test
scaffold,11,5000,9083,test
scaffold,11,5000,13101,test
scaffold,11,5000,5904,test
scaffold,11,5000,12545,test
scaffold,11,5000,12872,test
scaffold,11,5000,870,test
scaffold,11,5000,7584,test
scaffold,11,5000,6251,test
scaffold,11,5000,5378,test
scaffold,11,5000,10731,test
scaffold,11,5000,868,test
scaffold,11,5000,5465,test
scaffold,11,5000,11032,test
scaffold,11,5000,1201,test
scaffold,11,5000,13425,test
scaffold,11,5000,1300,test
scaffold,11,5000,6499,test
scaffold,11,5000,285,test
scaffold,11,5000,4226,test
scaffold,11,5000,10855,test
scaffold,11,5000,12539,test
scaffold,11,5000,1561,test
scaffold,11,5000,2070,test
scaffold,11,5000,6462,test
scaffold,11,5000,6409,test
scaffold,11,5000,4327,test
scaffold,11,5000,14267,test
scaffold,11,5000,11237,test
scaffold,11,5000,9888,test
scaffold,11,5000,3596,test
scaffold,11,5000,14877,test
scaffold,11,5000,8634,test
scaffold,11,5000,7278,test
scaffold,11,5000,4703,test
scaffold,11,5000,49,test
scaffold,11,5000,7681,test
scaffold,11,5000,3453,test
scaffold,11,5000,3063,test
scaffold,11,5000,1356,test
scaffold,11,5000,1641,test
scaffold,11,5000,11993,test
scaffold,11,5000,4805,test
scaffold,11,5000,8555,test
scaffold,11,5000,10878,test
scaffold,11,5000,7576,test
scaffold,11,5000,8598,test
scaffold,11,5000,7675,test
scaffold,11,5000,13500,test
scaffold,11,5000,5635,test
scaffold,11,5000,7034,test
scaffold,11,5000,4934,test
scaffold,11,5000,5505,test
scaffold,11,5000,9597,test
scaffold,11,5000,3607,test
scaffold,11,5000,1840,test
scaffold,11,5000,314,test
scaffold,11,5000,3585,test
scaffold,11,5000,6133,test
scaffold,11,5000,7302,test
scaffold,11,5000,337,test
scaffold,11,5000,8018,test
scaffold,11,5000,5308,test
scaffold,11,5000,13253,test
scaffold,11,5000,5510,test
scaffold,11,5000,4777,test
scaffold,11,5000,14762,test
scaffold,11,5000,1906,test
scaffold,11,5000,2634,test
scaffold,11,5000,7921,test
scaffold,11,5000,7966,test
scaffold,11,5000,6208,test
scaffold,11,5000,4953,test
scaffold,11,5000,4181,test
scaffold,11,5000,10509,test
scaffold,11,5000,11486,test
scaffold,11,5000,244,test
scaffold,11,5000,10365,test
scaffold,11,5000,3247,test
scaffold,11,5000,1253,test
scaffold,11,5000,5150,test
scaffold,11,5000,4223,test
scaffold,11,5000,13703,test
scaffold,11,5000,10851,test
scaffold,11,5000,13142,test
scaffold,11,5000,13597,test
scaffold,11,5000,10857,test
scaffold,11,5000,11142,test
scaffold,11,5000,9636,test
scaffold,11,5000,12992,test
scaffold,11,5000,14409,test
scaffold,11,5000,9714,test
scaffold,11,5000,6794,test
scaffold,11,5000,3858,test
scaffold,11,5000,10374,test
scaffold,11,5000,1870,test
scaffold,11,5000,5094,test
scaffold,11,5000,2606,test
scaffold,11,5000,14887,test
scaffold,11,5000,13008,test
scaffold,11,5000,14497,test
scaffold,11,5000,3423,test
scaffold,11,5000,6565,test
scaffold,11,5000,12788,test
scaffold,11,5000,12352,test
scaffold,11,5000,9814,test
scaffold,11,5000,9635,test
scaffold,11,5000,3847,test
scaffold,11,5000,14101,test
scaffold,11,5000,11011,test
scaffold,11,5000,9143,test
scaffold,11,5000,5929,test
scaffold,11,5000,5606,test
scaffold,11,5000,15026,test
scaffold,11,5000,14928,test
scaffold,11,5000,13701,test
scaffold,11,5000,9288,test
scaffold,11,5000,4500,test
scaffold,11,5000,12864,test
scaffold,11,5000,13854,test
scaffold,11,5000,5358,test
scaffold,11,5000,10852,test
scaffold,11,5000,10923,test
scaffold,11,5000,13858,test
scaffold,11,5000,11777,test
scaffold,11,5000,10631,test
scaffold,11,5000,8216,test
scaffold,11,5000,14166,test
scaffold,11,5000,12489,test
scaffold,11,5000,9114,test
scaffold,11,5000,14280,test
scaffold,11,5000,3804,test
scaffold,11,5000,11096,test
scaffold,11,5000,10003,test
scaffold,11,5000,834,test
scaffold,11,5000,10539,test
scaffold,11,5000,6609,test
scaffold,11,5000,6696,test
scaffold,11,5000,11842,test
scaffold,11,5000,14519,test
scaffold,11,5000,5446,test
scaffold,11,5000,2976,test
scaffold,11,5000,10004,test
scaffold,11,5000,2545,test
scaffold,11,5000,13778,test
scaffold,11,5000,828,test
scaffold,11,5000,11367,test
scaffold,11,5000,11605,test
scaffold,11,5000,1073,test
scaffold,11,5000,5754,test
scaffold,11,5000,11628,test
scaffold,11,5000,213,test
scaffold,11,5000,6966,test
scaffold,11,5000,6774,test
scaffold,11,5000,3425,test
scaffold,11,5000,7271,test
scaffold,11,5000,10433,test
scaffold,11,5000,15153,test
scaffold,11,5000,336,test
scaffold,11,5000,507,test
scaffold,11,5000,197,test
scaffold,11,5000,6134,test
scaffold,11,5000,15109,test
scaffold,11,5000,2309,test
scaffold,11,5000,14524,test
scaffold,11,5000,13704,test
scaffold,11,5000,3198,test
scaffold,11,5000,4708,test
scaffold,11,5000,13231,test
scaffold,11,5000,9040,test
scaffold,11,5000,5210,test
scaffold,11,5000,9970,test
scaffold,11,5000,14573,test
scaffold,11,5000,12026,test
scaffold,11,5000,3181,test
scaffold,11,5000,3368,test
scaffold,11,5000,2453,test
scaffold,11,5000,6172,test
scaffold,11,5000,3311,test
scaffold,11,5000,362,test
scaffold,11,5000,5750,test
scaffold,11,5000,13184,test
scaffold,11,5000,3440,test
scaffold,11,5000,12959,test
scaffold,11,5000,978,test
scaffold,11,5000,14743,test
scaffold,11,5000,3454,test
scaffold,11,5000,7766,test
scaffold,11,5000,10756,test
scaffold,11,5000,13562,test
scaffold,11,5000,9221,test
scaffold,11,5000,7211,test
scaffold,11,5000,14545,test
scaffold,11,5000,13628,test
scaffold,11,5000,9729,test
scaffold,11,5000,5800,test
scaffold,11,5000,13413,test
scaffold,11,5000,9750,test
scaffold,11,5000,10143,test
scaffold,11,5000,6790,test
scaffold,11,5000,802,test
scaffold,11,5000,13177,test
scaffold,11,5000,7851,test
scaffold,11,5000,88,test
scaffold,11,5000,6079,test
scaffold,11,5000,179,test
scaffold,11,5000,7494,test
scaffold,11,5000,2152,test
scaffold,11,5000,8367,test
scaffold,11,5000,14939,test
scaffold,11,5000,3297,test
scaffold,11,5000,7438,test
scaffold,11,5000,12500,test
scaffold,11,5000,11578,test
scaffold,11,5000,9482,test
scaffold,11,5000,7539,test
scaffold,11,5000,13216,test
scaffold,11,5000,13172,test
scaffold,11,5000,10462,test
scaffold,11,5000,6492,test
scaffold,11,5000,11637,test
scaffold,11,5000,140,test
scaffold,11,5000,2362,test
scaffold,11,5000,13552,test
scaffold,11,5000,4629,test
scaffold,11,5000,14255,test
scaffold,11,5000,10736,test
scaffold,11,5000,13892,test
scaffold,11,5000,12005,test
scaffold,11,5000,11732,test
scaffold,11,5000,7807,test
scaffold,11,5000,3765,test
scaffold,11,5000,10933,test
scaffold,11,5000,1519,test
scaffold,11,5000,1057,test
scaffold,11,5000,13088,test
scaffold,11,5000,14970,test
scaffold,11,5000,9456,test
scaffold,11,5000,15000,test
scaffold,11,5000,4488,test
scaffold,11,5000,10897,test
scaffold,11,5000,12470,test
scaffold,11,5000,7704,test
scaffold,11,5000,5115,test
scaffold,11,5000,6500,test
scaffold,11,5000,13057,test
scaffold,11,5000,11263,test
scaffold,11,5000,4103,test
scaffold,11,5000,9567,test
scaffold,11,5000,11391,test
scaffold,11,5000,8928,test
scaffold,11,5000,229,test
scaffold,11,5000,7849,test
scaffold,11,5000,951,test
scaffold,11,5000,14565,test
scaffold,11,5000,13657,test
scaffold,11,5000,3958,test
scaffold,11,5000,9240,test
scaffold,11,5000,2767,test
scaffold,11,5000,14057,test
scaffold,11,5000,565,test
scaffold,11,5000,10130,test
scaffold,11,5000,12344,test
scaffold,11,5000,12095,test
scaffold,11,5000,4111,test
scaffold,11,5000,11851,test
scaffold,11,5000,2719,test
scaffold,11,5000,2255,test
scaffold,11,5000,11065,test
scaffold,11,5000,10468,test
scaffold,11,5000,13840,test
scaffold,11,5000,2022,test
scaffold,11,5000,12998,test
scaffold,11,5000,12346,test
scaffold,11,5000,2365,test
scaffold,11,5000,3187,test
scaffold,11,5000,12540,test
scaffold,11,5000,4705,test
scaffold,11,5000,10626,test
scaffold,11,5000,14214,test
scaffold,11,5000,11647,test
scaffold,11,5000,11072,test
scaffold,11,5000,2526,test
scaffold,11,5000,6886,test
scaffold,11,5000,14978,test
scaffold,11,5000,14916,test
scaffold,11,5000,12517,test
scaffold,11,5000,2637,test
scaffold,11,5000,4855,test
scaffold,11,5000,5028,test
scaffold,11,5000,7342,test
scaffold,11,5000,11825,test
scaffold,11,5000,7426,test
scaffold,11,5000,7955,test
scaffold,11,5000,9431,test
scaffold,11,5000,13027,test
scaffold,11,5000,13399,test
scaffold,11,5000,559,test
scaffold,11,5000,2826,test
scaffold,11,5000,13372,test
scaffold,11,5000,4856,test
scaffold,11,5000,3474,test
scaffold,11,5000,4504,test
scaffold,11,5000,11682,test
scaffold,11,5000,6179,test
scaffold,11,5000,15126,test
scaffold,11,5000,8165,test
scaffold,11,5000,4601,test
scaffold,11,5000,3119,test
scaffold,11,5000,12608,test
scaffold,11,5000,7898,test
scaffold,11,5000,4382,test
scaffold,11,5000,198,test
scaffold,11,5000,9713,test
scaffold,11,5000,11286,test
scaffold,11,5000,2344,test
scaffold,11,5000,13547,test
scaffold,11,5000,7616,test
scaffold,11,5000,3921,test
scaffold,11,5000,1377,test
scaffold,11,5000,11580,test
scaffold,11,5000,10713,test
scaffold,11,5000,12999,test
scaffold,11,5000,15147,test
scaffold,11,5000,5170,test
scaffold,11,5000,1680,test
scaffold,11,5000,4877,test
scaffold,11,5000,2267,test
scaffold,11,5000,7373,test
scaffold,11,5000,5355,test
scaffold,11,5000,14556,test
scaffold,11,5000,3991,test
scaffold,11,5000,12178,test
scaffold,11,5000,10525,test
scaffold,11,5000,539,test
scaffold,11,5000,12953,test
scaffold,11,5000,8551,test
scaffold,11,5000,12119,test
scaffold,11,5000,12196,test
scaffold,11,5000,107,test
scaffold,11,5000,5847,test
scaffold,11,5000,14956,test
scaffold,11,5000,13710,test
scaffold,11,5000,8031,test
scaffold,11,5000,3820,test
scaffold,11,5000,1997,test
scaffold,11,5000,14501,test
scaffold,11,5000,8517,test
scaffold,11,5000,12481,test
scaffold,11,5000,9859,test
scaffold,11,5000,7563,test
scaffold,11,5000,1301,test
scaffold,11,5000,662,test
scaffold,11,5000,935,test
scaffold,11,5000,3802,test
scaffold,11,5000,7185,test
scaffold,11,5000,3411,test
scaffold,11,5000,8757,test
scaffold,11,5000,6147,test
scaffold,11,5000,10381,test
scaffold,11,5000,2426,test
scaffold,11,5000,171,test
scaffold,11,5000,10153,test
scaffold,11,5000,3881,test
scaffold,11,5000,14696,test
scaffold,11,5000,7899,test
scaffold,11,5000,4480,test
scaffold,11,5000,4104,test
scaffold,11,5000,14749,test
scaffold,11,5000,14853,test
scaffold,11,5000,1000,test
scaffold,11,5000,610,test
scaffold,11,5000,4627,test
scaffold,11,5000,6199,test
scaffold,11,5000,5203,test
scaffold,11,5000,14212,test
scaffold,11,5000,1725,test
scaffold,11,5000,8514,test
scaffold,11,5000,9700,test
scaffold,11,5000,6432,test
scaffold,11,5000,11264,test
scaffold,11,5000,13312,test
scaffold,11,5000,10645,test
scaffold,11,5000,3070,test
scaffold,11,5000,14706,test
scaffold,11,5000,11338,test
scaffold,11,5000,15185,test
scaffold,11,5000,8805,test
scaffold,11,5000,6045,test
scaffold,11,5000,9655,test
scaffold,11,5000,14558,test
scaffold,11,5000,2711,test
scaffold,11,5000,7310,test
scaffold,11,5000,1343,test
scaffold,11,5000,3672,test
scaffold,11,5000,10850,test
scaffold,11,5000,6615,test
scaffold,11,5000,177,test
scaffold,11,5000,13658,test
scaffold,11,5000,14733,test
scaffold,11,5000,13945,test
scaffold,11,5000,10330,test
scaffold,11,5000,429,test
scaffold,11,5000,13001,test
scaffold,11,5000,13567,test
scaffold,11,5000,10265,test
scaffold,11,5000,9936,test
scaffold,11,5000,13975,test
scaffold,11,5000,1175,test
scaffold,11,5000,17,test
scaffold,11,5000,13170,test
scaffold,11,5000,9175,test
scaffold,11,5000,5652,test
scaffold,11,5000,3362,test
scaffold,11,5000,4366,test
scaffold,11,5000,9685,test
scaffold,11,5000,13429,test
scaffold,11,5000,1381,test
scaffold,11,5000,14018,test
scaffold,11,5000,11778,test
scaffold,11,5000,12578,test
scaffold,11,5000,14286,test
scaffold,11,5000,10384,test
scaffold,11,5000,12518,test
scaffold,11,5000,1953,test
scaffold,11,5000,72,test
scaffold,11,5000,630,test
scaffold,11,5000,10207,test
scaffold,11,5000,3834,test
scaffold,11,5000,15152,test
scaffold,11,5000,8853,test
scaffold,11,5000,15215,test
scaffold,11,5000,7632,test
scaffold,11,5000,3276,test
scaffold,11,5000,10246,test
scaffold,11,5000,9862,test
scaffold,11,5000,178,test
scaffold,11,5000,1946,test
scaffold,11,5000,11577,test
scaffold,11,5000,12094,test
scaffold,11,5000,6090,test
scaffold,11,5000,13117,test
scaffold,11,5000,9672,test
scaffold,11,5000,7967,test
scaffold,11,5000,9070,test
scaffold,11,5000,4814,test
scaffold,11,5000,232,test
scaffold,11,5000,7520,test
scaffold,11,5000,14402,test
scaffold,11,5000,14512,test
scaffold,11,5000,7746,test
scaffold,11,5000,11844,test
scaffold,11,5000,5714,test
scaffold,11,5000,4393,test
scaffold,11,5000,14660,test
scaffold,11,5000,6317,test
scaffold,11,5000,1342,test
scaffold,11,5000,782,test
scaffold,11,5000,674,test
scaffold,11,5000,12819,test
scaffold,11,5000,3667,test
scaffold,11,5000,2662,test
scaffold,11,5000,6555,test
scaffold,11,5000,8242,test
scaffold,11,5000,8633,test
scaffold,11,5000,4932,test
scaffold,11,5000,9498,test
scaffold,11,5000,4037,test
scaffold,11,5000,9030,test
scaffold,11,5000,11932,test
scaffold,11,5000,191,test
scaffold,11,5000,6306,test
scaffold,11,5000,6027,test
scaffold,11,5000,2500,test
scaffold,11,5000,5907,test
scaffold,11,5000,13299,test
scaffold,11,5000,1586,test
scaffold,11,5000,5283,test
scaffold,11,5000,1455,test
scaffold,11,5000,10078,test
scaffold,11,5000,3419,test
scaffold,11,5000,2881,test
scaffold,11,5000,1897,test
scaffold,11,5000,9246,test
scaffold,11,5000,1173,test
scaffold,11,5000,14327,test
scaffold,11,5000,9174,test
scaffold,11,5000,13522,test
scaffold,11,5000,10873,test
scaffold,11,5000,5232,test
scaffold,11,5000,10188,test
scaffold,11,5000,903,test
scaffold,11,5000,5858,test
scaffold,11,5000,6226,test
scaffold,11,5000,5582,test
scaffold,11,5000,14162,test
scaffold,11,5000,7393,test
scaffold,11,5000,15007,test
scaffold,11,5000,5474,test
scaffold,11,5000,13527,test
scaffold,11,5000,1157,test
scaffold,11,5000,10614,test
scaffold,11,5000,13214,test
scaffold,11,5000,12966,test
scaffold,11,5000,5811,test
scaffold,11,5000,14581,test
scaffold,11,5000,368,test
scaffold,11,5000,14160,test
scaffold,11,5000,8365,test
scaffold,11,5000,5224,test
scaffold,11,5000,10950,test
scaffold,11,5000,13153,test
scaffold,11,5000,2496,test
scaffold,11,5000,11714,test
scaffold,11,5000,4697,test
scaffold,11,5000,6417,test
scaffold,11,5000,600,test
scaffold,11,5000,12886,test
scaffold,11,5000,3463,test
scaffold,11,5000,14760,test
scaffold,11,5000,6901,test
scaffold,11,5000,13323,test
scaffold,11,5000,12772,test
scaffold,11,5000,9661,test
scaffold,11,5000,710,test
scaffold,11,5000,13824,test
scaffold,11,5000,12089,test
scaffold,11,5000,3058,test
scaffold,11,5000,13345,test
scaffold,11,5000,3184,test
scaffold,11,5000,10937,test
scaffold,11,5000,14490,test
scaffold,11,5000,6084,test
scaffold,11,5000,4937,test
scaffold,11,5000,8775,test
scaffold,11,5000,9328,test
scaffold,11,5000,2923,test
scaffold,11,5000,5838,test
scaffold,11,5000,14124,test
scaffold,11,5000,13767,test
scaffold,11,5000,12682,test
scaffold,11,5000,3522,test
scaffold,11,5000,64,test
scaffold,11,5000,10097,test
scaffold,11,5000,5300,test
scaffold,11,5000,14541,test
scaffold,11,5000,12177,test
scaffold,11,5000,14929,test
scaffold,11,5000,4698,test
scaffold,11,5000,277,test
scaffold,11,5000,13370,test
scaffold,11,5000,11811,test
scaffold,11,5000,11924,test
scaffold,11,5000,13936,test
scaffold,11,5000,13955,test
scaffold,11,5000,2146,test
scaffold,11,5000,5362,test
scaffold,11,5000,1863,test
scaffold,11,5000,1075,test
scaffold,11,5000,8918,test
scaffold,11,5000,9440,test
scaffold,11,5000,7483,test
scaffold,11,5000,13559,test
scaffold,11,5000,3569,test
scaffold,11,5000,14116,test
scaffold,11,5000,11267,test
scaffold,11,5000,763,test
scaffold,11,5000,1708,test
scaffold,11,5000,6263,test
scaffold,11,5000,4622,test
scaffold,11,5000,10743,test
scaffold,11,5000,8806,test
scaffold,11,5000,4989,test
scaffold,11,5000,14618,test
scaffold,11,5000,14661,test
scaffold,11,5000,536,test
scaffold,11,5000,10005,test
scaffold,11,5000,1309,test
scaffold,11,5000,5415,test
scaffold,11,5000,3146,test
scaffold,11,5000,3729,test
scaffold,11,5000,7317,test
scaffold,11,5000,15165,test
scaffold,11,5000,3409,test
scaffold,11,5000,13982,test
scaffold,11,5000,14515,test
scaffold,11,5000,4090,test
scaffold,11,5000,12321,test
scaffold,11,5000,878,test
scaffold,11,5000,11244,test
scaffold,11,5000,3992,test
scaffold,11,5000,2633,test
scaffold,11,5000,10287,test
scaffold,11,5000,4929,test
scaffold,11,5000,11020,test
scaffold,11,5000,1427,test
scaffold,11,5000,14729,test
scaffold,11,5000,14272,test
scaffold,11,5000,11354,test
scaffold,11,5000,4822,test
scaffold,11,5000,2263,test
scaffold,11,5000,3433,test
scaffold,11,5000,6732,test
scaffold,11,5000,7980,test
scaffold,11,5000,14074,test
scaffold,11,5000,10524,test
scaffold,11,5000,4778,test
scaffold,11,5000,9406,test
scaffold,11,5000,3033,test
scaffold,11,5000,6248,test
scaffold,11,5000,14851,test
scaffold,11,5000,14578,test
scaffold,11,5000,5591,test
scaffold,11,5000,2607,test
scaffold,11,5000,14722,test
scaffold,11,5000,11463,test
scaffold,11,5000,11331,test
scaffold,11,5000,13096,test
scaffold,11,5000,9983,test
scaffold,11,5000,4839,test
scaffold,11,5000,2892,test
scaffold,11,5000,13681,test
scaffold,11,5000,4344,test
scaffold,11,5000,12254,test
scaffold,11,5000,9116,test
scaffold,11,5000,12250,test
scaffold,11,5000,7082,test
scaffold,11,5000,2896,test
scaffold,11,5000,7002,test
scaffold,11,5000,10437,test
scaffold,11,5000,13385,test
scaffold,11,5000,13382,test
scaffold,11,5000,11660,test
scaffold,11,5000,11482,test
scaffold,11,5000,5731,test
scaffold,11,5000,10846,test
scaffold,11,5000,2007,test
scaffold,11,5000,6896,test
scaffold,11,5000,11764,test
scaffold,11,5000,567,test
scaffold,11,5000,13764,test
scaffold,11,5000,2862,test
scaffold,11,5000,14798,test
scaffold,11,5000,8524,test
scaffold,11,5000,3572,test
scaffold,11,5000,14550,test
scaffold,11,5000,12799,test
scaffold,11,5000,8721,test
scaffold,11,5000,1939,test
scaffold,11,5000,7083,test
scaffold,11,5000,11282,test
scaffold,11,5000,7175,test
scaffold,11,5000,1105,test
scaffold,11,5000,10540,test
scaffold,11,5000,4054,test
scaffold,11,5000,9828,test
scaffold,11,5000,5320,test
scaffold,11,5000,7816,test
scaffold,11,5000,5055,test
scaffold,11,5000,8564,test
scaffold,11,5000,12840,test
scaffold,11,5000,9335,test
scaffold,11,5000,3726,test
scaffold,11,5000,3192,test
scaffold,11,5000,13229,test
scaffold,11,5000,13121,test
scaffold,11,5000,1580,test
scaffold,11,5000,13042,test
scaffold,11,5000,549,test
scaffold,11,5000,13326,test
scaffold,11,5000,7267,test
scaffold,11,5000,5851,test
scaffold,11,5000,13346,test
scaffold,11,5000,4820,test
scaffold,11,5000,5059,test
scaffold,11,5000,9900,test
scaffold,11,5000,1079,test
scaffold,11,5000,12615,test
scaffold,11,5000,11034,test
scaffold,11,5000,7827,test
scaffold,11,5000,6532,test
scaffold,11,5000,10912,test
scaffold,11,5000,14141,test
scaffold,11,5000,14785,test
scaffold,11,5000,2988,test
scaffold,11,5000,13643,test
scaffold,11,5000,10527,test
scaffold,11,5000,9692,test
scaffold,11,5000,410,test
scaffold,11,5000,15041,test
scaffold,11,5000,13823,test
scaffold,11,5000,14194,test
scaffold,11,5000,9674,test
scaffold,11,5000,2978,test
scaffold,11,5000,254,test
scaffold,11,5000,3430,test
scaffold,11,5000,11738,test
scaffold,11,5000,4425,test
scaffold,11,5000,12837,test
scaffold,11,5000,8796,test
scaffold,11,5000,12199,test
scaffold,11,5000,14678,test
scaffold,11,5000,12281,test
scaffold,11,5000,6162,test
scaffold,11,5000,796,test
scaffold,11,5000,162,test
scaffold,11,5000,12014,test
scaffold,11,5000,7158,test
scaffold,11,5000,3224,test
scaffold,11,5000,1135,test
scaffold,11,5000,4058,test
scaffold,11,5000,3219,test
scaffold,11,5000,7434,test
scaffold,11,5000,2509,test
scaffold,11,5000,7631,test
scaffold,11,5000,6046,test
scaffold,11,5000,13480,test
scaffold,11,5000,10555,test
scaffold,11,5000,5341,test
scaffold,11,5000,14619,test
scaffold,11,5000,13028,test
scaffold,11,5000,1481,test
scaffold,11,5000,12855,test
scaffold,11,5000,105,test
scaffold,11,5000,13571,test
scaffold,11,5000,9238,test
scaffold,11,5000,180,test
scaffold,11,5000,457,test
scaffold,11,5000,3776,test
scaffold,11,5000,6254,test
scaffold,11,5000,784,test
scaffold,11,5000,11296,test
scaffold,11,5000,5760,test
scaffold,11,5000,5685,test
scaffold,11,5000,6337,test
scaffold,11,5000,11199,test
scaffold,11,5000,4893,test
scaffold,11,5000,12514,test
scaffold,11,5000,15137,test
scaffold,11,5000,4156,test
scaffold,11,5000,13085,test
scaffold,11,5000,871,test
scaffold,11,5000,3215,test
scaffold,11,5000,8681,test
scaffold,11,5000,4435,test
scaffold,11,5000,12256,test
scaffold,11,5000,10760,test
scaffold,11,5000,2116,test
scaffold,11,5000,11704,test
scaffold,11,5000,3818,test
scaffold,11,5000,8345,test
scaffold,11,5000,13953,test
scaffold,11,5000,9217,test
scaffold,11,5000,4178,test
scaffold,11,5000,7570,test
scaffold,11,5000,3828,test
scaffold,11,5000,456,test
scaffold,11,5000,10332,test
scaffold,11,5000,827,test
scaffold,11,5000,5522,test
scaffold,11,5000,1107,test
scaffold,11,5000,11546,test
scaffold,11,5000,7543,test
scaffold,11,5000,2058,test
scaffold,11,5000,13939,test
scaffold,11,5000,7261,test
scaffold,11,5000,2213,test
scaffold,11,5000,907,test
scaffold,11,5000,9844,test
scaffold,11,5000,8020,test
scaffold,11,5000,5617,test
scaffold,11,5000,10317,test
scaffold,11,5000,11089,test
scaffold,11,5000,2033,test
scaffold,11,5000,15033,test
scaffold,11,5000,13305,test
scaffold,11,5000,12541,test
scaffold,11,5000,283,test
scaffold,11,5000,8613,test
scaffold,11,5000,5515,test
scaffold,11,5000,14896,test
scaffold,11,5000,5718,test
scaffold,11,5000,1823,test
scaffold,11,5000,6853,test
scaffold,11,5000,2899,test
scaffold,11,5000,4135,test
scaffold,11,5000,320,test
scaffold,11,5000,12414,test
scaffold,11,5000,10605,test
scaffold,11,5000,8673,test
scaffold,11,5000,699,test
scaffold,11,5000,6949,test
scaffold,11,5000,7105,test
scaffold,11,5000,6119,test
scaffold,11,5000,12704,test
