split,seed,target_train_size,mol_id,split_role
random,33,500,7889,train
random,33,500,11264,train
random,33,500,11685,train
random,33,500,4457,train
random,33,500,2942,train
random,33,500,12532,train
random,33,500,4047,train
random,33,500,3797,train
random,33,500,14366,train
random,33,500,8023,train
random,33,500,14861,train
random,33,500,6215,train
random,33,500,13017,train
random,33,500,4771,train
random,33,500,1026,train
random,33,500,4262,train
random,33,500,2848,train
random,33,500,644,train
random,33,500,33,train
random,33,500,614,train
random,33,500,10736,train
random,33,500,3694,train
random,33,500,820,train
random,33,500,11361,train
random,33,500,2962,train
random,33,500,97,train
random,33,500,11762,train
random,33,500,3520,train
random,33,500,13553,train
random,33,500,3082,train
random,33,500,8578,train
random,33,500,6022,train
random,33,500,5256,train
random,33,500,2288,train
random,33,500,5292,train
random,33,500,9075,train
random,33,500,5413,train
random,33,500,36,train
random,33,500,15198,train
random,33,500,3990,train
random,33,500,2115,train
random,33,500,9760,train
random,33,500,5182,train
random,33,500,9183,train
random,33,500,15077,train
random,33,500,11254,train
random,33,500,14372,train
random,33,500,3381,train
random,33,500,4228,train
random,33,500,4683,train
random,33,500,10865,train
random,33,500,12930,train
random,33,500,1422,train
random,33,500,13916,train
random,33,500,13180,train
random,33,500,11950,train
random,33,500,8981,train
random,33,500,6119,train
random,33,500,11163,train
random,33,500,12663,train
random,33,500,11782,train
random,33,500,11333,train
random,33,500,11713,train
random,33,500,14885,train
random,33,500,14434,train
random,33,500,11456,train
random,33,500,2309,train
random,33,500,3036,train
random,33,500,12609,train
random,33,500,3566,train
random,33,500,6495,train
random,33,500,10818,train
random,33,500,9019,train
random,33,500,426,train
random,33,500,4822,train
random,33,500,14003,train
random,33,500,11327,train
random,33,500,2673,train
random,33,500,12406,train
random,33,500,3811,train
random,33,500,5584,train
random,33,500,13289,train
random,33,500,611,train
random,33,500,8433,train
random,33,500,4528,train
random,33,500,3642,train
random,33,500,2707,train
random,33,500,2636,train
random,33,500,3532,train
random,33,500,4846,train
random,33,500,10516,train
random,33,500,1934,train
random,33,500,4600,train
random,33,500,6598,train
random,33,500,10471,train
random,33,500,11223,train
random,33,500,1864,train
random,33,500,6997,train
random,33,500,5166,train
random,33,500,6593,train
random,33,500,1666,train
random,33,500,7434,train
random,33,500,3832,train
random,33,500,1126,train
random,33,500,2583,train
random,33,500,8534,train
random,33,500,9787,train
random,33,500,5845,train
random,33,500,6813,train
random,33,500,7813,train
random,33,500,3030,train
random,33,500,13803,train
random,33,500,12341,train
random,33,500,940,train
random,33,500,2186,train
random,33,500,5773,train
random,33,500,1621,train
random,33,500,8083,train
random,33,500,11900,train
random,33,500,5542,train
random,33,500,15210,train
random,33,500,11116,train
random,33,500,1153,train
random,33,500,13346,train
random,33,500,3272,train
random,33,500,6696,train
random,33,500,13634,train
random,33,500,5395,train
random,33,500,1371,train
random,33,500,13601,train
random,33,500,3337,train
random,33,500,10641,train
random,33,500,70,train
random,33,500,3239,train
random,33,500,3436,train
random,33,500,9540,train
random,33,500,6502,train
random,33,500,12301,train
random,33,500,997,train
random,33,500,1878,train
random,33,500,3414,train
random,33,500,9906,train
random,33,500,10446,train
random,33,500,15080,train
random,33,500,3959,train
random,33,500,5641,train
random,33,500,2562,train
random,33,500,14285,train
random,33,500,14920,train
random,33,500,7729,train
random,33,500,14492,train
random,33,500,765,train
random,33,500,5865,train
random,33,500,12793,train
random,33,500,14868,train
random,33,500,8700,train
random,33,500,9585,train
random,33,500,836,train
random,33,500,8270,train
random,33,500,12903,train
random,33,500,14879,train
random,33,500,7526,train
random,33,500,1972,train
random,33,500,2949,train
random,33,500,14546,train
random,33,500,15137,train
random,33,500,12848,train
random,33,500,4627,train
random,33,500,13624,train
random,33,500,12200,train
random,33,500,12318,train
random,33,500,10410,train
random,33,500,10379,train
random,33,500,7207,train
random,33,500,9309,train
random,33,500,8640,train
random,33,500,5608,train
random,33,500,7175,train
random,33,500,5244,train
random,33,500,13731,train
random,33,500,10483,train
random,33,500,5905,train
random,33,500,8685,train
random,33,500,3172,train
random,33,500,6535,train
random,33,500,7798,train
random,33,500,4961,train
random,33,500,14974,train
random,33,500,14606,train
random,33,500,12007,train
random,33,500,6122,train
random,33,500,11497,train
random,33,500,12907,train
random,33,500,12678,train
random,33,500,4040,train
random,33,500,7342,train
random,33,500,5989,train
random,33,500,3652,train
random,33,500,12539,train
random,33,500,2920,train
random,33,500,8947,train
random,33,500,7327,train
random,33,500,7017,train
random,33,500,5436,train
random,33,500,3638,train
random,33,500,12804,train
random,33,500,7431,train
random,33,500,10683,train
random,33,500,5433,train
random,33,500,8762,train
random,33,500,1777,train
random,33,500,5953,train
random,33,500,4587,train
random,33,500,1570,train
random,33,500,3100,train
random,33,500,6749,train
random,33,500,13812,train
random,33,500,7986,train
random,33,500,1804,train
random,33,500,1222,train
random,33,500,12145,train
random,33,500,5394,train
random,33,500,11788,train
random,33,500,7117,train
random,33,500,13418,train
random,33,500,10570,train
random,33,500,11020,train
random,33,500,1223,train
random,33,500,10297,train
random,33,500,5410,train
random,33,500,5970,train
random,33,500,8048,train
random,33,500,7006,train
random,33,500,8430,train
random,33,500,8691,train
random,33,500,1533,train
random,33,500,9935,train
random,33,500,12551,train
random,33,500,4281,train
random,33,500,503,train
random,33,500,12068,train
random,33,500,3720,train
random,33,500,8290,train
random,33,500,11472,train
random,33,500,6296,train
random,33,500,13546,train
random,33,500,4392,train
random,33,500,3802,train
random,33,500,5528,train
random,33,500,11449,train
random,33,500,11383,train
random,33,500,11837,train
random,33,500,4743,train
random,33,500,9131,train
random,33,500,9094,train
random,33,500,13519,train
random,33,500,12228,train
random,33,500,12898,train
random,33,500,350,train
random,33,500,11185,train
random,33,500,10677,train
random,33,500,4829,train
random,33,500,7688,train
random,33,500,5276,train
random,33,500,4348,train
random,33,500,10348,train
random,33,500,12713,train
random,33,500,3697,train
random,33,500,2792,train
random,33,500,14483,train
random,33,500,8243,train
random,33,500,7338,train
random,33,500,2914,train
random,33,500,7378,train
random,33,500,1486,train
random,33,500,11073,train
random,33,500,6809,train
random,33,500,8657,train
random,33,500,12739,train
random,33,500,330,train
random,33,500,3806,train
random,33,500,5931,train
random,33,500,4298,train
random,33,500,10461,train
random,33,500,4732,train
random,33,500,8734,train
random,33,500,8230,train
random,33,500,14226,train
random,33,500,1006,train
random,33,500,7082,train
random,33,500,6701,train
random,33,500,9455,train
random,33,500,15004,train
random,33,500,8333,train
random,33,500,7825,train
random,33,500,8812,train
random,33,500,13780,train
random,33,500,5352,train
random,33,500,10414,train
random,33,500,79,train
random,33,500,1798,train
random,33,500,13240,train
random,33,500,13323,train
random,33,500,9419,train
random,33,500,14781,train
random,33,500,14403,train
random,33,500,8314,train
random,33,500,8626,train
random,33,500,9483,train
random,33,500,2611,train
random,33,500,4507,train
random,33,500,14820,train
random,33,500,15232,train
random,33,500,10175,train
random,33,500,10547,train
random,33,500,6423,train
random,33,500,13018,train
random,33,500,2776,train
random,33,500,1960,train
random,33,500,2553,train
random,33,500,4932,train
random,33,500,754,train
random,33,500,1164,train
random,33,500,8962,train
random,33,500,4132,train
random,33,500,4522,train
random,33,500,9413,train
random,33,500,14972,train
random,33,500,11947,train
random,33,500,81,train
random,33,500,10591,train
random,33,500,7195,train
random,33,500,10079,train
random,33,500,9706,train
random,33,500,8047,train
random,33,500,17,train
random,33,500,1828,train
random,33,500,11341,train
random,33,500,1653,train
random,33,500,3753,train
random,33,500,10396,train
random,33,500,12377,train
random,33,500,12945,train
random,33,500,1537,train
random,33,500,8602,train
random,33,500,377,train
random,33,500,13541,train
random,33,500,14162,train
random,33,500,741,train
random,33,500,8782,train
random,33,500,15049,train
random,33,500,8125,train
random,33,500,11278,train
random,33,500,198,train
random,33,500,8227,train
random,33,500,13606,train
random,33,500,981,train
random,33,500,14733,train
random,33,500,9606,train
random,33,500,12207,train
random,33,500,5098,train
random,33,500,10579,train
random,33,500,7785,train
random,33,500,3477,train
random,33,500,4780,train
random,33,500,14207,train
random,33,500,5573,train
random,33,500,3743,train
random,33,500,7841,train
random,33,500,11521,train
random,33,500,10674,train
random,33,500,3869,train
random,33,500,6730,train
random,33,500,14000,train
random,33,500,11635,train
random,33,500,8250,train
random,33,500,11989,train
random,33,500,904,train
random,33,500,7063,train
random,33,500,6752,train
random,33,500,5113,train
random,33,500,5288,train
random,33,500,14418,train
random,33,500,9115,train
random,33,500,14783,train
random,33,500,6937,train
random,33,500,6359,train
random,33,500,12859,train
random,33,500,7290,train
random,33,500,5309,train
random,33,500,5402,train
random,33,500,6885,train
random,33,500,12342,train
random,33,500,9495,train
random,33,500,9181,train
random,33,500,6754,train
random,33,500,743,train
random,33,500,6691,train
random,33,500,2332,train
random,33,500,3637,train
random,33,500,5159,train
random,33,500,15058,train
random,33,500,5321,train
random,33,500,9793,train
random,33,500,1118,train
random,33,500,14834,train
random,33,500,14787,train
random,33,500,8928,train
random,33,500,3876,train
random,33,500,14890,train
random,33,500,5432,train
random,33,500,6993,train
random,33,500,6132,train
random,33,500,11475,train
random,33,500,13319,train
random,33,500,10664,train
random,33,500,1477,train
random,33,500,6028,train
random,33,500,7404,train
random,33,500,4005,train
random,33,500,1739,train
random,33,500,10047,train
random,33,500,804,train
random,33,500,6477,train
random,33,500,6891,train
random,33,500,9095,train
random,33,500,5461,train
random,33,500,6464,train
random,33,500,10732,train
random,33,500,7304,train
random,33,500,11545,train
random,33,500,4269,train
random,33,500,12307,train
random,33,500,11307,train
random,33,500,5729,train
random,33,500,14442,train
random,33,500,15147,train
random,33,500,6703,train
random,33,500,8420,train
random,33,500,3796,train
random,33,500,14134,train
random,33,500,14538,train
random,33,500,9673,train
random,33,500,7919,train
random,33,500,14128,train
random,33,500,9028,train
random,33,500,7409,train
random,33,500,10159,train
random,33,500,1569,train
random,33,500,2160,train
random,33,500,13655,train
random,33,500,4139,train
random,33,500,6145,train
random,33,500,9070,train
random,33,500,9053,train
random,33,500,3644,train
random,33,500,6833,train
random,33,500,5902,train
random,33,500,2246,train
random,33,500,12543,train
random,33,500,8864,train
random,33,500,2740,train
random,33,500,14395,train
random,33,500,11809,train
random,33,500,3232,train
random,33,500,12308,train
random,33,500,7514,train
random,33,500,9222,train
random,33,500,5492,train
random,33,500,6615,train
random,33,500,14705,train
random,33,500,14432,train
random,33,500,13095,train
random,33,500,4993,train
random,33,500,7560,train
random,33,500,15171,train
random,33,500,13874,train
random,33,500,8543,train
random,33,500,1037,train
random,33,500,13291,train
random,33,500,14478,train
random,33,500,5037,train
random,33,500,549,train
random,33,500,2228,train
random,33,500,9901,train
random,33,500,14115,train
random,33,500,14377,train
random,33,500,6563,train
random,33,500,7419,train
random,33,500,12191,train
random,33,500,6265,train
random,33,500,1948,train
random,33,500,7979,train
random,33,500,1437,train
random,33,500,9903,train
random,33,500,12517,train
random,33,500,153,train
random,33,500,3594,train
random,33,500,5370,train
random,33,500,286,train
random,33,500,13111,val
random,33,500,5188,val
random,33,500,6810,val
random,33,500,11143,val
random,33,500,1600,val
random,33,500,11373,val
random,33,500,14537,val
random,33,500,7275,val
random,33,500,2826,val
random,33,500,10387,val
random,33,500,13379,val
random,33,500,11516,val
random,33,500,3645,val
random,33,500,10213,val
random,33,500,12378,val
random,33,500,12278,val
random,33,500,4873,val
random,33,500,12569,val
random,33,500,4988,val
random,33,500,5270,val
random,33,500,9920,val
random,33,500,12969,val
random,33,500,7775,val
random,33,500,721,val
random,33,500,8163,val
random,33,500,10095,val
random,33,500,5315,val
random,33,500,7170,val
random,33,500,13505,val
random,33,500,6405,val
random,33,500,1179,val
random,33,500,12844,val
random,33,500,559,val
random,33,500,9961,val
random,33,500,4823,val
random,33,500,1528,val
random,33,500,8815,val
random,33,500,13623,val
random,33,500,1927,val
random,33,500,9293,val
random,33,500,970,val
random,33,500,3142,val
random,33,500,9536,val
random,33,500,14199,val
random,33,500,14854,val
random,33,500,9538,val
random,33,500,10634,val
random,33,500,8051,val
random,33,500,830,val
random,33,500,12168,val
random,33,500,15191,val
random,33,500,12256,val
random,33,500,5893,val
random,33,500,5843,val
random,33,500,11511,val
random,33,500,7000,val
random,33,500,10943,val
random,33,500,7944,val
random,33,500,10972,val
random,33,500,7384,val
random,33,500,8954,val
random,33,500,11710,val
random,33,500,204,val
random,33,500,160,val
random,33,500,15103,val
random,33,500,11266,val
random,33,500,2010,val
random,33,500,9882,val
random,33,500,6479,val
random,33,500,10987,val
random,33,500,1606,val
random,33,500,13042,val
random,33,500,4614,val
random,33,500,14595,val
random,33,500,12272,val
random,33,500,2209,val
random,33,500,3299,val
random,33,500,13778,val
random,33,500,2369,val
random,33,500,1161,val
random,33,500,9714,val
random,33,500,427,val
random,33,500,8544,val
random,33,500,1919,val
random,33,500,1487,val
random,33,500,4311,val
random,33,500,10668,val
random,33,500,9320,val
random,33,500,4276,val
random,33,500,4148,val
random,33,500,4708,val
random,33,500,3701,val
random,33,500,3880,val
random,33,500,4635,val
random,33,500,4901,val
random,33,500,1252,val
random,33,500,5887,val
random,33,500,5985,val
random,33,500,3087,val
random,33,500,14251,val
random,33,500,5047,val
random,33,500,1635,val
random,33,500,10233,val
random,33,500,724,val
random,33,500,6478,val
random,33,500,13987,val
random,33,500,11489,val
random,33,500,6557,val
random,33,500,6897,val
random,33,500,8859,val
random,33,500,9549,val
random,33,500,454,val
random,33,500,4043,val
random,33,500,3663,val
random,33,500,8906,val
random,33,500,8241,val
random,33,500,4475,val
random,33,500,8542,val
random,33,500,13482,val
random,33,500,12005,val
random,33,500,10550,val
random,33,500,7430,val
random,33,500,14245,val
random,33,500,10836,val
random,33,500,10500,val
random,33,500,1615,val
random,33,500,3395,val
random,33,500,1147,val
random,33,500,6469,val
random,33,500,3605,val
random,33,500,14231,val
random,33,500,2479,val
random,33,500,7668,val
random,33,500,12486,val
random,33,500,1944,val
random,33,500,14111,val
random,33,500,260,val
random,33,500,10185,val
random,33,500,7445,val
random,33,500,8800,val
random,33,500,9061,val
random,33,500,8465,val
random,33,500,15223,val
random,33,500,1834,val
random,33,500,10051,val
random,33,500,8389,val
random,33,500,284,val
random,33,500,13302,val
random,33,500,11443,val
random,33,500,5059,val
random,33,500,572,val
random,33,500,9692,val
random,33,500,6841,val
random,33,500,3417,val
random,33,500,9367,val
random,33,500,2238,val
random,33,500,13027,val
random,33,500,9138,val
random,33,500,5771,val
random,33,500,6545,val
random,33,500,1256,val
random,33,500,6565,val
random,33,500,15136,val
random,33,500,2913,val
random,33,500,11048,val
random,33,500,13078,val
random,33,500,5991,val
random,33,500,9916,val
random,33,500,3851,val
random,33,500,7038,val
random,33,500,14448,val
random,33,500,14596,val
random,33,500,4851,val
random,33,500,4513,val
random,33,500,696,val
random,33,500,406,val
random,33,500,6027,val
random,33,500,11199,val
random,33,500,6077,val
random,33,500,14239,val
random,33,500,6099,val
random,33,500,7742,val
random,33,500,3897,val
random,33,500,9914,val
random,33,500,15117,val
random,33,500,675,val
random,33,500,2642,val
random,33,500,11978,val
random,33,500,3608,val
random,33,500,4833,val
random,33,500,4956,val
random,33,500,7067,val
random,33,500,12657,val
random,33,500,9646,val
random,33,500,5615,val
random,33,500,841,val
random,33,500,9535,val
random,33,500,2453,val
random,33,500,5124,val
random,33,500,11588,val
random,33,500,6681,val
random,33,500,1078,val
random,33,500,8791,val
random,33,500,2968,val
random,33,500,8040,val
random,33,500,7641,val
random,33,500,9919,val
random,33,500,11236,val
random,33,500,11269,val
random,33,500,13602,val
random,33,500,4118,val
random,33,500,14480,val
random,33,500,9889,val
random,33,500,2847,val
random,33,500,1959,val
random,33,500,12288,val
random,33,500,3501,val
random,33,500,14099,val
random,33,500,5851,val
random,33,500,475,val
random,33,500,7325,val
random,33,500,15095,val
random,33,500,6043,val
random,33,500,6826,val
random,33,500,11004,val
random,33,500,5792,val
random,33,500,6618,val
random,33,500,4082,val
random,33,500,10571,val
random,33,500,8216,val
random,33,500,14430,val
random,33,500,1000,val
random,33,500,3216,val
random,33,500,13040,val
random,33,500,6957,val
random,33,500,4578,val
random,33,500,3675,val
random,33,500,4646,val
random,33,500,1988,val
random,33,500,13315,val
random,33,500,8130,val
random,33,500,9006,val
random,33,500,11822,val
random,33,500,1471,val
random,33,500,6444,val
random,33,500,6610,val
random,33,500,9985,val
random,33,500,11866,val
random,33,500,6972,val
random,33,500,11595,val
random,33,500,14465,val
random,33,500,13913,val
random,33,500,5515,val
random,33,500,9778,val
random,33,500,6042,val
random,33,500,7679,val
random,33,500,7468,val
random,33,500,14047,val
random,33,500,14310,val
random,33,500,8212,val
random,33,500,2597,val
random,33,500,7463,val
random,33,500,7638,val
random,33,500,10661,val
random,33,500,750,val
random,33,500,3025,val
random,33,500,7237,val
random,33,500,13126,val
random,33,500,6631,val
random,33,500,11661,val
random,33,500,10163,val
random,33,500,11970,val
random,33,500,3786,val
random,33,500,13960,val
random,33,500,12633,val
random,33,500,4199,val
random,33,500,14327,val
random,33,500,992,val
random,33,500,13145,val
random,33,500,7025,val
random,33,500,6329,val
random,33,500,10615,val
random,33,500,3116,val
random,33,500,9288,val
random,33,500,3712,val
random,33,500,9351,val
random,33,500,11933,val
random,33,500,10992,val
random,33,500,10706,val
random,33,500,3772,val
random,33,500,353,val
random,33,500,5140,val
random,33,500,2539,val
random,33,500,5836,val
random,33,500,9770,val
random,33,500,11570,val
random,33,500,69,val
random,33,500,12161,val
random,33,500,817,val
random,33,500,10316,val
random,33,500,3226,val
random,33,500,4010,val
random,33,500,8924,val
random,33,500,9503,val
random,33,500,13946,val
random,33,500,9240,val
random,33,500,13748,val
random,33,500,5911,val
random,33,500,13070,val
random,33,500,13876,val
random,33,500,459,val
random,33,500,9328,val
random,33,500,252,val
random,33,500,2335,val
random,33,500,4103,val
random,33,500,7556,val
random,33,500,7358,val
random,33,500,8610,val
random,33,500,14355,val
random,33,500,731,val
random,33,500,1870,val
random,33,500,1990,val
random,33,500,2671,val
random,33,500,1625,val
random,33,500,1151,val
random,33,500,262,val
random,33,500,9519,val
random,33,500,8254,val
random,33,500,3423,val
random,33,500,7073,val
random,33,500,7585,val
random,33,500,13023,val
random,33,500,869,val
random,33,500,3519,val
random,33,500,3372,val
random,33,500,15236,val
random,33,500,3050,val
random,33,500,5622,val
random,33,500,9446,val
random,33,500,6964,val
random,33,500,10331,val
random,33,500,8650,val
random,33,500,11430,val
random,33,500,3671,val
random,33,500,66,val
random,33,500,12087,val
random,33,500,668,val
random,33,500,8410,val
random,33,500,8374,val
random,33,500,3680,val
random,33,500,3640,val
random,33,500,10632,val
random,33,500,2527,val
random,33,500,276,val
random,33,500,10322,val
random,33,500,6845,val
random,33,500,856,val
random,33,500,9888,val
random,33,500,3574,val
random,33,500,13001,val
random,33,500,14580,val
random,33,500,13469,val
random,33,500,15152,val
random,33,500,6390,val
random,33,500,7225,val
random,33,500,12817,val
random,33,500,37,val
random,33,500,13545,val
random,33,500,6771,val
random,33,500,5849,val
random,33,500,2282,val
random,33,500,10506,val
random,33,500,9462,val
random,33,500,3666,val
random,33,500,2561,val
random,33,500,1047,val
random,33,500,3547,val
random,33,500,13039,val
random,33,500,6921,val
random,33,500,4275,val
random,33,500,1933,val
random,33,500,4315,val
random,33,500,8863,val
random,33,500,4672,val
random,33,500,5907,val
random,33,500,13447,val
random,33,500,11825,val
random,33,500,12373,val
random,33,500,2540,val
random,33,500,8373,val
random,33,500,321,val
random,33,500,777,val
random,33,500,1242,val
random,33,500,4306,val
random,33,500,5993,val
random,33,500,4809,val
random,33,500,15173,val
random,33,500,12116,val
random,33,500,3071,val
random,33,500,12420,val
random,33,500,13278,val
random,33,500,9214,val
random,33,500,11153,val
random,33,500,1909,val
random,33,500,6492,val
random,33,500,1971,val
random,33,500,7455,val
random,33,500,379,val
random,33,500,4917,val
random,33,500,4491,val
random,33,500,13207,val
random,33,500,12592,val
random,33,500,12335,val
random,33,500,46,val
random,33,500,8115,val
random,33,500,1742,val
random,33,500,1587,val
random,33,500,7860,val
random,33,500,4006,val
random,33,500,14632,val
random,33,500,7159,val
random,33,500,5012,val
random,33,500,8169,val
random,33,500,6900,val
random,33,500,6902,val
random,33,500,10083,val
random,33,500,6259,val
random,33,500,8622,val
random,33,500,11145,val
random,33,500,2591,val
random,33,500,11422,val
random,33,500,6295,val
random,33,500,13174,val
random,33,500,8873,val
random,33,500,9517,val
random,33,500,7372,val
random,33,500,660,val
random,33,500,3767,val
random,33,500,10120,val
random,33,500,9005,val
random,33,500,12166,val
random,33,500,6396,val
random,33,500,9300,val
random,33,500,1475,val
random,33,500,4427,val
random,33,500,9472,val
random,33,500,11344,val
random,33,500,7757,val
random,33,500,12309,val
random,33,500,1062,val
random,33,500,14760,val
random,33,500,6975,val
random,33,500,9371,val
random,33,500,3878,val
random,33,500,14912,val
random,33,500,5210,val
random,33,500,441,val
random,33,500,5821,val
random,33,500,1763,val
random,33,500,1789,val
random,33,500,12874,val
random,33,500,11441,val
random,33,500,13751,val
random,33,500,918,val
random,33,500,11414,val
random,33,500,6924,val
random,33,500,2171,val
random,33,500,9077,val
random,33,500,12133,val
random,33,500,6555,val
random,33,500,3062,val
random,33,500,4678,val
random,33,500,5745,val
random,33,500,9406,val
random,33,500,183,val
random,33,500,9319,val
random,33,500,240,val
random,33,500,7580,val
random,33,500,12212,val
random,33,500,8307,val
random,33,500,2939,val
random,33,500,13936,val
random,33,500,12231,val
random,33,500,10883,val
random,33,500,6518,val
random,33,500,9926,val
random,33,500,14810,val
random,33,500,10424,val
random,33,500,11920,val
random,33,500,13726,val
random,33,500,5673,val
random,33,500,7615,val
random,33,500,13945,val
random,33,500,4128,val
random,33,500,10505,val
random,33,500,2469,val
random,33,500,4731,val
random,33,500,12652,val
random,33,500,10937,val
random,33,500,2859,val
random,33,500,7814,val
random,33,500,4797,val
random,33,500,15125,val
random,33,500,2141,val
random,33,500,2045,val
random,33,500,3213,val
random,33,500,3592,val
random,33,500,14131,val
random,33,500,7667,val
random,33,500,10567,val
random,33,500,14383,val
random,33,500,1248,val
random,33,500,1088,val
random,33,500,15048,val
random,33,500,3102,val
random,33,500,1814,val
random,33,500,12974,val
random,33,500,159,val
random,33,500,461,val
random,33,500,9541,val
random,33,500,7286,val
random,33,500,7107,val
random,33,500,491,val
random,33,500,8671,val
random,33,500,6707,val
random,33,500,14671,val
random,33,500,12614,val
random,33,500,6945,val
random,33,500,10053,val
random,33,500,13617,val
random,33,500,951,val
random,33,500,14253,val
random,33,500,2248,val
random,33,500,1668,val
random,33,500,2931,val
random,33,500,117,val
random,33,500,682,val
random,33,500,3906,val
random,33,500,4403,val
random,33,500,2163,val
random,33,500,8813,val
random,33,500,2306,val
random,33,500,5320,val
random,33,500,7168,val
random,33,500,9559,val
random,33,500,14238,val
random,33,500,562,val
random,33,500,13991,val
random,33,500,12998,val
random,33,500,3535,val
random,33,500,9296,val
random,33,500,5054,val
random,33,500,12217,val
random,33,500,464,val
random,33,500,3945,val
random,33,500,8193,val
random,33,500,2763,val
random,33,500,4745,val
random,33,500,12671,val
random,33,500,11039,val
random,33,500,3635,val
random,33,500,1873,val
random,33,500,2322,val
random,33,500,7281,val
random,33,500,10035,val
random,33,500,7708,val
random,33,500,886,val
random,33,500,6522,val
random,33,500,4808,val
random,33,500,7707,val
random,33,500,3625,val
random,33,500,9394,val
random,33,500,12040,val
random,33,500,14878,val
random,33,500,6034,val
random,33,500,13051,val
random,33,500,14602,val
random,33,500,14422,val
random,33,500,7937,val
random,33,500,28,val
random,33,500,9315,val
random,33,500,3830,val
random,33,500,11091,val
random,33,500,9158,val
random,33,500,5282,val
random,33,500,4318,val
random,33,500,2892,val
random,33,500,14814,val
random,33,500,5794,val
random,33,500,14496,val
random,33,500,13947,val
random,33,500,6807,val
random,33,500,11376,val
random,33,500,10218,val
random,33,500,11958,val
random,33,500,13656,val
random,33,500,8509,val
random,33,500,14531,val
random,33,500,9358,val
random,33,500,2101,val
random,33,500,10842,val
random,33,500,10568,val
random,33,500,2444,val
random,33,500,15122,val
random,33,500,2020,val
random,33,500,11217,val
random,33,500,8409,val
random,33,500,5334,val
random,33,500,10143,val
random,33,500,1842,val
random,33,500,10173,val
random,33,500,8713,val
random,33,500,526,val
random,33,500,12715,val
random,33,500,8293,val
random,33,500,14064,val
random,33,500,1199,val
random,33,500,2443,val
random,33,500,14306,val
random,33,500,913,val
random,33,500,1024,val
random,33,500,5224,val
random,33,500,8510,val
random,33,500,4181,val
random,33,500,10039,val
random,33,500,5457,val
random,33,500,11891,val
random,33,500,11806,val
random,33,500,1012,val
random,33,500,14385,val
random,33,500,8478,val
random,33,500,2910,val
random,33,500,2035,val
random,33,500,8721,val
random,33,500,6808,val
random,33,500,11299,val
random,33,500,1293,val
random,33,500,5341,val
random,33,500,10040,val
random,33,500,11079,val
random,33,500,5967,val
random,33,500,9659,val
random,33,500,2075,val
random,33,500,4556,val
random,33,500,1445,val
random,33,500,6078,val
random,33,500,10845,val
random,33,500,2635,val
random,33,500,10149,val
random,33,500,14075,val
random,33,500,5017,val
random,33,500,6970,val
random,33,500,11539,val
random,33,500,12768,val
random,33,500,4413,val
random,33,500,14221,val
random,33,500,13334,val
random,33,500,2498,val
random,33,500,11901,val
random,33,500,1457,val
random,33,500,4588,val
random,33,500,7438,val
random,33,500,9573,val
random,33,500,7956,val
random,33,500,5988,val
random,33,500,4704,val
random,33,500,5323,val
random,33,500,115,val
random,33,500,13514,val
random,33,500,1295,val
random,33,500,6403,val
random,33,500,4858,val
random,33,500,11940,val
random,33,500,11178,val
random,33,500,13370,val
random,33,500,9068,val
random,33,500,1566,val
random,33,500,710,val
random,33,500,6536,val
random,33,500,9617,val
random,33,500,9733,val
random,33,500,579,val
random,33,500,12357,val
random,33,500,470,val
random,33,500,866,val
random,33,500,6858,val
random,33,500,4360,val
random,33,500,9464,val
random,33,500,54,val
random,33,500,5237,val
random,33,500,14157,val
random,33,500,12050,val
random,33,500,11914,val
random,33,500,10573,val
random,33,500,15148,val
random,33,500,3098,val
random,33,500,3342,val
random,33,500,9111,val
random,33,500,6054,val
random,33,500,12876,val
random,33,500,13373,val
random,33,500,898,val
random,33,500,4099,val
random,33,500,13265,val
random,33,500,3522,val
random,33,500,8731,val
random,33,500,14916,val
random,33,500,14837,val
random,33,500,6109,val
random,33,500,2043,val
random,33,500,2486,val
random,33,500,8201,val
random,33,500,4339,val
random,33,500,13886,val
random,33,500,12012,val
random,33,500,9991,val
random,33,500,10413,val
random,33,500,3435,val
random,33,500,11895,val
random,33,500,11579,val
random,33,500,2493,val
random,33,500,3051,val
random,33,500,2058,val
random,33,500,7976,val
random,33,500,6276,val
random,33,500,9809,val
random,33,500,4977,val
random,33,500,2524,val
random,33,500,5213,val
random,33,500,7232,val
random,33,500,8926,val
random,33,500,9114,val
random,33,500,12186,val
random,33,500,12182,val
random,33,500,12441,val
random,33,500,5427,val
random,33,500,7123,val
random,33,500,9941,val
random,33,500,5289,val
random,33,500,10720,val
random,33,500,826,val
random,33,500,2679,val
random,33,500,5996,val
random,33,500,9730,val
random,33,500,11412,val
random,33,500,1996,val
random,33,500,6465,val
random,33,500,2480,val
random,33,500,11411,val
random,33,500,14872,val
random,33,500,5559,val
random,33,500,10871,val
random,33,500,8817,val
random,33,500,4729,val
random,33,500,4927,val
random,33,500,6759,val
random,33,500,14408,val
random,33,500,14246,val
random,33,500,1187,val
random,33,500,8611,val
random,33,500,10660,val
random,33,500,8338,val
random,33,500,15138,val
random,33,500,11721,val
random,33,500,5468,val
random,33,500,8572,val
random,33,500,6644,val
random,33,500,11003,val
random,33,500,9268,val
random,33,500,1257,val
random,33,500,1250,val
random,33,500,8025,val
random,33,500,14488,val
random,33,500,5001,val
random,33,500,1470,val
random,33,500,11240,val
random,33,500,12374,val
random,33,500,2894,val
random,33,500,6347,val
random,33,500,13941,val
random,33,500,9146,val
random,33,500,8682,val
random,33,500,9588,val
random,33,500,7439,val
random,33,500,12472,val
random,33,500,7075,val
random,33,500,12457,val
random,33,500,2945,val
random,33,500,2077,val
random,33,500,14514,val
random,33,500,1854,val
random,33,500,3626,val
random,33,500,5689,val
random,33,500,13365,val
random,33,500,5959,val
random,33,500,2823,val
random,33,500,4798,val
random,33,500,15089,val
random,33,500,15201,val
random,33,500,12658,val
random,33,500,3526,val
random,33,500,1085,val
random,33,500,6875,val
random,33,500,2251,val
random,33,500,209,val
random,33,500,13256,val
random,33,500,1353,val
random,33,500,96,val
random,33,500,3929,val
random,33,500,1434,val
random,33,500,4484,val
random,33,500,1950,val
random,33,500,4478,val
random,33,500,5031,val
random,33,500,1404,val
random,33,500,6619,val
random,33,500,5630,val
random,33,500,13954,val
random,33,500,909,val
random,33,500,7590,val
random,33,500,4179,val
random,33,500,3543,val
random,33,500,254,val
random,33,500,11087,val
random,33,500,5405,val
random,33,500,4585,val
random,33,500,3853,val
random,33,500,12469,val
random,33,500,8958,val
random,33,500,2645,val
random,33,500,10920,val
random,33,500,1420,val
random,33,500,659,val
random,33,500,405,val
random,33,500,13206,val
random,33,500,7302,val
random,33,500,9662,val
random,33,500,4583,val
random,33,500,7413,val
random,33,500,796,val
random,33,500,6154,val
random,33,500,8041,val
random,33,500,14491,val
random,33,500,6041,val
random,33,500,2959,val
random,33,500,4891,val
random,33,500,9241,val
random,33,500,13967,val
random,33,500,3545,val
random,33,500,9064,val
random,33,500,462,val
random,33,500,9754,val
random,33,500,3455,val
random,33,500,4662,val
random,33,500,3151,val
random,33,500,9107,val
random,33,500,2070,val
random,33,500,12690,val
random,33,500,10259,val
random,33,500,15085,val
random,33,500,11303,val
random,33,500,5525,val
random,33,500,10346,val
random,33,500,4919,val
random,33,500,13310,val
random,33,500,222,val
random,33,500,52,val
random,33,500,2598,val
random,33,500,15130,val
random,33,500,9613,val
random,33,500,6811,val
random,33,500,5041,val
random,33,500,14603,val
random,33,500,1809,val
random,33,500,13011,val
random,33,500,10644,val
random,33,500,4439,val
random,33,500,1175,val
random,33,500,12553,val
random,33,500,12003,val
random,33,500,5351,val
random,33,500,4653,val
random,33,500,8838,val
random,33,500,8959,val
random,33,500,9341,val
random,33,500,6201,val
random,33,500,15141,val
random,33,500,2946,val
random,33,500,8038,val
random,33,500,6526,val
random,33,500,13549,val
random,33,500,7491,val
random,33,500,13436,val
random,33,500,10408,val
random,33,500,6002,val
random,33,500,4759,val
random,33,500,2594,val
random,33,500,13024,val
random,33,500,6540,val
random,33,500,10753,val
random,33,500,7385,val
random,33,500,5664,val
random,33,500,12262,val
random,33,500,6783,val
random,33,500,4866,val
random,33,500,5271,val
random,33,500,14761,val
random,33,500,10345,val
random,33,500,319,val
random,33,500,6678,val
random,33,500,8808,val
random,33,500,4430,val
random,33,500,6712,val
random,33,500,11620,val
random,33,500,11228,val
random,33,500,8011,val
random,33,500,9276,val
random,33,500,6721,val
random,33,500,3419,val
random,33,500,10174,val
random,33,500,12289,val
random,33,500,11982,val
random,33,500,5045,val
random,33,500,5711,val
random,33,500,10961,val
random,33,500,6575,val
random,33,500,14074,val
random,33,500,13202,val
random,33,500,7252,val
random,33,500,11184,val
random,33,500,5942,val
random,33,500,2820,val
random,33,500,5881,val
random,33,500,12896,val
random,33,500,14505,val
random,33,500,9867,val
random,33,500,2799,val
random,33,500,15091,val
random,33,500,9350,val
random,33,500,10203,val
random,33,500,10431,val
random,33,500,12368,val
random,33,500,1861,val
random,33,500,12744,val
random,33,500,13294,val
random,33,500,3394,val
random,33,500,6785,val
random,33,500,8524,val
random,33,500,8846,val
random,33,500,932,val
random,33,500,9548,val
random,33,500,13872,val
random,33,500,4087,val
random,33,500,14259,val
random,33,500,9269,val
random,33,500,12058,val
random,33,500,3138,val
random,33,500,739,val
random,33,500,10401,val
random,33,500,14386,val
random,33,500,9522,val
random,33,500,14185,val
random,33,500,2241,val
random,33,500,10625,val
random,33,500,10312,val
random,33,500,3181,val
random,33,500,1830,val
random,33,500,3780,val
random,33,500,5327,val
random,33,500,13464,val
random,33,500,2872,val
random,33,500,12781,val
random,33,500,11380,val
random,33,500,3681,val
random,33,500,7633,val
random,33,500,9512,val
random,33,500,2702,val
random,33,500,12820,val
random,33,500,11343,val
random,33,500,2392,val
random,33,500,2151,val
random,33,500,902,val
random,33,500,11216,val
random,33,500,5961,val
random,33,500,5018,val
random,33,500,12257,val
random,33,500,2824,val
random,33,500,7436,val
random,33,500,12455,val
random,33,500,10804,val
random,33,500,10490,val
random,33,500,14135,val
random,33,500,1608,val
random,33,500,2090,val
random,33,500,1030,val
random,33,500,13013,val
random,33,500,1716,val
random,33,500,1573,val
random,33,500,7773,val
random,33,500,11025,val
random,33,500,9080,val
random,33,500,7114,val
random,33,500,6170,val
random,33,500,9422,val
random,33,500,10693,val
random,33,500,5033,val
random,33,500,88,val
random,33,500,10048,val
random,33,500,6391,val
random,33,500,8309,val
random,33,500,14466,val
random,33,500,681,val
random,33,500,1435,val
random,33,500,5305,val
random,33,500,5203,val
random,33,500,13845,val
random,33,500,7467,val
random,33,500,3513,val
random,33,500,13047,val
random,33,500,12883,val
random,33,500,11838,val
random,33,500,19,val
random,33,500,8218,val
random,33,500,14963,val
random,33,500,6473,val
random,33,500,2941,val
random,33,500,8365,val
random,33,500,11159,val
random,33,500,8262,val
random,33,500,12416,val
random,33,500,15234,val
random,33,500,12758,val
random,33,500,4377,val
random,33,500,2330,val
random,33,500,7706,val
random,33,500,7142,val
random,33,500,1832,val
random,33,500,10669,val
random,33,500,9168,val
random,33,500,9403,val
random,33,500,1455,val
random,33,500,11767,val
random,33,500,14583,val
random,33,500,13491,val
random,33,500,1063,val
random,33,500,6652,val
random,33,500,12167,val
random,33,500,257,val
random,33,500,4649,val
random,33,500,5819,val
random,33,500,14612,val
random,33,500,14915,val
random,33,500,7245,val
random,33,500,6716,val
random,33,500,6010,val
random,33,500,1863,val
random,33,500,3516,val
random,33,500,1002,val
random,33,500,8600,val
random,33,500,12813,val
random,33,500,8110,val
random,33,500,11492,val
random,33,500,678,val
random,33,500,6285,val
random,33,500,14358,val
random,33,500,10810,val
random,33,500,10617,val
random,33,500,5372,val
random,33,500,5651,val
random,33,500,1039,val
random,33,500,12244,val
random,33,500,14622,val
random,33,500,6475,val
random,33,500,9390,val
random,33,500,9816,val
random,33,500,7028,val
random,33,500,4440,val
random,33,500,8495,val
random,33,500,1233,val
random,33,500,8002,val
random,33,500,8082,val
random,33,500,12581,val
random,33,500,11571,val
random,33,500,10803,val
random,33,500,7892,val
random,33,500,2701,val
random,33,500,2015,val
random,33,500,14545,val
random,33,500,8280,val
random,33,500,9326,val
random,33,500,2405,val
random,33,500,13416,val
random,33,500,7975,val
random,33,500,7933,val
random,33,500,10491,val
random,33,500,14897,val
random,33,500,13136,val
random,33,500,135,val
random,33,500,9124,val
random,33,500,4819,val
random,33,500,11633,val
random,33,500,13168,val
random,33,500,609,val
random,33,500,13853,val
random,33,500,14949,val
random,33,500,5837,val
random,33,500,4896,val
random,33,500,13524,val
random,33,500,8440,val
random,33,500,12697,val
random,33,500,12655,val
random,33,500,13579,val
random,33,500,6111,val
random,33,500,3962,val
random,33,500,13182,val
random,33,500,10704,val
random,33,500,8688,val
random,33,500,6133,val
random,33,500,9593,val
random,33,500,14172,val
random,33,500,8485,val
random,33,500,6770,val
random,33,500,2110,val
random,33,500,14831,val
random,33,500,11008,val
random,33,500,3833,val
random,33,500,7764,val
random,33,500,1590,val
random,33,500,14046,val
random,33,500,1218,val
random,33,500,9165,val
random,33,500,1801,val
random,33,500,13122,val
random,33,500,12113,val
random,33,500,4258,val
random,33,500,3376,val
random,33,500,6999,val
random,33,500,11434,val
random,33,500,3399,val
random,33,500,11200,val
random,33,500,13223,val
random,33,500,10202,val
random,33,500,14092,val
random,33,500,8375,val
random,33,500,3220,val
random,33,500,8871,val
random,33,500,6442,val
random,33,500,6895,val
random,33,500,5922,val
random,33,500,9285,val
random,33,500,7412,val
random,33,500,9038,val
random,33,500,13014,val
random,33,500,12645,val
random,33,500,5873,val
random,33,500,11296,val
random,33,500,15161,val
random,33,500,1680,val
random,33,500,8402,val
random,33,500,10306,val
random,33,500,391,val
random,33,500,7834,val
random,33,500,8670,val
random,33,500,10999,val
random,33,500,14754,val
random,33,500,4625,val
random,33,500,1111,val
random,33,500,13822,val
random,33,500,12752,val
random,33,500,7208,val
random,33,500,14330,val
random,33,500,10597,val
random,33,500,9709,val
random,33,500,7704,val
random,33,500,9143,val
random,33,500,381,val
random,33,500,3503,val
random,33,500,926,val
random,33,500,9307,val
random,33,500,9141,val
random,33,500,9207,val
random,33,500,8070,val
random,33,500,1423,val
random,33,500,11955,val
random,33,500,2382,val
random,33,500,7475,val
random,33,500,6855,val
random,33,500,15065,val
random,33,500,12905,val
random,33,500,14935,val
random,33,500,2329,val
random,33,500,14445,val
random,33,500,8396,val
random,33,500,12547,val
random,33,500,8066,val
random,33,500,9340,val
random,33,500,6384,val
random,33,500,1229,val
random,33,500,13998,val
random,33,500,2554,val
random,33,500,339,val
random,33,500,3725,val
random,33,500,14675,val
random,33,500,13449,val
random,33,500,4417,val
random,33,500,1527,val
random,33,500,523,val
random,33,500,12356,val
random,33,500,15180,val
random,33,500,11870,val
random,33,500,2668,val
random,33,500,11995,val
random,33,500,1931,val
random,33,500,14335,val
random,33,500,5926,val
random,33,500,657,val
random,33,500,7555,val
random,33,500,4773,val
random,33,500,9683,val
random,33,500,2506,val
random,33,500,11863,val
random,33,500,10207,val
random,33,500,6949,val
random,33,500,11476,val
random,33,500,6854,val
random,33,500,5595,val
random,33,500,7400,val
random,33,500,11104,val
random,33,500,12392,val
random,33,500,10714,val
random,33,500,1728,val
random,33,500,12327,val
random,33,500,13421,val
random,33,500,677,val
random,33,500,8780,val
random,33,500,13827,val
random,33,500,4409,val
random,33,500,7808,val
random,33,500,11562,val
random,33,500,11736,val
random,33,500,5772,val
random,33,500,3240,val
random,33,500,14712,val
random,33,500,14378,val
random,33,500,6731,val
random,33,500,4079,val
random,33,500,9493,val
random,33,500,12618,val
random,33,500,7046,val
random,33,500,8984,val
random,33,500,11481,val
random,33,500,8252,val
random,33,500,1734,val
random,33,500,8017,val
random,33,500,8608,val
random,33,500,12225,val
random,33,500,7968,val
random,33,500,12563,val
random,33,500,1205,val
random,33,500,6774,val
random,33,500,12540,val
random,33,500,12201,val
random,33,500,6164,val
random,33,500,4995,val
random,33,500,13385,val
random,33,500,9694,val
random,33,500,5387,val
random,33,500,6880,val
random,33,500,8372,val
random,33,500,7693,val
random,33,500,9925,val
random,33,500,9654,val
random,33,500,6333,val
random,33,500,8631,val
random,33,500,11502,val
random,33,500,2194,val
random,33,500,6588,val
random,33,500,7601,val
random,33,500,5677,val
random,33,500,14264,val
random,33,500,3752,val
random,33,500,3915,val
random,33,500,4536,val
random,33,500,914,val
random,33,500,7194,val
random,33,500,3066,val
random,33,500,1563,val
random,33,500,870,val
random,33,500,3659,val
random,33,500,10056,val
random,33,500,7519,val
random,33,500,5095,val
random,33,500,2902,val
random,33,500,10534,val
random,33,500,2928,val
random,33,500,4080,val
random,33,500,5552,val
random,33,500,8903,val
random,33,500,9118,val
random,33,500,8378,val
random,33,500,9329,val
random,33,500,10793,val
random,33,500,9031,val
random,33,500,6824,val
random,33,500,4589,val
random,33,500,10889,val
random,33,500,14209,val
random,33,500,5829,val
random,33,500,8972,val
random,33,500,14112,val
random,33,500,12737,val
random,33,500,5295,val
random,33,500,11572,val
random,33,500,12162,val
random,33,500,4835,val
random,33,500,11330,val
random,33,500,1882,val
random,33,500,12370,val
random,33,500,12556,val
random,33,500,1785,val
random,33,500,468,val
random,33,500,8624,val
random,33,500,12534,val
random,33,500,5579,val
random,33,500,14996,val
random,33,500,12925,val
random,33,500,1367,val
random,33,500,402,val
random,33,500,7360,val
random,33,500,4618,val
random,33,500,10394,val
random,33,500,4750,val
random,33,500,7571,val
random,33,500,5555,val
random,33,500,9939,val
random,33,500,9982,val
random,33,500,5659,val
random,33,500,12975,val
random,33,500,767,val
random,33,500,2280,val
random,33,500,2092,val
random,33,500,14314,val
random,33,500,15106,val
random,33,500,3470,val
random,33,500,11234,val
random,33,500,13226,val
random,33,500,13677,val
random,33,500,9000,val
random,33,500,12078,val
random,33,500,13502,val
random,33,500,4832,val
random,33,500,13194,val
random,33,500,15217,val
random,33,500,9427,val
random,33,500,2275,val
random,33,500,5472,val
random,33,500,6842,val
random,33,500,1736,val
random,33,500,9871,val
random,33,500,13585,val
random,33,500,7681,val
random,33,500,7298,val
random,33,500,13959,val
random,33,500,5106,val
random,33,500,9311,val
random,33,500,4220,val
random,33,500,15045,val
random,33,500,9824,val
random,33,500,14275,val
random,33,500,12827,val
random,33,500,14611,val
random,33,500,495,val
random,33,500,8982,val
random,33,500,7710,val
random,33,500,1436,val
random,33,500,55,val
random,33,500,6049,val
random,33,500,3650,val
random,33,500,12821,val
random,33,500,329,val
random,33,500,7154,val
random,33,500,4303,val
random,33,500,7733,val
random,33,500,12894,val
random,33,500,6087,val
random,33,500,11292,val
random,33,500,4764,val
random,33,500,8677,val
random,33,500,5818,val
random,33,500,8532,val
random,33,500,5727,val
random,33,500,10270,val
random,33,500,12349,val
random,33,500,11735,val
random,33,500,2789,val
random,33,500,8401,val
random,33,500,9710,val
random,33,500,711,val
random,33,500,12036,val
random,33,500,4219,val
random,33,500,6568,val
random,33,500,9175,val
random,33,500,9998,val
random,33,500,7930,val
random,33,500,10965,val
random,33,500,5362,val
random,33,500,1850,val
random,33,500,811,val
random,33,500,5026,val
random,33,500,10576,val
random,33,500,10738,val
random,33,500,3844,val
random,33,500,5712,val
random,33,500,3788,val
random,33,500,12782,val
random,33,500,3554,val
random,33,500,2964,val
random,33,500,9054,val
random,33,500,12032,val
random,33,500,4361,val
random,33,500,8971,val
random,33,500,14140,val
random,33,500,7677,val
random,33,500,5487,val
random,33,500,14551,val
random,33,500,1797,val
random,33,500,984,val
random,33,500,10878,val
random,33,500,4414,val
random,33,500,7171,val
random,33,500,7285,val
random,33,500,6369,val
random,33,500,6853,val
random,33,500,1633,val
random,33,500,14884,val
random,33,500,14011,val
random,33,500,12409,val
random,33,500,12828,val
random,33,500,14117,val
random,33,500,5291,val
random,33,500,9964,val
random,33,500,6249,val
random,33,500,1302,val
random,33,500,1056,val
random,33,500,966,val
random,33,500,1432,val
random,33,500,2633,val
random,33,500,9691,val
random,33,500,5165,val
random,33,500,10939,val
random,33,500,4170,val
random,33,500,3135,val
random,33,500,1215,val
random,33,500,2698,val
random,33,500,3858,val
random,33,500,12433,val
random,33,500,9971,val
random,33,500,3854,val
random,33,500,8581,val
random,33,500,14720,val
random,33,500,5414,val
random,33,500,7676,val
random,33,500,2944,val
random,33,500,10398,val
random,33,500,11213,val
random,33,500,10084,val
random,33,500,4337,val
random,33,500,13214,val
random,33,500,12855,val
random,33,500,5435,val
random,33,500,12283,val
random,33,500,14079,val
random,33,500,3890,val
random,33,500,1185,val
random,33,500,1525,val
random,33,500,4512,val
random,33,500,7101,val
random,33,500,10537,val
random,33,500,3251,val
random,33,500,7243,val
random,33,500,8274,val
random,33,500,7494,val
random,33,500,6370,val
random,33,500,9574,val
random,33,500,13592,val
random,33,500,11413,val
random,33,500,13725,val
random,33,500,13004,val
random,33,500,14598,val
random,33,500,6425,val
random,33,500,13006,val
random,33,500,13903,val
random,33,500,11622,val
random,33,500,9845,val
random,33,500,7621,val
random,33,500,9749,val
random,33,500,8743,val
random,33,500,1794,val
random,33,500,14283,val
random,33,500,6203,val
random,33,500,12146,val
random,33,500,7032,val
random,33,500,5511,val
random,33,500,5251,val
random,33,500,13551,val
random,33,500,7521,val
random,33,500,4737,val
random,33,500,11605,val
random,33,500,1122,val
random,33,500,8942,val
random,33,500,9597,val
random,33,500,10135,val
random,33,500,8377,val
random,33,500,4622,val
random,33,500,8898,val
random,33,500,13237,val
random,33,500,2607,val
random,33,500,5863,val
random,33,500,13774,val
random,33,500,7332,val
random,33,500,545,val
random,33,500,3481,val
random,33,500,12892,val
random,33,500,878,test
random,33,500,14560,test
random,33,500,496,test
random,33,500,13133,test
random,33,500,5424,test
random,33,500,6704,test
random,33,500,8687,test
random,33,500,12596,test
random,33,500,5229,test
random,33,500,10356,test
random,33,500,11573,test
random,33,500,8468,test
random,33,500,12048,test
random,33,500,14869,test
random,33,500,4767,test
random,33,500,14682,test
random,33,500,13090,test
random,33,500,773,test
random,33,500,2996,test
random,33,500,9531,test
random,33,500,5217,test
random,33,500,8007,test
random,33,500,3983,test
random,33,500,924,test
random,33,500,12365,test
random,33,500,12790,test
random,33,500,5705,test
random,33,500,6849,test
random,33,500,13376,test
random,33,500,12653,test
random,33,500,7896,test
random,33,500,13566,test
random,33,500,13864,test
random,33,500,9376,test
random,33,500,5418,test
random,33,500,8179,test
random,33,500,10844,test
random,33,500,14512,test
random,33,500,14351,test
random,33,500,14666,test
random,33,500,9116,test
random,33,500,13397,test
random,33,500,851,test
random,33,500,11542,test
random,33,500,11697,test
random,33,500,13306,test
random,33,500,1970,test
random,33,500,9496,test
random,33,500,8001,test
random,33,500,9874,test
random,33,500,617,test
random,33,500,8381,test
random,33,500,1985,test
random,33,500,8142,test
random,33,500,11134,test
random,33,500,14987,test
random,33,500,371,test
random,33,500,2409,test
random,33,500,1651,test
random,33,500,4349,test
random,33,500,2735,test
random,33,500,2145,test
random,33,500,12135,test
random,33,500,8977,test
random,33,500,13714,test
random,33,500,13197,test
random,33,500,8822,test
random,33,500,13593,test
random,33,500,2268,test
random,33,500,9814,test
random,33,500,5854,test
random,33,500,12783,test
random,33,500,10791,test
random,33,500,11222,test
random,33,500,12051,test
random,33,500,8840,test
random,33,500,648,test
random,33,500,7772,test
random,33,500,10000,test
random,33,500,8552,test
random,33,500,10298,test
random,33,500,5770,test
random,33,500,6346,test
random,33,500,2402,test
random,33,500,14343,test
random,33,500,11053,test
random,33,500,8019,test
random,33,500,582,test
random,33,500,2060,test
random,33,500,3664,test
random,33,500,7948,test
random,33,500,9365,test
random,33,500,9506,test
random,33,500,14485,test
random,33,500,6012,test
random,33,500,15039,test
random,33,500,623,test
random,33,500,13318,test
random,33,500,4429,test
random,33,500,919,test
random,33,500,3356,test
random,33,500,5280,test
random,33,500,6251,test
random,33,500,548,test
random,33,500,13758,test
random,33,500,2688,test
random,33,500,14585,test
random,33,500,10655,test
random,33,500,9798,test
random,33,500,7019,test
random,33,500,2863,test
random,33,500,7149,test
random,33,500,6628,test
random,33,500,483,test
random,33,500,9456,test
random,33,500,14709,test
random,33,500,12025,test
random,33,500,11302,test
random,33,500,5744,test
random,33,500,8768,test
random,33,500,13019,test
random,33,500,8715,test
random,33,500,9364,test
random,33,500,10614,test
random,33,500,9173,test
random,33,500,2438,test
random,33,500,7293,test
random,33,500,14982,test
random,33,500,14297,test
random,33,500,13560,test
random,33,500,7801,test
random,33,500,10833,test
random,33,500,1352,test
random,33,500,11759,test
random,33,500,9325,test
random,33,500,3947,test
random,33,500,13831,test
random,33,500,3464,test
random,33,500,1325,test
random,33,500,429,test
random,33,500,10876,test
random,33,500,10771,test
random,33,500,4428,test
random,33,500,14530,test
random,33,500,4705,test
random,33,500,11081,test
random,33,500,6095,test
random,33,500,13477,test
random,33,500,5891,test
random,33,500,5105,test
random,33,500,2442,test
random,33,500,9789,test
random,33,500,13151,test
random,33,500,14768,test
random,33,500,7548,test
random,33,500,11515,test
random,33,500,3482,test
random,33,500,5629,test
random,33,500,12329,test
random,33,500,6879,test
random,33,500,2148,test
random,33,500,9614,test
random,33,500,9534,test
random,33,500,4480,test
random,33,500,9917,test
random,33,500,15110,test
random,33,500,6050,test
random,33,500,10609,test
random,33,500,11537,test
random,33,500,10611,test
random,33,500,7301,test
random,33,500,14331,test
random,33,500,14731,test
random,33,500,8559,test
random,33,500,3607,test
random,33,500,2303,test
random,33,500,9728,test
random,33,500,7781,test
random,33,500,5090,test
random,33,500,14105,test
random,33,500,7750,test
random,33,500,6984,test
random,33,500,1013,test
random,33,500,9969,test
random,33,500,13896,test
random,33,500,14824,test
random,33,500,4437,test
random,33,500,31,test
random,33,500,15175,test
random,33,500,5678,test
random,33,500,10933,test
random,33,500,10370,test
random,33,500,7569,test
random,33,500,624,test
random,33,500,14084,test
random,33,500,1444,test
random,33,500,7444,test
random,33,500,6493,test
random,33,500,3738,test
random,33,500,13863,test
random,33,500,3384,test
random,33,500,348,test
random,33,500,4591,test
random,33,500,510,test
random,33,500,9670,test
random,33,500,447,test
random,33,500,2250,test
random,33,500,5479,test
random,33,500,7774,test
random,33,500,13800,test
random,33,500,14571,test
random,33,500,8617,test
random,33,500,13777,test
random,33,500,7116,test
random,33,500,10081,test
random,33,500,612,test
random,33,500,8751,test
random,33,500,2165,test
random,33,500,1790,test
random,33,500,9099,test
random,33,500,3068,test
random,33,500,12694,test
random,33,500,2754,test
random,33,500,14206,test
random,33,500,8792,test
random,33,500,296,test
random,33,500,2464,test
random,33,500,11297,test
random,33,500,3444,test
random,33,500,1631,test
random,33,500,2528,test
random,33,500,5738,test
random,33,500,2133,test
random,33,500,8571,test
random,33,500,12412,test
random,33,500,12745,test
random,33,500,14864,test
random,33,500,4434,test
random,33,500,5930,test
random,33,500,5412,test
random,33,500,1341,test
random,33,500,9060,test
random,33,500,5803,test
random,33,500,9415,test
random,33,500,7047,test
random,33,500,1362,test
random,33,500,11206,test
random,33,500,1708,test
random,33,500,14475,test
random,33,500,2676,test
random,33,500,7699,test
random,33,500,6357,test
random,33,500,14270,test
random,33,500,10639,test
random,33,500,8880,test
random,33,500,11106,test
random,33,500,13672,test
random,33,500,14894,test
random,33,500,10548,test
random,33,500,13628,test
random,33,500,7223,test
random,33,500,10317,test
random,33,500,14495,test
random,33,500,5722,test
random,33,500,9937,test
random,33,500,3259,test
random,33,500,518,test
random,33,500,6646,test
random,33,500,5578,test
random,33,500,505,test
random,33,500,12664,test
random,33,500,4755,test
random,33,500,14257,test
random,33,500,14927,test
random,33,500,13061,test
random,33,500,15126,test
random,33,500,3045,test
random,33,500,3585,test
random,33,500,6969,test
random,33,500,4289,test
random,33,500,13764,test
random,33,500,5369,test
random,33,500,2517,test
random,33,500,13102,test
random,33,500,3112,test
random,33,500,11924,test
random,33,500,2880,test
random,33,500,10190,test
random,33,500,4766,test
random,33,500,9016,test
random,33,500,9085,test
random,33,500,8858,test
random,33,500,9191,test
random,33,500,577,test
random,33,500,10367,test
random,33,500,3276,test
random,33,500,5921,test
random,33,500,5532,test
random,33,500,14,test
random,33,500,6331,test
random,33,500,9630,test
random,33,500,13907,test
random,33,500,12118,test
random,33,500,8995,test
random,33,500,515,test
random,33,500,4984,test
random,33,500,12895,test
random,33,500,7877,test
random,33,500,13681,test
random,33,500,5591,test
random,33,500,13204,test
random,33,500,9876,test
random,33,500,212,test
random,33,500,10891,test
random,33,500,6200,test
random,33,500,5035,test
random,33,500,2867,test
random,33,500,14010,test
random,33,500,10894,test
random,33,500,3265,test
random,33,500,8297,test
random,33,500,11280,test
random,33,500,11233,test
random,33,500,12757,test
random,33,500,11326,test
random,33,500,9758,test
random,33,500,3829,test
random,33,500,7155,test
random,33,500,12538,test
random,33,500,11385,test
random,33,500,273,test
random,33,500,12339,test
random,33,500,10840,test
random,33,500,14274,test
random,33,500,2229,test
random,33,500,654,test
random,33,500,10415,test
random,33,500,2888,test
random,33,500,2446,test
random,33,500,9607,test
random,33,500,4464,test
random,33,500,6312,test
random,33,500,8828,test
random,33,500,12499,test
random,33,500,7356,test
random,33,500,6094,test
random,33,500,6550,test
random,33,500,7843,test
random,33,500,219,test
random,33,500,5455,test
random,33,500,6600,test
random,33,500,5874,test
random,33,500,4802,test
random,33,500,2198,test
random,33,500,13841,test
random,33,500,9452,test
random,33,500,5484,test
random,33,500,4031,test
random,33,500,3461,test
random,33,500,13128,test
random,33,500,7486,test
random,33,500,7353,test
random,33,500,708,test
random,33,500,6768,test
random,33,500,4726,test
random,33,500,2183,test
random,33,500,12453,test
random,33,500,5399,test
random,33,500,14555,test
random,33,500,14624,test
random,33,500,12185,test
random,33,500,11425,test
random,33,500,5998,test
random,33,500,7549,test
random,33,500,7167,test
random,33,500,4364,test
random,33,500,5281,test
random,33,500,4760,test
random,33,500,5398,test
random,33,500,9786,test
random,33,500,2802,test
random,33,500,13130,test
random,33,500,10691,test
random,33,500,1240,test
random,33,500,7112,test
random,33,500,12397,test
random,33,500,2940,test
random,33,500,14399,test
random,33,500,7816,test
random,33,500,14013,test
random,33,500,10241,test
random,33,500,1498,test
random,33,500,11758,test
random,33,500,5570,test
random,33,500,8397,test
random,33,500,6336,test
random,33,500,4041,test
random,33,500,5625,test
random,33,500,3168,test
random,33,500,9425,test
random,33,500,2017,test
random,33,500,11879,test
random,33,500,9569,test
random,33,500,2195,test
random,33,500,7532,test
random,33,500,14565,test
random,33,500,808,test
random,33,500,7670,test
random,33,500,3433,test
random,33,500,3013,test
random,33,500,9767,test
random,33,500,7219,test
random,33,500,13190,test
random,33,500,12972,test
random,33,500,12931,test
random,33,500,3747,test
random,33,500,15124,test
random,33,500,3964,test
random,33,500,8892,test
random,33,500,6814,test
random,33,500,740,test
random,33,500,10929,test
random,33,500,14244,test
random,33,500,5936,test
random,33,500,9192,test
random,33,500,7741,test
random,33,500,4136,test
random,33,500,2116,test
random,33,500,8337,test
random,33,500,10369,test
random,33,500,8536,test
random,33,500,6175,test
random,33,500,424,test
random,33,500,4786,test
random,33,500,9684,test
random,33,500,6519,test
random,33,500,12324,test
random,33,500,5039,test
random,33,500,3862,test
random,33,500,2924,test
random,33,500,2117,test
random,33,500,1776,test
random,33,500,7428,test
random,33,500,6922,test
random,33,500,1924,test
random,33,500,11235,test
random,33,500,3472,test
random,33,500,5116,test
random,33,500,5013,test
random,33,500,11054,test
random,33,500,2353,test
random,33,500,9266,test
random,33,500,8349,test
random,33,500,4342,test
random,33,500,8493,test
random,33,500,7643,test
random,33,500,2156,test
random,33,500,9256,test
random,33,500,10344,test
random,33,500,10125,test
random,33,500,3297,test
random,33,500,8266,test
random,33,500,5701,test
random,33,500,2196,test
random,33,500,203,test
random,33,500,5043,test
random,33,500,3360,test
random,33,500,6104,test
random,33,500,12163,test
random,33,500,2127,test
random,33,500,4738,test
random,33,500,4643,test
random,33,500,1875,test
random,33,500,2088,test
random,33,500,6888,test
random,33,500,12799,test
random,33,500,11186,test
random,33,500,3158,test
random,33,500,6388,test
random,33,500,3943,test
random,33,500,4666,test
random,33,500,8120,test
random,33,500,10975,test
random,33,500,11544,test
random,33,500,10618,test
random,33,500,12280,test
random,33,500,3204,test
random,33,500,3363,test
random,33,500,12491,test
random,33,500,672,test
random,33,500,13950,test
random,33,500,3823,test
random,33,500,884,test
random,33,500,6416,test
random,33,500,7158,test
random,33,500,6288,test
random,33,500,3313,test
random,33,500,5846,test
random,33,500,5949,test
random,33,500,4711,test
random,33,500,12952,test
random,33,500,9480,test
random,33,500,14146,test
random,33,500,479,test
random,33,500,2653,test
random,33,500,9855,test
random,33,500,6155,test
random,33,500,8628,test
random,33,500,8292,test
random,33,500,11061,test
random,33,500,3910,test
random,33,500,10008,test
random,33,500,2173,test
random,33,500,13084,test
random,33,500,13536,test
random,33,500,6379,test
random,33,500,771,test
random,33,500,11577,test
random,33,500,12764,test
random,33,500,12835,test
random,33,500,5493,test
random,33,500,3048,test
random,33,500,9610,test
random,33,500,10790,test
random,33,500,9863,test
random,33,500,6237,test
random,33,500,3273,test
random,33,500,14481,test
random,33,500,14230,test
random,33,500,12198,test
random,33,500,1675,test
random,33,500,8747,test
random,33,500,7818,test
random,33,500,9264,test
random,33,500,11113,test
random,33,500,12313,test
random,33,500,14294,test
random,33,500,13556,test
random,33,500,8923,test
random,33,500,15093,test
random,33,500,599,test
random,33,500,5007,test
random,33,500,6728,test
random,33,500,14056,test
random,33,500,12241,test
random,33,500,4787,test
random,33,500,11694,test
random,33,500,7575,test
random,33,500,5467,test
random,33,500,2484,test
random,33,500,2004,test
random,33,500,11945,test
random,33,500,8269,test
random,33,500,1691,test
random,33,500,14899,test
random,33,500,8146,test
random,33,500,948,test
random,33,500,14342,test
random,33,500,4546,test
random,33,500,10208,test
random,33,500,2089,test
random,33,500,11757,test
random,33,500,8326,test
random,33,500,3035,test
random,33,500,10774,test
random,33,500,6210,test
random,33,500,5183,test
random,33,500,4706,test
random,33,500,4979,test
random,33,500,14836,test
random,33,500,3917,test
random,33,500,11752,test
random,33,500,5962,test
random,33,500,14636,test
random,33,500,1162,test
random,33,500,4967,test
random,33,500,8717,test
random,33,500,1073,test
random,33,500,3974,test
random,33,500,10059,test
random,33,500,1459,test
random,33,500,1032,test
random,33,500,12830,test
random,33,500,3711,test
random,33,500,5010,test
random,33,500,10359,test
random,33,500,2389,test
random,33,500,8313,test
random,33,500,6024,test
random,33,500,35,test
random,33,500,5102,test
random,33,500,1867,test
random,33,500,11288,test
random,33,500,10432,test
random,33,500,13,test
random,33,500,15225,test
random,33,500,7309,test
random,33,500,695,test
random,33,500,5976,test
random,33,500,6702,test
random,33,500,10479,test
random,33,500,13062,test
random,33,500,1450,test
random,33,500,5519,test
random,33,500,10482,test
random,33,500,9348,test
random,33,500,13301,test
random,33,500,14942,test
random,33,500,4579,test
random,33,500,9096,test
random,33,500,1115,test
random,33,500,10973,test
random,33,500,14101,test
random,33,500,12700,test
random,33,500,7079,test
random,33,500,10673,test
random,33,500,14569,test
random,33,500,3587,test
random,33,500,4934,test
random,33,500,13124,test
random,33,500,14526,test
random,33,500,4412,test
random,33,500,13249,test
random,33,500,12447,test
random,33,500,12939,test
random,33,500,1033,test
random,33,500,4309,test
random,33,500,14645,test
random,33,500,6062,test
random,33,500,7106,test
random,33,500,13821,test
random,33,500,1783,test
random,33,500,9306,test
random,33,500,9554,test
random,33,500,9317,test
random,33,500,12371,test
random,33,500,1086,test
random,33,500,13483,test
random,33,500,11255,test
random,33,500,1368,test
random,33,500,14630,test
random,33,500,11585,test
random,33,500,2097,test
random,33,500,7442,test
random,33,500,5523,test
random,33,500,14667,test
random,33,500,7786,test
random,33,500,12112,test
random,33,500,146,test
random,33,500,499,test
random,33,500,9936,test
random,33,500,5977,test
random,33,500,4712,test
random,33,500,4727,test
random,33,500,8345,test
random,33,500,13752,test
random,33,500,4009,test
random,33,500,11320,test
random,33,500,5796,test
random,33,500,1664,test
random,33,500,14041,test
random,33,500,13067,test
random,33,500,4418,test
random,33,500,10257,test
random,33,500,6165,test
random,33,500,9715,test
random,33,500,7043,test
random,33,500,4048,test
random,33,500,9302,test
random,33,500,9741,test
random,33,500,6376,test
random,33,500,8787,test
random,33,500,698,test
random,33,500,8590,test
random,33,500,11731,test
random,33,500,10867,test
random,33,500,4519,test
random,33,500,6278,test
random,33,500,3424,test
random,33,500,9699,test
random,33,500,8271,test
random,33,500,5003,test
random,33,500,10962,test
random,33,500,14031,test
random,33,500,5780,test
random,33,500,11313,test
random,33,500,14662,test
random,33,500,13632,test
random,33,500,5446,test
random,33,500,13862,test
random,33,500,11704,test
random,33,500,1405,test
random,33,500,9362,test
random,33,500,7139,test
random,33,500,10908,test
random,33,500,636,test
random,33,500,15096,test
random,33,500,7672,test
random,33,500,8749,test
random,33,500,10563,test
random,33,500,2423,test
random,33,500,1650,test
random,33,500,15189,test
random,33,500,2003,test
random,33,500,3657,test
random,33,500,5365,test
random,33,500,5367,test
random,33,500,8136,test
random,33,500,2224,test
random,33,500,2805,test
random,33,500,12982,test
random,33,500,3320,test
random,33,500,11791,test
random,33,500,13977,test
random,33,500,5485,test
random,33,500,5618,test
random,33,500,5912,test
random,33,500,544,test
random,33,500,9174,test
random,33,500,7078,test
random,33,500,5286,test
random,33,500,3812,test
random,33,500,1602,test
random,33,500,13814,test
random,33,500,11821,test
random,33,500,9091,test
random,33,500,3550,test
random,33,500,2903,test
random,33,500,11873,test
random,33,500,5955,test
random,33,500,8865,test
random,33,500,8839,test
random,33,500,964,test
random,33,500,10460,test
random,33,500,8028,test
random,33,500,12157,test
random,33,500,8287,test
random,33,500,12722,test
random,33,500,3309,test
random,33,500,676,test
random,33,500,12819,test
random,33,500,2458,test
random,33,500,4496,test
random,33,500,13696,test
random,33,500,2519,test
random,33,500,9967,test
random,33,500,7264,test
random,33,500,5449,test
random,33,500,11718,test
random,33,500,10448,test
random,33,500,1102,test
random,33,500,2344,test
random,33,500,9537,test
random,33,500,9832,test
random,33,500,585,test
random,33,500,10392,test
random,33,500,5088,test
random,33,500,655,test
random,33,500,11842,test
random,33,500,11652,test
random,33,500,12912,test
random,33,500,6561,test
random,33,500,9104,test
random,33,500,8467,test
random,33,500,3970,test
random,33,500,3838,test
random,33,500,1709,test
random,33,500,6092,test
random,33,500,14289,test
random,33,500,7288,test
random,33,500,13288,test
random,33,500,9045,test
random,33,500,13457,test
random,33,500,5279,test
random,33,500,10209,test
random,33,500,3415,test
random,33,500,12060,test
random,33,500,3963,test
random,33,500,14529,test
random,33,500,5514,test
random,33,500,13393,test
random,33,500,11294,test
random,33,500,3195,test
random,33,500,6223,test
random,33,500,4054,test
random,33,500,5172,test
random,33,500,13012,test
random,33,500,13754,test
random,33,500,6178,test
random,33,500,2994,test
random,33,500,14584,test
random,33,500,3577,test
random,33,500,13041,test
random,33,500,14220,test
random,33,500,14802,test
random,33,500,9424,test
random,33,500,3429,test
random,33,500,5226,test
random,33,500,10654,test
random,33,500,2428,test
random,33,500,7727,test
random,33,500,5390,test
random,33,500,1304,test
random,33,500,7604,test
random,33,500,11267,test
random,33,500,6828,test
random,33,500,5596,test
random,33,500,1649,test
random,33,500,6082,test
random,33,500,10434,test
random,33,500,12767,test
random,33,500,2044,test
random,33,500,13609,test
random,33,500,10899,test
random,33,500,2258,test
random,33,500,13268,test
random,33,500,8582,test
random,33,500,10001,test
random,33,500,14168,test
random,33,500,2440,test
random,33,500,10133,test
random,33,500,4397,test
random,33,500,11926,test
random,33,500,3018,test
random,33,500,10872,test
random,33,500,8257,test
random,33,500,6928,test
random,33,500,12316,test
random,33,500,1142,test
random,33,500,7039,test
random,33,500,7483,test
random,33,500,12872,test
random,33,500,14961,test
random,33,500,14473,test
random,33,500,14833,test
random,33,500,5262,test
random,33,500,13688,test
random,33,500,4314,test
random,33,500,14689,test
random,33,500,8294,test
random,33,500,7273,test
random,33,500,2604,test
random,33,500,4497,test
random,33,500,11805,test
random,33,500,10393,test
random,33,500,8158,test
random,33,500,12732,test
random,33,500,13281,test
random,33,500,8718,test
random,33,500,428,test
random,33,500,11032,test
random,33,500,7981,test
random,33,500,10692,test
random,33,500,13361,test
random,33,500,497,test
random,33,500,13745,test
random,33,500,11187,test
random,33,500,2334,test
random,33,500,10811,test
random,33,500,6629,test
random,33,500,8789,test
random,33,500,4154,test
random,33,500,5975,test
random,33,500,5340,test
random,33,500,2934,test
random,33,500,12495,test
random,33,500,8740,test
random,33,500,13179,test
random,33,500,10527,test
random,33,500,7844,test
random,33,500,372,test
random,33,500,4055,test
random,33,500,11715,test
random,33,500,1962,test
random,33,500,7647,test
random,33,500,11582,test
random,33,500,7172,test
random,33,500,373,test
random,33,500,8806,test
random,33,500,12055,test
random,33,500,11984,test
random,33,500,7985,test
random,33,500,7035,test
random,33,500,10136,test
random,33,500,2937,test
random,33,500,10397,test
random,33,500,12296,test
random,33,500,14110,test
random,33,500,7317,test
random,33,500,887,test
random,33,500,11803,test
random,33,500,1016,test
random,33,500,14166,test
random,33,500,3517,test
random,33,500,14575,test
random,33,500,10606,test
random,33,500,11977,test
random,33,500,7531,test
random,33,500,1355,test
random,33,500,13552,test
random,33,500,12794,test
random,33,500,6419,test
random,33,500,11938,test
random,33,500,5363,test
random,33,500,13156,test
random,33,500,3937,test
random,33,500,3460,test
random,33,500,11529,test
random,33,500,6147,test
random,33,500,13456,test
random,33,500,9601,test
random,33,500,11026,test
random,33,500,8475,test
random,33,500,2210,test
random,33,500,3457,test
random,33,500,12965,test
random,33,500,7064,test
random,33,500,15200,test
random,33,500,8394,test
random,33,500,1994,test
random,33,500,7480,test
random,33,500,5221,test
random,33,500,8985,test
random,33,500,7490,test
random,33,500,1288,test
random,33,500,9487,test
random,33,500,2998,test
random,33,500,3721,test
random,33,500,14356,test
random,33,500,7340,test
random,33,500,905,test
random,33,500,3191,test
random,33,500,1868,test
random,33,500,11444,test
random,33,500,11777,test
random,33,500,10592,test
random,33,500,9119,test
random,33,500,934,test
random,33,500,15118,test
random,33,500,9896,test
random,33,500,13038,test
random,33,500,11290,test
random,33,500,6648,test
random,33,500,12405,test
random,33,500,8126,test
random,33,500,8379,test
random,33,500,3262,test
random,33,500,15169,test
random,33,500,1858,test
random,33,500,10946,test
random,33,500,11342,test
random,33,500,8215,test
random,33,500,7069,test
random,33,500,8944,test
random,33,500,3056,test
random,33,500,1598,test
random,33,500,10328,test
random,33,500,5617,test
random,33,500,10834,test
random,33,500,10451,test
random,33,500,5118,test
random,33,500,9347,test
random,33,500,11154,test
random,33,500,7716,test
random,33,500,14042,test
random,33,500,4991,test
random,33,500,9732,test
random,33,500,7572,test
random,33,500,14568,test
random,33,500,14954,test
random,33,500,13733,test
random,33,500,14045,test
random,33,500,9652,test
random,33,500,2420,test
random,33,500,7203,test
random,33,500,4415,test
random,33,500,13781,test
random,33,500,911,test
random,33,500,2289,test
random,33,500,4142,test
random,33,500,9954,test
random,33,500,11795,test
random,33,500,9718,test
random,33,500,10879,test
random,33,500,10,test
random,33,500,7999,test
random,33,500,12437,test
random,33,500,15040,test
random,33,500,7651,test
random,33,500,5549,test
random,33,500,7978,test
random,33,500,5588,test
random,33,500,5872,test
random,33,500,11617,test
random,33,500,13276,test
random,33,500,1390,test
random,33,500,3800,test
random,33,500,3193,test
random,33,500,12741,test
random,33,500,4123,test
random,33,500,14767,test
random,33,500,14180,test
random,33,500,4586,test
random,33,500,5939,test
random,33,500,14321,test
random,33,500,3776,test
random,33,500,6653,test
random,33,500,3524,test
random,33,500,4763,test
random,33,500,2340,test
random,33,500,8777,test
random,33,500,11857,test
random,33,500,4347,test
random,33,500,12702,test
random,33,500,3820,test
random,33,500,10852,test
random,33,500,9891,test
random,33,500,13388,test
random,33,500,6948,test
random,33,500,12062,test
random,33,500,7523,test
random,33,500,15128,test
random,33,500,1788,test
random,33,500,3985,test
random,33,500,7629,test
random,33,500,11196,test
random,33,500,9420,test
random,33,500,11329,test
random,33,500,3723,test
random,33,500,13227,test
random,33,500,9224,test
random,33,500,6910,test
random,33,500,10235,test
random,33,500,8843,test
random,33,500,6996,test
random,33,500,7711,test
random,33,500,5073,test
random,33,500,13103,test
random,33,500,5447,test
random,33,500,4419,test
random,33,500,10680,test
random,33,500,12787,test
random,33,500,8325,test
random,33,500,9594,test
random,33,500,8164,test
random,33,500,7470,test
random,33,500,14591,test
random,33,500,7478,test
random,33,500,1523,test
random,33,500,7599,test
random,33,500,2785,test
random,33,500,14782,test
random,33,500,3951,test
random,33,500,10603,test
random,33,500,7432,test
random,33,500,10305,test
random,33,500,8451,test
random,33,500,1116,test
random,33,500,4268,test
random,33,500,5813,test
random,33,500,8350,test
random,33,500,4323,test
random,33,500,532,test
random,33,500,14307,test
random,33,500,13331,test
random,33,500,1385,test
random,33,500,7005,test
random,33,500,1937,test
random,33,500,5715,test
random,33,500,9556,test
random,33,500,14198,test
random,33,500,3016,test
random,33,500,8382,test
random,33,500,15087,test
random,33,500,12410,test
random,33,500,10411,test
random,33,500,14871,test
random,33,500,8492,test
random,33,500,5214,test
random,33,500,2039,test
random,33,500,5170,test
random,33,500,12696,test
random,33,500,1900,test
random,33,500,13167,test
random,33,500,474,test
random,33,500,2350,test
random,33,500,8172,test
random,33,500,407,test
random,33,500,15094,test
random,33,500,8772,test
random,33,500,2354,test
random,33,500,3948,test
random,33,500,8497,test
random,33,500,4334,test
random,33,500,13884,test
random,33,500,4007,test
random,33,500,9117,test
random,33,500,4187,test
random,33,500,11517,test
random,33,500,8425,test
random,33,500,9626,test
random,33,500,2978,test
random,33,500,10492,test
random,33,500,5654,test
random,33,500,12442,test
random,33,500,1552,test
random,33,500,7806,test
random,33,500,4035,test
random,33,500,13956,test
random,33,500,9249,test
random,33,500,550,test
random,33,500,13317,test
random,33,500,7538,test
random,33,500,3441,test
random,33,500,1795,test
random,33,500,7363,test
random,33,500,576,test
random,33,500,10964,test
random,33,500,11040,test
random,33,500,5486,test
random,33,500,2622,test
random,33,500,4709,test
random,33,500,11513,test
random,33,500,8489,test
random,33,500,4356,test
random,33,500,1756,test
random,33,500,5456,test
random,33,500,3043,test
random,33,500,5501,test
random,33,500,13459,test
random,33,500,2404,test
random,33,500,7234,test
random,33,500,11827,test
random,33,500,5470,test
random,33,500,896,test
random,33,500,2346,test
random,33,500,5177,test
random,33,500,2911,test
random,33,500,12411,test
random,33,500,13813,test
random,33,500,9258,test
random,33,500,7374,test
random,33,500,9448,test
random,33,500,9295,test
random,33,500,2305,test
random,33,500,5828,test
random,33,500,10696,test
random,33,500,10936,test
random,33,500,14008,test
random,33,500,5274,test
random,33,500,4870,test
random,33,500,8432,test
random,33,500,11193,test
random,33,500,1266,test
random,33,500,8658,test
random,33,500,11993,test
random,33,500,7179,test
random,33,500,15083,test
random,33,500,12059,test
random,33,500,10025,test
random,33,500,7388,test
random,33,500,13338,test
random,33,500,100,test
random,33,500,9685,test
random,33,500,3357,test
random,33,500,6664,test
random,33,500,8096,test
random,33,500,3674,test
random,33,500,9957,test
random,33,500,13503,test
random,33,500,7970,test
random,33,500,10353,test
random,33,500,7022,test
random,33,500,12766,test
random,33,500,6950,test
random,33,500,12884,test
random,33,500,1581,test
random,33,500,7663,test
random,33,500,8272,test
random,33,500,9675,test
random,33,500,8883,test
random,33,500,432,test
random,33,500,8496,test
random,33,500,10800,test
random,33,500,2013,test
random,33,500,12343,test
random,33,500,9225,test
random,33,500,6340,test
random,33,500,1381,test
random,33,500,12650,test
random,33,500,4673,test
random,33,500,8441,test
random,33,500,6387,test
random,33,500,10801,test
random,33,500,10478,test
random,33,500,1249,test
random,33,500,5768,test
random,33,500,5110,test
random,33,500,6705,test
random,33,500,2787,test
random,33,500,4405,test
random,33,500,8277,test
random,33,500,10938,test
random,33,500,9286,test
random,33,500,13801,test
random,33,500,11439,test
random,33,500,10118,test
random,33,500,5163,test
random,33,500,10389,test
random,33,500,920,test
random,33,500,13025,test
random,33,500,5541,test
random,33,500,4351,test
random,33,500,12552,test
random,33,500,9217,test
random,33,500,12139,test
random,33,500,8406,test
random,33,500,12253,test
random,33,500,3936,test
random,33,500,9616,test
random,33,500,13651,test
random,33,500,4723,test
random,33,500,243,test
random,33,500,142,test
random,33,500,13995,test
random,33,500,3088,test
random,33,500,11768,test
random,33,500,1917,test
random,33,500,3835,test
random,33,500,6428,test
random,33,500,9746,test
random,33,500,14202,test
random,33,500,8076,test
random,33,500,6693,test
random,33,500,2504,test
random,33,500,9203,test
random,33,500,9467,test
random,33,500,2094,test
random,33,500,8776,test
random,33,500,3922,test
random,33,500,298,test
random,33,500,13938,test
random,33,500,4355,test
random,33,500,5409,test
random,33,500,12119,test
random,33,500,6246,test
random,33,500,633,test
random,33,500,6150,test
random,33,500,437,test
random,33,500,8758,test
random,33,500,2502,test
random,33,500,14727,test
random,33,500,13569,test
random,33,500,7122,test
random,33,500,10186,test
random,33,500,9668,test
random,33,500,10648,test
random,33,500,950,test
random,33,500,11256,test
random,33,500,1831,test
random,33,500,10743,test
random,33,500,8788,test
random,33,500,192,test
random,33,500,3586,test
random,33,500,989,test
random,33,500,10153,test
random,33,500,4893,test
random,33,500,10690,test
random,33,500,10542,test
random,33,500,3385,test
random,33,500,12921,test
random,33,500,8009,test
random,33,500,2601,test
random,33,500,14997,test
random,33,500,8091,test
random,33,500,1579,test
random,33,500,5119,test
random,33,500,3606,test
random,33,500,169,test
random,33,500,8408,test
random,33,500,11097,test
random,33,500,6420,test
random,33,500,12415,test
random,33,500,8855,test
random,33,500,2403,test
random,33,500,12421,test
random,33,500,10613,test
random,33,500,10007,test
random,33,500,259,test
random,33,500,4025,test
random,33,500,2314,test
random,33,500,10905,test
random,33,500,13515,test
random,33,500,5785,test
random,33,500,14743,test
random,33,500,13535,test
random,33,500,671,test
random,33,500,1837,test
random,33,500,2782,test
random,33,500,12328,test
random,33,500,2889,test
random,33,500,7988,test
random,33,500,1181,test
random,33,500,7882,test
random,33,500,2884,test
random,33,500,6675,test
random,33,500,6217,test
random,33,500,2586,test
random,33,500,349,test
random,33,500,14654,test
random,33,500,6650,test
random,33,500,4884,test
random,33,500,12869,test
random,33,500,10953,test
random,33,500,9360,test
random,33,500,7,test
random,33,500,2757,test
random,33,500,7760,test
random,33,500,5096,test
random,33,500,14748,test
random,33,500,11974,test
random,33,500,10533,test
random,33,500,10749,test
random,33,500,8866,test
random,33,500,347,test
random,33,500,1075,test
random,33,500,9817,test
random,33,500,9359,test
random,33,500,14698,test
random,33,500,14456,test
random,33,500,6708,test
random,33,500,14158,test
random,33,500,8101,test
random,33,500,10032,test
random,33,500,14228,test
random,33,500,14940,test
random,33,500,5740,test
random,33,500,13802,test
random,33,500,4070,test
random,33,500,629,test
random,33,500,10798,test
random,33,500,11546,test
random,33,500,12526,test
random,33,500,7553,test
random,33,500,5180,test
random,33,500,13753,test
random,33,500,5593,test
random,33,500,13667,test
random,33,500,13630,test
random,33,500,13337,test
random,33,500,4498,test
random,33,500,9566,test
random,33,500,4523,test
random,33,500,3000,test
random,33,500,1553,test
random,33,500,7863,test
random,33,500,2567,test
random,33,500,12277,test
random,33,500,14664,test
random,33,500,12608,test
random,33,500,13911,test
random,33,500,7229,test
random,33,500,10262,test
random,33,500,14532,test
random,33,500,12197,test
random,33,500,5594,test
random,33,500,2979,test
random,33,500,3452,test
random,33,500,9977,test
random,33,500,6773,test
random,33,500,1331,test
random,33,500,3593,test
random,33,500,7346,test
random,33,500,13382,test
random,33,500,6138,test
random,33,500,10549,test
random,33,500,3101,test
random,33,500,5969,test
random,33,500,8591,test
random,33,500,6162,test
random,33,500,6514,test
random,33,500,4438,test
random,33,500,9430,test
random,33,500,2149,test
random,33,500,10532,test
random,33,500,4030,test
random,33,500,8986,test
random,33,500,8123,test
random,33,500,815,test
random,33,500,4756,test
random,33,500,13894,test
random,33,500,12908,test
random,33,500,14808,test
random,33,500,7496,test
random,33,500,7045,test
random,33,500,8900,test
random,33,500,4307,test
random,33,500,14352,test
random,33,500,8953,test
random,33,500,163,test
random,33,500,3808,test
random,33,500,1591,test
random,33,500,1408,test
random,33,500,1442,test
random,33,500,12350,test
random,33,500,6446,test
random,33,500,2433,test
random,33,500,5732,test
random,33,500,13794,test
random,33,500,1268,test
random,33,500,4394,test
random,33,500,9881,test
random,33,500,13451,test
random,33,500,10355,test
random,33,500,2643,test
random,33,500,3197,test
random,33,500,3476,test
random,33,500,2312,test
random,33,500,12189,test
random,33,500,6758,test
random,33,500,4213,test
random,33,500,10089,test
random,33,500,14252,test
random,33,500,14142,test
random,33,500,1495,test
random,33,500,10629,test
random,33,500,5430,test
random,33,500,7426,test
random,33,500,2179,test
random,33,500,4782,test
random,33,500,7209,test
random,33,500,2772,test
random,33,500,1711,test
random,33,500,3989,test
random,33,500,11188,test
random,33,500,1299,test
random,33,500,2016,test
random,33,500,9021,test
random,33,500,6393,test
random,33,500,11301,test
random,33,500,11410,test
random,33,500,3731,test
random,33,500,4657,test
random,33,500,245,test
random,33,500,1415,test
random,33,500,11884,test
random,33,500,1767,test
random,33,500,5656,test
random,33,500,6075,test
random,33,500,14362,test
random,33,500,11351,test
random,33,500,14941,test
random,33,500,9231,test
random,33,500,1851,test
random,33,500,12572,test
random,33,500,5693,test
random,33,500,1195,test
random,33,500,6679,test
random,33,500,14249,test
random,33,500,10647,test
random,33,500,5454,test
random,33,500,7977,test
random,33,500,10560,test
random,33,500,13590,test
random,33,500,3825,test
random,33,500,9023,test
random,33,500,1748,test
random,33,500,10378,test
random,33,500,13165,test
random,33,500,6102,test
random,33,500,5822,test
random,33,500,12284,test
random,33,500,10859,test
random,33,500,11400,test
random,33,500,10880,test
random,33,500,8135,test
random,33,500,14065,test
random,33,500,1110,test
random,33,500,14762,test
random,33,500,1899,test
random,33,500,5708,test
random,33,500,1929,test
random,33,500,3785,test
random,33,500,3258,test
random,33,500,228,test
random,33,500,2559,test
random,33,500,4265,test
random,33,500,1074,test
random,33,500,5490,test
random,33,500,5353,test
random,33,500,8303,test
random,33,500,3174,test
random,33,500,15082,test
random,33,500,14218,test
random,33,500,13394,test
random,33,500,6275,test
random,33,500,13820,test
random,33,500,14665,test
random,33,500,7916,test
random,33,500,5899,test
random,33,500,12548,test
random,33,500,15153,test
random,33,500,8454,test
random,33,500,387,test
random,33,500,9354,test
random,33,500,6207,test
random,33,500,6378,test
random,33,500,12027,test
random,33,500,7015,test
random,33,500,9890,test
random,33,500,8722,test
random,33,500,244,test
random,33,500,725,test
random,33,500,15064,test
random,33,500,13389,test
random,33,500,4892,test
random,33,500,9034,test
random,33,500,10740,test
random,33,500,6373,test
random,33,500,5377,test
random,33,500,12695,test
random,33,500,2703,test
random,33,500,3260,test
random,33,500,5349,test
random,33,500,1983,test
random,33,500,13676,test
random,33,500,2862,test
random,33,500,12946,test
random,33,500,12346,test
random,33,500,7518,test
random,33,500,4164,test
random,33,500,10789,test
random,33,500,14116,test
random,33,500,11921,test
random,33,500,6326,test
random,33,500,1493,test
random,33,500,7157,test
random,33,500,1560,test
random,33,500,6998,test
random,33,500,1762,test
random,33,500,6245,test
random,33,500,5179,test
random,33,500,4194,test
random,33,500,13976,test
random,33,500,7062,test
random,33,500,6911,test
random,33,500,363,test
random,33,500,13480,test
random,33,500,10681,test
random,33,500,3023,test
random,33,500,5056,test
random,33,500,9775,test
random,33,500,1976,test
random,33,500,10031,test
random,33,500,2755,test
random,33,500,6398,test
random,33,500,14315,test
random,33,500,3603,test
random,33,500,13195,test
random,33,500,10098,test
random,33,500,3698,test
random,33,500,7964,test
random,33,500,14918,test
random,33,500,6334,test
random,33,500,10480,test
random,33,500,6941,test
random,33,500,374,test
random,33,500,7405,test
random,33,500,843,test
random,33,500,3979,test
random,33,500,2921,test
random,33,500,4045,test
random,33,500,10915,test
random,33,500,565,test
random,33,500,11129,test
random,33,500,14040,test
random,33,500,10303,test
random,33,500,14702,test
random,33,500,4471,test
random,33,500,7732,test
random,33,500,7931,test
random,33,500,1752,test
random,33,500,1398,test
random,33,500,14155,test
random,33,500,12258,test
random,33,500,7420,test
random,33,500,3683,test
random,33,500,2351,test
random,33,500,14898,test
random,33,500,7915,test
random,33,500,13481,test
random,33,500,11245,test
random,33,500,14028,test
random,33,500,13163,test
random,33,500,11959,test
random,33,500,1703,test
random,33,500,7607,test
random,33,500,8367,test
random,33,500,11252,test
random,33,500,13034,test
random,33,500,14017,test
random,33,500,6791,test
random,33,500,14248,test
random,33,500,4313,test
random,33,500,380,test
random,33,500,6101,test
random,33,500,7917,test
random,33,500,5612,test
random,33,500,10967,test
random,33,500,3809,test
random,33,500,5343,test
random,33,500,6658,test
random,33,500,1840,test
random,33,500,13422,test
random,33,500,4056,test
random,33,500,10307,test
random,33,500,14865,test
random,33,500,12081,test
random,33,500,9369,test
random,33,500,13712,test
random,33,500,60,test
random,33,500,12576,test
random,33,500,11001,test
random,33,500,7023,test
random,33,500,12636,test
random,33,500,13852,test
random,33,500,4366,test
random,33,500,531,test
random,33,500,1305,test
random,33,500,12142,test
random,33,500,13928,test
random,33,500,3094,test
random,33,500,3684,test
random,33,500,3466,test
random,33,500,3740,test
random,33,500,25,test
random,33,500,2107,test
random,33,500,11996,test
random,33,500,12672,test
random,33,500,4331,test
random,33,500,2764,test
random,33,500,1041,test
random,33,500,2680,test
random,33,500,3203,test
random,33,500,4581,test
random,33,500,2522,test
random,33,500,14067,test
random,33,500,12238,test
random,33,500,11479,test
random,33,500,8355,test
random,33,500,10633,test
random,33,500,8268,test
random,33,500,1923,test
random,33,500,5253,test
random,33,500,13081,test
random,33,500,2155,test
random,33,500,9928,test
random,33,500,13411,test
random,33,500,11491,test
random,33,500,7397,test
random,33,500,14803,test
random,33,500,11401,test
random,33,500,1451,test
random,33,500,178,test
random,33,500,11056,test
random,33,500,6991,test
random,33,500,2590,test
random,33,500,14278,test
random,33,500,11878,test
random,33,500,5247,test
random,33,500,11259,test
random,33,500,640,test
random,33,500,8114,test
random,33,500,8176,test
random,33,500,2658,test
random,33,500,13085,test
random,33,500,8418,test
random,33,500,132,test
random,33,500,4857,test
random,33,500,8370,test
random,33,500,9720,test
random,33,500,2463,test
random,33,500,807,test
random,33,500,7267,test
random,33,500,12500,test
random,33,500,10838,test
random,33,500,9821,test
random,33,500,9156,test
random,33,500,14853,test
random,33,500,5465,test
random,33,500,9050,test
random,33,500,1724,test
random,33,500,4853,test
random,33,500,628,test
random,33,500,14724,test
random,33,500,8935,test
random,33,500,7188,test
random,33,500,6299,test
random,33,500,2780,test
random,33,500,11466,test
random,33,500,5087,test
random,33,500,3373,test
random,33,500,9632,test
random,33,500,10099,test
random,33,500,5890,test
random,33,500,3374,test
random,33,500,2182,test
random,33,500,5855,test
random,33,500,1439,test
random,33,500,12461,test
random,33,500,11589,test
random,33,500,1388,test
random,33,500,3144,test
random,33,500,13246,test
random,33,500,3238,test
random,33,500,12995,test
random,33,500,542,test
random,33,500,3912,test
random,33,500,7658,test
random,33,500,8228,test
random,33,500,11755,test
random,33,500,7029,test
random,33,500,1191,test
random,33,500,7200,test
random,33,500,1599,test
random,33,500,11431,test
random,33,500,13972,test
random,33,500,5311,test
random,33,500,12194,test
random,33,500,13979,test
random,33,500,5478,test
random,33,500,3648,test
random,33,500,10794,test
random,33,500,8811,test
random,33,500,10106,test
random,33,500,2295,test
random,33,500,14843,test
random,33,500,3632,test
random,33,500,5434,test
random,33,500,13406,test
random,33,500,8922,test
random,33,500,15018,test
random,33,500,11692,test
random,33,500,1375,test
random,33,500,9384,test
random,33,500,7840,test
random,33,500,5042,test
random,33,500,14830,test
random,33,500,7765,test
random,33,500,3029,test
random,33,500,9704,test
random,33,500,14710,test
random,33,500,14703,test
random,33,500,1337,test
random,33,500,2721,test
random,33,500,14007,test
random,33,500,8770,test
random,33,500,15219,test
random,33,500,12513,test
random,33,500,2345,test
random,33,500,8049,test
random,33,500,8825,test
random,33,500,2079,test
random,33,500,7718,test
random,33,500,7502,test
random,33,500,11227,test
random,33,500,6511,test
random,33,500,488,test
random,33,500,7497,test
random,33,500,9620,test
random,33,500,12611,test
random,33,500,1555,test
random,33,500,6995,test
random,33,500,5910,test
random,33,500,2066,test
random,33,500,9945,test
random,33,500,10166,test
random,33,500,8823,test
random,33,500,12929,test
random,33,500,12731,test
random,33,500,5839,test
random,33,500,27,test
random,33,500,11140,test
random,33,500,501,test
random,33,500,7418,test
random,33,500,6870,test
random,33,500,6784,test
random,33,500,4558,test
random,33,500,14160,test
random,33,500,3300,test
random,33,500,9518,test
random,33,500,5205,test
random,33,500,8513,test
random,33,500,14792,test
random,33,500,4161,test
random,33,500,7407,test
random,33,500,706,test
random,33,500,11455,test
random,33,500,1859,test
random,33,500,12477,test
random,33,500,6822,test
random,33,500,5767,test
random,33,500,6233,test
random,33,500,3060,test
random,33,500,7238,test
random,33,500,1158,test
random,33,500,12808,test
random,33,500,3839,test
random,33,500,1139,test
random,33,500,113,test
random,33,500,11594,test
random,33,500,6487,test
random,33,500,1357,test
random,33,500,14085,test
random,33,500,10230,test
random,33,500,13191,test
random,33,500,11874,test
random,33,500,8481,test
random,33,500,2908,test
random,33,500,12042,test
random,33,500,6424,test
random,33,500,1997,test
random,33,500,4525,test
random,33,500,7355,test
random,33,500,5645,test
random,33,500,4872,test
random,33,500,2708,test
random,33,500,4061,test
random,33,500,11108,test
random,33,500,8933,test
random,33,500,11723,test
random,33,500,15098,test
random,33,500,8438,test
random,33,500,7176,test
random,33,500,13554,test
random,33,500,14176,test
random,33,500,13983,test
random,33,500,1744,test
random,33,500,11834,test
random,33,500,111,test
random,33,500,6156,test
random,33,500,11338,test
random,33,500,11607,test
random,33,500,11907,test
random,33,500,4563,test
random,33,500,2599,test
random,33,500,5208,test
random,33,500,4091,test
random,33,500,2634,test
random,33,500,4754,test
random,33,500,3398,test
random,33,500,9619,test
random,33,500,5723,test
random,33,500,11473,test
random,33,500,5082,test
random,33,500,7395,test
random,33,500,12628,test
random,33,500,1813,test
random,33,500,11599,test
random,33,500,14607,test
random,33,500,3967,test
random,33,500,2030,test
random,33,500,1104,test
random,33,500,13150,test
random,33,500,7564,test
random,33,500,1824,test
random,33,500,2770,test
random,33,500,1977,test
random,33,500,13798,test
random,33,500,3791,test
random,33,500,1799,test
random,33,500,12038,test
random,33,500,1702,test
random,33,500,6861,test
random,33,500,7416,test
random,33,500,10310,test
random,33,500,3386,test
random,33,500,13547,test
random,33,500,13837,test
random,33,500,961,test
random,33,500,11531,test
random,33,500,11017,test
random,33,500,5030,test
random,33,500,11596,test
random,33,500,3027,test
random,33,500,15235,test
random,33,500,11014,test
random,33,500,3425,test
random,33,500,5136,test
random,33,500,3609,test
random,33,500,2868,test
random,33,500,6745,test
random,33,500,13679,test
random,33,500,13923,test
random,33,500,3454,test
random,33,500,10676,test
random,33,500,5121,test
random,33,500,13511,test
random,33,500,15056,test
random,33,500,5417,test
random,33,500,7308,test
random,33,500,10822,test
random,33,500,11356,test
random,33,500,2961,test
random,33,500,7156,test
random,33,500,5742,test
random,33,500,783,test
random,33,500,13029,test
random,33,500,2083,test
random,33,500,8796,test
random,33,500,3579,test
random,33,500,8759,test
random,33,500,3736,test
random,33,500,11919,test
random,33,500,12312,test
random,33,500,8633,test
random,33,500,8419,test
random,33,500,12607,test
random,33,500,5445,test
random,33,500,1189,test
random,33,500,3306,test
random,33,500,13918,test
random,33,500,7230,test
random,33,500,2033,test
random,33,500,12404,test
random,33,500,5536,test
random,33,500,2012,test
random,33,500,11408,test
random,33,500,847,test
random,33,500,3895,test
random,33,500,14145,test
random,33,500,6068,test
random,33,500,5735,test
random,33,500,4271,test
random,33,500,3505,test
random,33,500,1399,test
random,33,500,1466,test
random,33,500,13909,test
random,33,500,9342,test
random,33,500,8639,test
random,33,500,12878,test
random,33,500,6786,test
random,33,500,14558,test
random,33,500,6776,test
random,33,500,11076,test
random,33,500,6874,test
random,33,500,4407,test
random,33,500,7890,test
random,33,500,12942,test
random,33,500,2167,test
random,33,500,10913,test
random,33,500,7744,test
random,33,500,2602,test
random,33,500,7755,test
random,33,500,13325,test
random,33,500,11478,test
random,33,500,8267,test
random,33,500,4744,test
random,33,500,14832,test
random,33,500,766,test
random,33,500,10701,test
random,33,500,14188,test
random,33,500,6330,test
random,33,500,8159,test
random,33,500,5123,test
random,33,500,14986,test
random,33,500,14758,test
random,33,500,6961,test
random,33,500,57,test
random,33,500,14426,test
random,33,500,9695,test
random,33,500,14156,test
random,33,500,7146,test
random,33,500,6032,test
random,33,500,12354,test
random,33,500,4804,test
random,33,500,7962,test
random,33,500,2827,test
random,33,500,6952,test
random,33,500,14208,test
random,33,500,10324,test
random,33,500,4021,test
random,33,500,1410,test
random,33,500,10829,test
random,33,500,2040,test
random,33,500,13094,test
random,33,500,13539,test
random,33,500,1354,test
random,33,500,2569,test
random,33,500,7512,test
random,33,500,11423,test
random,33,500,7457,test
random,33,500,630,test
random,33,500,2496,test
random,33,500,1501,test
random,33,500,11071,test
random,33,500,13746,test
random,33,500,4184,test
random,33,500,7880,test
random,33,500,1906,test
random,33,500,1515,test
random,33,500,12593,test
random,33,500,2929,test
random,33,500,1312,test
random,33,500,397,test
random,33,500,2797,test
random,33,500,7173,test
random,33,500,8090,test
random,33,500,11322,test
random,33,500,4291,test
random,33,500,6577,test
random,33,500,8960,test
random,33,500,8308,test
random,33,500,12395,test
random,33,500,7731,test
random,33,500,7003,test
random,33,500,3227,test
random,33,500,3490,test
random,33,500,9379,test
random,33,500,11986,test
random,33,500,2123,test
random,33,500,3120,test
random,33,500,7830,test
random,33,500,8987,test
random,33,500,1901,test
random,33,500,3285,test
random,33,500,990,test
random,33,500,4283,test
random,33,500,12550,test
random,33,500,6627,test
random,33,500,14404,test
random,33,500,15203,test
random,33,500,14380,test
random,33,500,11631,test
random,33,500,2984,test
random,33,500,11751,test
random,33,500,12531,test
random,33,500,2096,test
random,33,500,53,test
random,33,500,6698,test
random,33,500,13893,test
random,33,500,4824,test
random,33,500,10033,test
random,33,500,14600,test
random,33,500,13871,test
random,33,500,11700,test
random,33,500,4163,test
random,33,500,4799,test
random,33,500,4245,test
random,33,500,7682,test
random,33,500,10311,test
random,33,500,1565,test
random,33,500,1887,test
random,33,500,9717,test
random,33,500,13808,test
random,33,500,6520,test
random,33,500,10326,test
random,33,500,7578,test
random,33,500,13118,test
random,33,500,9792,test
random,33,500,10357,test
random,33,500,2624,test
random,33,500,13243,test
random,33,500,13537,test
random,33,500,10141,test
random,33,500,11232,test
random,33,500,14190,test
random,33,500,6607,test
random,33,500,12254,test
random,33,500,7869,test
random,33,500,11224,test
random,33,500,311,test
random,33,500,8938,test
random,33,500,8896,test
random,33,500,11690,test
random,33,500,5497,test
random,33,500,99,test
random,33,500,8604,test
random,33,500,6015,test
random,33,500,4594,test
random,33,500,12164,test
random,33,500,10863,test
random,33,500,14852,test
random,33,500,251,test
random,33,500,790,test
random,33,500,9137,test
random,33,500,1136,test
random,33,500,7728,test
random,33,500,7795,test
random,33,500,3346,test
random,33,500,566,test
random,33,500,2006,test
random,33,500,109,test
random,33,500,806,test
random,33,500,1247,test
random,33,500,5945,test
random,33,500,8814,test
random,33,500,14652,test
random,33,500,4955,test
random,33,500,8302,test
random,33,500,11418,test
random,33,500,14732,test
random,33,500,9994,test
random,33,500,2138,test
random,33,500,8299,test
random,33,500,3647,test
random,33,500,9247,test
random,33,500,13065,test
random,33,500,11069,test
random,33,500,949,test
random,33,500,13498,test
random,33,500,3946,test
random,33,500,13739,test
random,33,500,10385,test
random,33,500,13123,test
random,33,500,3047,test
random,33,500,10377,test
random,33,500,14311,test
random,33,500,6270,test
random,33,500,11604,test
random,33,500,10263,test
random,33,500,13327,test
random,33,500,10070,test
random,33,500,2955,test
random,33,500,3719,test
random,33,500,11952,test
random,33,500,1107,test
random,33,500,7582,test
random,33,500,2024,test
random,33,500,2478,test
random,33,500,14835,test
random,33,500,5275,test
random,33,500,702,test
random,33,500,13446,test
random,33,500,13548,test
random,33,500,3148,test
random,33,500,2023,test
random,33,500,15129,test
random,33,500,12612,test
random,33,500,13198,test
random,33,500,1812,test
random,33,500,12706,test
random,33,500,11611,test
random,33,500,1609,test
random,33,500,4736,test
random,33,500,15084,test
random,33,500,9051,test
random,33,500,6415,test
random,33,500,14959,test
random,33,500,14486,test
random,33,500,4373,test
random,33,500,13636,test
random,33,500,5787,test
random,33,500,3710,test
random,33,500,2114,test
random,33,500,12213,test
random,33,500,1438,test
random,33,500,1224,test
random,33,500,10029,test
random,33,500,12971,test
random,33,500,6157,test
random,33,500,11435,test
random,33,500,14224,test
random,33,500,5527,test
random,33,500,4327,test
random,33,500,456,test
random,33,500,4612,test
random,33,500,14634,test
random,33,500,11902,test
random,33,500,3054,test
random,33,500,13352,test
random,33,500,13351,test
random,33,500,9811,test
random,33,500,5151,test
random,33,500,1174,test
random,33,500,570,test
random,33,500,3568,test
random,33,500,8605,test
random,33,500,14521,test
random,33,500,3065,test
random,33,500,9074,test
random,33,500,13517,test
random,33,500,7387,test
random,33,500,6227,test
random,33,500,2162,test
random,33,500,14489,test
random,33,500,11034,test
random,33,500,4632,test
random,33,500,8119,test
random,33,500,4981,test
random,33,500,12889,test
random,33,500,14823,test
random,33,500,11262,test
random,33,500,8330,test
random,33,500,14788,test
random,33,500,7477,test
random,33,500,12613,test
random,33,500,10426,test
random,33,500,10510,test
random,33,500,9581,test
random,33,500,4598,test
random,33,500,8816,test
random,33,500,10476,test
random,33,500,11547,test
random,33,500,4501,test
random,33,500,1152,test
random,33,500,1298,test
random,33,500,14177,test
random,33,500,9830,test
random,33,500,2387,test
random,33,500,10699,test
random,33,500,8118,test
random,33,500,1803,test
random,33,500,10817,test
random,33,500,12530,test
random,33,500,732,test
random,33,500,7371,test
random,33,500,4062,test
random,33,500,10787,test
random,33,500,13939,test
random,33,500,9067,test
random,33,500,6112,test
random,33,500,1412,test
random,33,500,12436,test
random,33,500,2499,test
random,33,500,6980,test
random,33,500,3162,test
random,33,500,8434,test
random,33,500,7500,test
random,33,500,1893,test
random,33,500,2374,test
random,33,500,11841,test
random,33,500,14452,test
random,33,500,9405,test
random,33,500,4242,test
random,33,500,15036,test
random,33,500,2388,test
random,33,500,1058,test
random,33,500,10521,test
random,33,500,2526,test
random,33,500,2647,test
random,33,500,6978,test
random,33,500,8921,test
random,33,500,3234,test
random,33,500,4663,test
random,33,500,906,test
random,33,500,20,test
random,33,500,6188,test
random,33,500,10523,test
random,33,500,2154,test
random,33,500,1877,test
random,33,500,8775,test
random,33,500,1342,test
random,33,500,14945,test
random,33,500,4057,test
random,33,500,2778,test
random,33,500,10022,test
random,33,500,2296,test
random,33,500,12637,test
random,33,500,10954,test
random,33,500,9750,test
random,33,500,2762,test
random,33,500,9238,test
random,33,500,6622,test
random,33,500,1504,test
random,33,500,416,test
random,33,500,3405,test
random,33,500,13022,test
random,33,500,10164,test
random,33,500,13390,test
random,33,500,2632,test
random,33,500,10337,test
random,33,500,10425,test
random,33,500,3888,test
random,33,500,1848,test
random,33,500,12754,test
random,33,500,4362,test
random,33,500,13032,test
random,33,500,12947,test
random,33,500,320,test
random,33,500,674,test
random,33,500,8706,test
random,33,500,13304,test
random,33,500,13170,test
random,33,500,10197,test
random,33,500,14516,test
random,33,500,5359,test
random,33,500,3689,test
random,33,500,4698,test
random,33,500,7873,test
random,33,500,12132,test
random,33,500,11615,test
random,33,500,8744,test
random,33,500,1001,test
random,33,500,10486,test
random,33,500,4860,test
random,33,500,597,test
random,33,500,4615,test
random,33,500,14892,test
random,33,500,9164,test
random,33,500,3595,test
random,33,500,6176,test
random,33,500,4616,test
random,33,500,11488,test
random,33,500,11161,test
random,33,500,3484,test
random,33,500,7056,test
random,33,500,10248,test
random,33,500,9429,test
random,33,500,1465,test
random,33,500,12785,test
random,33,500,7484,test
random,33,500,1109,test
random,33,500,12263,test
random,33,500,9997,test
random,33,500,10061,test
random,33,500,11055,test
random,33,500,11591,test
random,33,500,11861,test
random,33,500,15192,test
random,33,500,747,test
random,33,500,14078,test
random,33,500,10383,test
random,33,500,7632,test
random,33,500,10864,test
random,33,500,5091,test
random,33,500,11854,test
random,33,500,13148,test
random,33,500,8339,test
random,33,500,4515,test
random,33,500,6718,test
random,33,500,9144,test
random,33,500,13188,test
random,33,500,2623,test
random,33,500,4718,test
random,33,500,5682,test
random,33,500,9703,test
random,33,500,758,test
random,33,500,2063,test
random,33,500,7943,test
random,33,500,7365,test
random,33,500,11277,test
random,33,500,10900,test
random,33,500,9655,test
random,33,500,1908,test
random,33,500,10042,test
random,33,500,5714,test
random,33,500,4781,test
random,33,500,10187,test
random,33,500,14811,test
random,33,500,10085,test
random,33,500,10450,test
random,33,500,11779,test
random,33,500,8584,test
random,33,500,9735,test
random,33,500,13969,test
random,33,500,1237,test
random,33,500,10595,test
random,33,500,4463,test
random,33,500,12646,test
random,33,500,388,test
random,33,500,8753,test
random,33,500,14247,test
random,33,500,5242,test
random,33,500,4610,test
random,33,500,14183,test
random,33,500,3771,test
random,33,500,1698,test
random,33,500,6315,test
random,33,500,9711,test
random,33,500,15002,test
random,33,500,14846,test
random,33,500,1201,test
random,33,500,530,test
random,33,500,2813,test
random,33,500,6979,test
random,33,500,2551,test
random,33,500,7811,test
random,33,500,11139,test
random,33,500,7469,test
random,33,500,6189,test
random,33,500,4420,test
random,33,500,1719,test
random,33,500,11798,test
random,33,500,8575,test
random,33,500,6612,test
random,33,500,10030,test
random,33,500,6498,test
random,33,500,8245,test
random,33,500,4084,test
random,33,500,8203,test
random,33,500,3453,test
random,33,500,14401,test
random,33,500,5034,test
random,33,500,818,test
random,33,500,4146,test
random,33,500,1492,test
random,33,500,1993,test
random,33,500,1667,test
random,33,500,4280,test
random,33,500,9667,test
random,33,500,4788,test
random,33,500,3105,test
random,33,500,12888,test
random,33,500,11415,test
random,33,500,14022,test
random,33,500,5575,test
random,33,500,7938,test
random,33,500,3042,test
random,33,500,10942,test
random,33,500,6322,test
random,33,500,8714,test
random,33,500,10064,test
random,33,500,13405,test
random,33,500,12115,test
random,33,500,3231,test
random,33,500,1760,test
random,33,500,3140,test
random,33,500,14057,test
random,33,500,10234,test
random,33,500,13865,test
random,33,500,11905,test
random,33,500,7918,test
random,33,500,6710,test
random,33,500,3166,test
random,33,500,2694,test
random,33,500,8380,test
random,33,500,2500,test
random,33,500,14353,test
random,33,500,13201,test
random,33,500,3104,test
random,33,500,9345,test
random,33,500,6848,test
random,33,500,6524,test
random,33,500,13298,test
random,33,500,9947,test
random,33,500,2878,test
random,33,500,14464,test
random,33,500,11670,test
random,33,500,3431,test
random,33,500,12443,test
random,33,500,5719,test
random,33,500,13314,test
random,33,500,4408,test
random,33,500,12419,test
random,33,500,10229,test
random,33,500,14126,test
random,33,500,7026,test
random,33,500,11230,test
random,33,500,2326,test
random,33,500,3125,test
random,33,500,9846,test
random,33,500,3274,test
random,33,500,5561,test
random,33,500,8282,test
random,33,500,3863,test
random,33,500,11360,test
random,33,500,13093,test
random,33,500,3070,test
random,33,500,14014,test
random,33,500,13833,test
random,33,500,10981,test
random,33,500,8693,test
random,33,500,12649,test
random,33,500,568,test
random,33,500,5937,test
random,33,500,8117,test
random,33,500,14191,test
random,33,500,10130,test
random,33,500,8265,test
random,33,500,12681,test
random,33,500,13110,test
random,33,500,13846,test
random,33,500,12743,test
random,33,500,2821,test
random,33,500,1479,test
random,33,500,3572,test
random,33,500,12729,test
random,33,500,11885,test
random,33,500,14839,test
random,33,500,3310,test
random,33,500,8894,test
random,33,500,10012,test
random,33,500,272,test
random,33,500,12399,test
random,33,500,4431,test
random,33,500,12980,test
random,33,500,4461,test
random,33,500,8033,test
random,33,500,13402,test
random,33,500,6825,test
random,33,500,10080,test
random,33,500,14842,test
random,33,500,12476,test
random,33,500,10805,test
random,33,500,8802,test
random,33,500,8332,test
random,33,500,6638,test
random,33,500,9757,test
random,33,500,11527,test
random,33,500,7328,test
random,33,500,13599,test
random,33,500,2028,test
random,33,500,2490,test
random,33,500,14888,test
random,33,500,13381,test
random,33,500,12460,test
random,33,500,7697,test
random,33,500,2064,test
random,33,500,10824,test
random,33,500,10018,test
random,33,500,15067,test
random,33,500,6528,test
random,33,500,4168,test
random,33,500,4052,test
random,33,500,1710,test
random,33,500,8486,test
random,33,500,10395,test
random,33,500,10777,test
random,33,500,11946,test
random,33,500,3089,test
random,33,500,7254,test
random,33,500,6596,test
random,33,500,13374,test
random,33,500,12949,test
random,33,500,9027,test
random,33,500,6116,test
random,33,500,10512,test
random,33,500,13732,test
random,33,500,1082,test
random,33,500,14559,test
random,33,500,13367,test
random,33,500,4999,test
random,33,500,4687,test
random,33,500,5141,test
random,33,500,13203,test
random,33,500,11257,test
random,33,500,6100,test
random,33,500,12400,test
random,33,500,2513,test
random,33,500,9100,test
random,33,500,5444,test
random,33,500,2759,test
random,33,500,2761,test
random,33,500,2529,test
random,33,500,1430,test
random,33,500,14261,test
random,33,500,2722,test
random,33,500,3008,test
random,33,500,3146,test
random,33,500,7282,test
random,33,500,9210,test
random,33,500,12964,test
random,33,500,1672,test
random,33,500,14102,test
random,33,500,1360,test
random,33,500,480,test
random,33,500,419,test
random,33,500,3355,test
random,33,500,12588,test
random,33,500,2273,test
random,33,500,13784,test
random,33,500,10584,test
random,33,500,7871,test
random,33,500,6241,test
random,33,500,855,test
random,33,500,1429,test
random,33,500,7780,test
random,33,500,3282,test
random,33,500,12192,test
random,33,500,6482,test
random,33,500,810,test
random,33,500,2852,test
random,33,500,1686,test
random,33,500,6581,test
random,33,500,4197,test
random,33,500,9748,test
random,33,500,3126,test
random,33,500,5633,test
random,33,500,7911,test
random,33,500,4725,test
random,33,500,1604,test
random,33,500,9149,test
random,33,500,2158,test
random,33,500,8281,test
random,33,500,13562,test
random,33,500,13611,test
random,33,500,7752,test
random,33,500,3307,test
random,33,500,9145,test
random,33,500,7417,test
random,33,500,1689,test
random,33,500,6760,test
random,33,500,2654,test
random,33,500,12507,test
random,33,500,13504,test
random,33,500,12153,test
random,33,500,4992,test
random,33,500,14964,test
random,33,500,11890,test
random,33,500,2748,test
random,33,500,10776,test
random,33,500,5209,test
random,33,500,14797,test
random,33,500,1892,test
random,33,500,2201,test
random,33,500,10944,test
random,33,500,13429,test
random,33,500,7095,test
random,33,500,9701,test
random,33,500,10278,test
random,33,500,11689,test
random,33,500,13734,test
random,33,500,8469,test
random,33,500,7498,test
random,33,500,621,test
random,33,500,7398,test
random,33,500,749,test
random,33,500,13716,test
random,33,500,4155,test
random,33,500,11994,test
random,33,500,1876,test
random,33,500,9693,test
random,33,500,10028,test
random,33,500,9529,test
random,33,500,10470,test
random,33,500,2603,test
random,33,500,14756,test
random,33,500,9277,test
random,33,500,2815,test
random,33,500,6124,test
random,33,500,524,test
random,33,500,2038,test
random,33,500,690,test
random,33,500,3185,test
random,33,500,7922,test
random,33,500,1378,test
random,33,500,68,test
random,33,500,13408,test
random,33,500,4232,test
random,33,500,9383,test
random,33,500,7244,test
random,33,500,11625,test
random,33,500,6060,test
random,33,500,1749,test
random,33,500,4066,test
random,33,500,11781,test
random,33,500,4916,test
random,33,500,9584,test
random,33,500,6084,test
random,33,500,12791,test
random,33,500,13605,test
random,33,500,4354,test
random,33,500,12427,test
random,33,500,12165,test
random,33,500,7257,test
random,33,500,3986,test
random,33,500,7493,test
random,33,500,2971,test
random,33,500,1446,test
random,33,500,11432,test
random,33,500,7066,test
random,33,500,13580,test
random,33,500,953,test
random,33,500,15133,test
random,33,500,7509,test
random,33,500,3091,test
random,33,500,1458,test
random,33,500,11468,test
random,33,500,939,test
random,33,500,3596,test
random,33,500,10372,test
random,33,500,2724,test
random,33,500,3646,test
random,33,500,2972,test
random,33,500,3301,test
random,33,500,4631,test
random,33,500,7055,test
random,33,500,9063,test
random,33,500,14928,test
random,33,500,6456,test
random,33,500,2087,test
random,33,500,1468,test
random,33,500,1014,test
random,33,500,3447,test
random,33,500,5758,test
random,33,500,10281,test
random,33,500,9713,test
random,33,500,2128,test
random,33,500,44,test
random,33,500,2093,test
random,33,500,11512,test
random,33,500,12864,test
random,33,500,6912,test
random,33,500,13755,test
random,33,500,4215,test
random,33,500,6067,test
random,33,500,10010,test
random,33,500,14722,test
random,33,500,11927,test
random,33,500,11120,test
random,33,500,1278,test
random,33,500,11707,test
random,33,500,12519,test
random,33,500,6185,test
random,33,500,10926,test
random,33,500,14999,test
random,33,500,8363,test
random,33,500,2223,test
random,33,500,1396,test
random,33,500,12687,test
random,33,500,10984,test
random,33,500,3128,test
random,33,500,14629,test
random,33,500,5380,test
random,33,500,12363,test
random,33,500,11849,test
random,33,500,12727,test
random,33,500,11656,test
random,33,500,6913,test
random,33,500,82,test
random,33,500,8878,test
random,33,500,5884,test
random,33,500,5477,test
random,33,500,8012,test
random,33,500,13400,test
random,33,500,2556,test
random,33,500,10082,test
random,33,500,5285,test
random,33,500,5005,test
random,33,500,15050,test
random,33,500,399,test
random,33,500,13594,test
random,33,500,6890,test
random,33,500,487,test
random,33,500,9073,test
random,33,500,8157,test
random,33,500,14044,test
random,33,500,6521,test
random,33,500,6354,test
random,33,500,5797,test
random,33,500,12018,test
random,33,500,13704,test
random,33,500,5366,test
random,33,500,13724,test
random,33,500,14556,test
random,33,500,4134,test
random,33,500,2609,test
random,33,500,14293,test
random,33,500,12802,test
random,33,500,14049,test
random,33,500,7925,test
random,33,500,10610,test
random,33,500,8416,test
random,33,500,4924,test
random,33,500,5923,test
random,33,500,13043,test
random,33,500,6579,test
random,33,500,14873,test
random,33,500,8191,test
random,33,500,14582,test
random,33,500,3080,test
random,33,500,11309,test
random,33,500,5814,test
random,33,500,2429,test
random,33,500,10214,test
random,33,500,9239,test
random,33,500,4487,test
random,33,500,3552,test
random,33,500,9065,test
random,33,500,6146,test
random,33,500,11507,test
random,33,500,8178,test
random,33,500,941,test
random,33,500,8616,test
random,33,500,6031,test
random,33,500,4071,test
random,33,500,7492,test
random,33,500,5913,test
random,33,500,10565,test
random,33,500,6645,test
random,33,500,15204,test
random,33,500,714,test
random,33,500,12777,test
random,33,500,10555,test
random,33,500,12856,test
random,33,500,6582,test
random,33,500,6374,test
random,33,500,8417,test
random,33,500,7217,test
random,33,500,7793,test
random,33,500,4319,test
random,33,500,10493,test
random,33,500,1198,test
random,33,500,4534,test
random,33,500,7983,test
random,33,500,3182,test
random,33,500,6272,test
random,33,500,1690,test
random,33,500,6234,test
random,33,500,3831,test
random,33,500,13538,test
random,33,500,5258,test
random,33,500,15183,test
random,33,500,12085,test
random,33,500,12302,test
random,33,500,4590,test
random,33,500,5760,test
random,33,500,10594,test
random,33,500,4222,test
random,33,500,13354,test
random,33,500,15176,test
random,33,500,10730,test
random,33,500,10860,test
random,33,500,2337,test
random,33,500,10453,test
random,33,500,14586,test
random,33,500,8466,test
random,33,500,2417,test
random,33,500,5566,test
random,33,500,13990,test
random,33,500,8064,test
random,33,500,1936,test
random,33,500,14968,test
random,33,500,8603,test
random,33,500,4096,test
random,33,500,10960,test
random,33,500,4059,test
random,33,500,11334,test
random,33,500,2257,test
random,33,500,3108,test
random,33,500,12220,test
random,33,500,8505,test
random,33,500,482,test
random,33,500,12870,test
random,33,500,5810,test
random,33,500,3619,test
random,33,500,3028,test
random,33,500,2508,test
random,33,500,9069,test
random,33,500,9995,test
random,33,500,13586,test
random,33,500,9582,test
random,33,500,1269,test
random,33,500,8344,test
random,33,500,5374,test
random,33,500,4524,test
random,33,500,2887,test
random,33,500,5916,test
random,33,500,4317,test
random,33,500,2533,test
random,33,500,8999,test
random,33,500,13098,test
random,33,500,10795,test
random,33,500,15226,test
random,33,500,552,test
random,33,500,10552,test
random,33,500,8195,test
random,33,500,4190,test
random,33,500,1413,test
random,33,500,7763,test
random,33,500,13700,test
random,33,500,14411,test
random,33,500,13462,test
random,33,500,8045,test
random,33,500,3795,test
random,33,500,4907,test
random,33,500,7451,test
random,33,500,149,test
random,33,500,3927,test
random,33,500,9726,test
random,33,500,12882,test
random,33,500,5696,test
random,33,500,8550,test
random,33,500,2626,test
random,33,500,1701,test
random,33,500,7169,test
random,33,500,1411,test
random,33,500,5791,test
random,33,500,10201,test
random,33,500,13855,test
random,33,500,14609,test
random,33,500,9180,test
random,33,500,13962,test
random,33,500,7352,test
random,33,500,8358,test
random,33,500,8521,test
random,33,500,7380,test
random,33,500,8167,test
random,33,500,5533,test
random,33,500,10650,test
random,33,500,6117,test
random,33,500,14021,test
random,33,500,10734,test
random,33,500,901,test
random,33,500,15072,test
random,33,500,4795,test
random,33,500,7748,test
random,33,500,12831,test
random,33,500,3434,test
random,33,500,4304,test
random,33,500,7193,test
random,33,500,4476,test
random,33,500,722,test
random,33,500,10897,test
random,33,500,12001,test
random,33,500,8187,test
random,33,500,9412,test
random,33,500,1833,test
random,33,500,2491,test
random,33,500,8385,test
random,33,500,8678,test
random,33,500,7565,test
random,33,500,9550,test
random,33,500,7205,test
random,33,500,14196,test
random,33,500,2687,test
random,33,500,781,test
random,33,500,6868,test
random,33,500,14932,test
random,33,500,4458,test
random,33,500,1472,test
random,33,500,14690,test
random,33,500,13786,test
random,33,500,13942,test
random,33,500,11450,test
random,33,500,421,test
random,33,500,8414,test
random,33,500,2790,test
random,33,500,9233,test
random,33,500,2625,test
random,33,500,11149,test
random,33,500,12487,test
random,33,500,10466,test
random,33,500,4560,test
random,33,500,7947,test
random,33,500,10589,test
random,33,500,3067,test
random,33,500,14241,test
random,33,500,6086,test
random,33,500,2766,test
random,33,500,12796,test
random,33,500,10439,test
random,33,500,1951,test
random,33,500,9542,test
random,33,500,5924,test
random,33,500,7312,test
random,33,500,2953,test
random,33,500,6515,test
random,33,500,13435,test
random,33,500,9762,test
random,33,500,8885,test
random,33,500,8689,test
random,33,500,5707,test
random,33,500,8311,test
random,33,500,9722,test
random,33,500,10703,test
random,33,500,11888,test
random,33,500,8014,test
random,33,500,665,test
random,33,500,10511,test
random,33,500,9769,test
random,33,500,11125,test
random,33,500,10575,test
random,33,500,4613,test
random,33,500,10205,test
random,33,500,10352,test
random,33,500,3866,test
random,33,500,11942,test
random,33,500,8357,test
random,33,500,12246,test
random,33,500,9579,test
random,33,500,8205,test
random,33,500,14359,test
random,33,500,14772,test
random,33,500,8916,test
random,33,500,4051,test
random,33,500,744,test
random,33,500,6243,test
random,33,500,10055,test
random,33,500,14745,test
random,33,500,11038,test
random,33,500,14069,test
random,33,500,8029,test
random,33,500,5448,test
random,33,500,2692,test
random,33,500,2751,test
random,33,500,14499,test
random,33,500,3717,test
random,33,500,1350,test
random,33,500,5206,test
random,33,500,2434,test
random,33,500,5248,test
random,33,500,13506,test
random,33,500,14463,test
random,33,500,3745,test
random,33,500,822,test
random,33,500,9193,test
random,33,500,3748,test
random,33,500,11586,test
random,33,500,9426,test
random,33,500,10958,test
random,33,500,2864,test
random,33,500,4379,test
random,33,500,11859,test
random,33,500,9858,test
random,33,500,10318,test
random,33,500,2277,test
random,33,500,613,test
random,33,500,5246,test
random,33,500,11124,test
random,33,500,7011,test
random,33,500,14907,test
random,33,500,14428,test
random,33,500,13089,test
random,33,500,4863,test
random,33,500,11711,test
random,33,500,14737,test
random,33,500,6927,test
random,33,500,4941,test
random,33,500,6864,test
random,33,500,8273,test
random,33,500,14295,test
random,33,500,11848,test
random,33,500,12239,test
random,33,500,12408,test
random,33,500,802,test
random,33,500,10909,test
random,33,500,12585,test
random,33,500,11065,test
random,33,500,13612,test
random,33,500,8261,test
random,33,500,485,test
random,33,500,8366,test
random,33,500,14229,test
random,33,500,588,test
random,33,500,2245,test
random,33,500,6685,test
random,33,500,1071,test
random,33,500,14498,test
random,33,500,4200,test
random,33,500,13141,test
random,33,500,5718,test
random,33,500,5892,test
random,33,500,3942,test
random,33,500,15104,test
random,33,500,4145,test
